date,weekno,employee_id,name,status
01-04-2022,W 14,Atq -458,Jessie Carrillo,WFO
01-04-2022,W 14,Atq -400,Chad Macias,WFO
01-04-2022,W 14,Atq -437,Dallas Weeks,WFO
01-04-2022,W 14,Atq -369,Greta Horton,WFO
01-04-2022,W 14,Atq -374,Kaley Fitzpatrick,WFO
01-04-2022,W 14,Atq -470,Jovani Pope,WFO
01-04-2022,W 14,Atq -455,Caylee Meadows,WFO
01-04-2022,W 14,Atq -385,Finnegan Gilbert,WFO
01-04-2022,W 14,Atq -387,Konner Henson,WFO
01-04-2022,W 14,Atq -443,Andrew Cummings,WFO
01-04-2022,W 14,Atq -453,Nehemiah Diaz,WFO
01-04-2022,W 14,Atq -376,Dominique Benjamin,WFO
01-04-2022,W 14,Atq -418,Hillary Kirk,WFO
01-04-2022,W 14,Atq -373,Isiah Small,WFO
01-04-2022,W 14,Atq -418,Marquis Wyatt,WFO
01-04-2022,W 14,Atq -414,Titus Andersen,WFO
01-04-2022,W 14,Atq -403,Will Mahoney,WFO
01-04-2022,W 14,Atq -393,Emma Freeman,WFO
01-04-2022,W 14,Atq -367,Briley Orr,WFO
01-04-2022,W 14,Atq -421,Rylee Mullins,WFO
01-04-2022,W 14,Atq -432,Ryann Guerrero,WFO
01-04-2022,W 14,Atq -484,Demarcus Gordon,WFO
01-04-2022,W 14,Atq -428,Ciara Allison,WFO
01-04-2022,W 14,Atq -467,Esperanza Irwin,WFO
01-04-2022,W 14,Atq -396,Karma Reeves,WFO
01-04-2022,W 14,Atq -472,Cristofer Bernard,WFO
01-04-2022,W 14,Atq -412,Tucker Austin,WFO
01-04-2022,W 14,Atq -398,Salvatore Hendrix,WFO
01-04-2022,W 14,Atq -484,Adyson Moyer,WFO
01-04-2022,W 14,Atq -385,Jase Ingram,WFO
01-04-2022,W 14,Atq -456,Adriel Pace,WFO
01-04-2022,W 14,Atq -375,Kenley Marsh,WFO
01-04-2022,W 14,Atq -475,London Kim,WFO
01-04-2022,W 14,Atq -435,Dean Mclaughlin,WFO
01-04-2022,W 14,Atq -348,Weston Horton,WFO
01-04-2022,W 14,Atq -468,Xiomara Ruiz,WFO
01-04-2022,W 14,Atq -368,Macie Callahan,WFO
01-04-2022,W 14,Atq -475,Rey Novak,WFO
01-04-2022,W 14,Atq -375,Hailee Fitzpatrick,WFO
01-04-2022,W 14,Atq -433,Jayce Fuentes,WFO
01-04-2022,W 14,Atq -370,Ella Roth,WFO
01-04-2022,W 14,Atq -423,Rodrigo Price,WFO
01-04-2022,W 14,Atq -438,Miles Fields,WFO
01-04-2022,W 14,Atq -349,Trystan Ortega,WFO
01-04-2022,W 14,Atq -459,Iris Woodard,WFO
01-04-2022,W 14,Atq -419,Faith Hamilton,WFO
01-04-2022,W 14,Atq -446,April Ayers,WFO
01-04-2022,W 14,Atq -334,Boston Morse,WFO
01-04-2022,W 14,Atq -343,Myla Klein,WFO
01-04-2022,W 14,Atq -335,Madelynn Gray,WFO
01-04-2022,W 14,Atq -440,Mckayla Parker,WFO
01-04-2022,W 14,Atq -405,Sofia Solis,WFO
01-04-2022,W 14,Atq -450,Miya Hampton,WFO
01-04-2022,W 14,Atq -467,Cason David,WFO
01-04-2022,W 14,Atq -419,Kaylah Schultz,WFO
01-04-2022,W 14,Atq -335,Tori Shannon,WFO
01-04-2022,W 14,Atq -397,Grace Stone,WFO
01-04-2022,W 14,Atq -404,Ana Little,WFO
01-04-2022,W 14,Atq -436,Phoenix Brady,WFO
01-04-2022,W 14,Atq -441,Loki Lal,WFO
01-04-2022,W 14,Atq -366,Peter Pandey,WFO
01-04-2022,W 14,Atq -438,Mekhi Singleton,WFO
01-04-2022,W 14,Atq -398,Bo Cordova,WFO
01-04-2022,W 14,Atq -411,Nevaeh Waller,WFO
01-04-2022,W 14,Atq -462,Jarvis Singh,WFO
01-04-2022,W 14,Atq -406,Thanos Thakur,WFO
01-04-2022,W 14,Atq -396,Joel Cruz,WFH
01-04-2022,W 14,Atq -443,Lyric Bartlett,WFH
01-04-2022,W 14,Atq -430,Maximus Mckenzie,WFH
01-04-2022,W 14,Atq -382,Gustavo Ritter,WFH
01-04-2022,W 14,Atq -452,Ayanna Atkins,WFH
01-04-2022,W 14,Atq -485,Gregory Carr,WFH
01-04-2022,W 14,Atq -405,Chris Frye,WFH
01-04-2022,W 14,Atq -458,Jessie Carrillo,WO
01-04-2022,W 14,Atq -400,Chad Macias,WO
02-04-2022,W 14,Atq -437,Dallas Weeks,WO
02-04-2022,W 14,Atq -372,Miley Combs,WO
02-04-2022,W 14,Atq -369,Greta Horton,WO
02-04-2022,W 14,Atq -374,Kaley Fitzpatrick,WO
02-04-2022,W 14,Atq -470,Jovani Pope,WO
02-04-2022,W 14,Atq -455,Caylee Meadows,WO
02-04-2022,W 14,Atq -385,Finnegan Gilbert,WO
02-04-2022,W 14,Atq -387,Konner Henson,WO
02-04-2022,W 14,Atq -430,Maximus Mckenzie,WO
02-04-2022,W 14,Atq -443,Andrew Cummings,WO
02-04-2022,W 14,Atq -461,Josh Sharp,WO
02-04-2022,W 14,Atq -453,Nehemiah Diaz,WO
02-04-2022,W 14,Atq -376,Dominique Benjamin,WO
02-04-2022,W 14,Atq -418,Hillary Kirk,WO
02-04-2022,W 14,Atq -373,Isiah Small,WO
02-04-2022,W 14,Atq -382,Gustavo Ritter,WO
02-04-2022,W 14,Atq -408,Nick Orozco,WO
02-04-2022,W 14,Atq -418,Marquis Wyatt,WO
02-04-2022,W 14,Atq -414,Titus Andersen,WO
02-04-2022,W 14,Atq -403,Will Mahoney,WO
02-04-2022,W 14,Atq -393,Emma Freeman,WO
02-04-2022,W 14,Atq -367,Briley Orr,WO
02-04-2022,W 14,Atq -452,Ayanna Atkins,WO
02-04-2022,W 14,Atq -485,Gregory Carr,WO
02-04-2022,W 14,Atq -421,Rylee Mullins,WO
02-04-2022,W 14,Atq -432,Ryann Guerrero,WO
02-04-2022,W 14,Atq -484,Demarcus Gordon,WO
02-04-2022,W 14,Atq -428,Ciara Allison,WO
02-04-2022,W 14,Atq -467,Esperanza Irwin,WO
02-04-2022,W 14,Atq -396,Karma Reeves,WO
02-04-2022,W 14,Atq -472,Cristofer Bernard,WO
02-04-2022,W 14,Atq -412,Tucker Austin,WO
02-04-2022,W 14,Atq -398,Salvatore Hendrix,WO
02-04-2022,W 14,Atq -484,Adyson Moyer,WO
02-04-2022,W 14,Atq -385,Jase Ingram,WO
02-04-2022,W 14,Atq -456,Adriel Pace,WO
02-04-2022,W 14,Atq -375,Kenley Marsh,WO
02-04-2022,W 14,Atq -475,London Kim,WO
02-04-2022,W 14,Atq -405,Chris Frye,WO
02-04-2022,W 14,Atq -426,Roman Colon,WO
02-04-2022,W 14,Atq -331,Jonah Hamilton,WO
02-04-2022,W 14,Atq -435,Dean Mclaughlin,WO
02-04-2022,W 14,Atq -348,Weston Horton,WO
02-04-2022,W 14,Atq -468,Xiomara Ruiz,WO
02-04-2022,W 14,Atq -368,Macie Callahan,WO
02-04-2022,W 14,Atq -475,Rey Novak,WO
02-04-2022,W 14,Atq -375,Hailee Fitzpatrick,WO
02-04-2022,W 14,Atq -433,Jayce Fuentes,WO
02-04-2022,W 14,Atq -370,Ella Roth,WO
02-04-2022,W 14,Atq -423,Rodrigo Price,WO
02-04-2022,W 14,Atq -438,Miles Fields,WO
02-04-2022,W 14,Atq -349,Trystan Ortega,WO
02-04-2022,W 14,Atq -459,Iris Woodard,WO
02-04-2022,W 14,Atq -396,Joel Cruz,WO
02-04-2022,W 14,Atq -393,Janelle Raymond,WO
02-04-2022,W 14,Atq -419,Faith Hamilton,WO
02-04-2022,W 14,Atq -446,April Ayers,WO
02-04-2022,W 14,Atq -334,Boston Morse,WO
02-04-2022,W 14,Atq -343,Myla Klein,WO
02-04-2022,W 14,Atq -335,Madelynn Gray,WO
02-04-2022,W 14,Atq -440,Mckayla Parker,WO
02-04-2022,W 14,Atq -405,Sofia Solis,WO
02-04-2022,W 14,Atq -450,Miya Hampton,WO
02-04-2022,W 14,Atq -467,Cason David,WO
02-04-2022,W 14,Atq -419,Kaylah Schultz,WO
02-04-2022,W 14,Atq -443,Lyric Bartlett,WO
02-04-2022,W 14,Atq -335,Tori Shannon,WO
02-04-2022,W 14,Atq -397,Grace Stone,WO
02-04-2022,W 14,Atq -404,Ana Little,WO
02-04-2022,W 14,Atq -436,Phoenix Brady,WO
02-04-2022,W 14,Atq -441,Loki Lal,WO
02-04-2022,W 14,Atq -366,Peter Pandey,WO
02-04-2022,W 14,Atq -438,Mekhi Singleton,WO
02-04-2022,W 14,Atq -398,Bo Cordova,WO
02-04-2022,W 14,Atq -411,Nevaeh Waller,WO
02-04-2022,W 14,Atq -462,Jarvis Singh,WO
02-04-2022,W 14,Atq -406,Thanos Thakur,WO
02-04-2022,W 15,Atq -472,Cristofer Bernard,WO
02-04-2022,W 15,Atq -412,Tucker Austin,WO
02-04-2022,W 15,Atq -398,Salvatore Hendrix,WO
02-04-2022,W 15,Atq -484,Adyson Moyer,WO
03-04-2022,W 15,Atq -385,Jase Ingram,WO
03-04-2022,W 15,Atq -456,Adriel Pace,WO
03-04-2022,W 15,Atq -375,Kenley Marsh,WO
03-04-2022,W 15,Atq -475,London Kim,WO
03-04-2022,W 15,Atq -405,Chris Frye,WO
03-04-2022,W 15,Atq -426,Roman Colon,WO
03-04-2022,W 15,Atq -331,Jonah Hamilton,WO
03-04-2022,W 15,Atq -435,Dean Mclaughlin,WO
03-04-2022,W 15,Atq -348,Weston Horton,WO
03-04-2022,W 15,Atq -468,Xiomara Ruiz,WO
03-04-2022,W 15,Atq -368,Macie Callahan,WO
03-04-2022,W 15,Atq -475,Rey Novak,WO
03-04-2022,W 15,Atq -375,Hailee Fitzpatrick,WO
03-04-2022,W 15,Atq -433,Jayce Fuentes,WO
03-04-2022,W 15,Atq -370,Ella Roth,WO
03-04-2022,W 15,Atq -423,Rodrigo Price,WO
03-04-2022,W 15,Atq -438,Miles Fields,WO
03-04-2022,W 15,Atq -349,Trystan Ortega,WO
03-04-2022,W 15,Atq -459,Iris Woodard,WO
03-04-2022,W 15,Atq -396,Joel Cruz,WO
03-04-2022,W 15,Atq -393,Janelle Raymond,WO
03-04-2022,W 15,Atq -419,Faith Hamilton,WO
03-04-2022,W 15,Atq -446,April Ayers,WO
03-04-2022,W 15,Atq -334,Boston Morse,WO
03-04-2022,W 15,Atq -343,Myla Klein,WO
03-04-2022,W 15,Atq -335,Madelynn Gray,WO
03-04-2022,W 15,Atq -440,Mckayla Parker,WO
03-04-2022,W 15,Atq -405,Sofia Solis,WO
03-04-2022,W 15,Atq -450,Miya Hampton,WO
03-04-2022,W 15,Atq -467,Cason David,WO
03-04-2022,W 15,Atq -419,Kaylah Schultz,WO
03-04-2022,W 15,Atq -443,Lyric Bartlett,WO
03-04-2022,W 15,Atq -335,Tori Shannon,WO
03-04-2022,W 15,Atq -397,Grace Stone,WO
03-04-2022,W 15,Atq -404,Ana Little,WO
03-04-2022,W 15,Atq -436,Phoenix Brady,WO
03-04-2022,W 15,Atq -441,Loki Lal,WO
03-04-2022,W 15,Atq -366,Peter Pandey,WO
03-04-2022,W 15,Atq -438,Mekhi Singleton,WO
03-04-2022,W 15,Atq -398,Bo Cordova,WO
03-04-2022,W 15,Atq -411,Nevaeh Waller,WO
03-04-2022,W 15,Atq -462,Jarvis Singh,WO
03-04-2022,W 15,Atq -406,Thanos Thakur,WO
03-04-2022,W 15,Atq -458,Jessie Carrillo,WO
03-04-2022,W 15,Atq -400,Chad Macias,WO
03-04-2022,W 15,Atq -437,Dallas Weeks,WO
03-04-2022,W 15,Atq -372,Miley Combs,WO
03-04-2022,W 15,Atq -369,Greta Horton,WO
03-04-2022,W 15,Atq -374,Kaley Fitzpatrick,WO
03-04-2022,W 15,Atq -470,Jovani Pope,WO
03-04-2022,W 15,Atq -455,Caylee Meadows,WO
03-04-2022,W 15,Atq -385,Finnegan Gilbert,WO
03-04-2022,W 15,Atq -387,Konner Henson,WO
03-04-2022,W 15,Atq -430,Maximus Mckenzie,WO
03-04-2022,W 15,Atq -443,Andrew Cummings,WO
03-04-2022,W 15,Atq -461,Josh Sharp,WO
03-04-2022,W 15,Atq -453,Nehemiah Diaz,WO
03-04-2022,W 15,Atq -376,Dominique Benjamin,WO
03-04-2022,W 15,Atq -418,Hillary Kirk,WO
03-04-2022,W 15,Atq -373,Isiah Small,WO
03-04-2022,W 15,Atq -382,Gustavo Ritter,WO
03-04-2022,W 15,Atq -408,Nick Orozco,WO
03-04-2022,W 15,Atq -418,Marquis Wyatt,WO
03-04-2022,W 15,Atq -414,Titus Andersen,WO
03-04-2022,W 15,Atq -403,Will Mahoney,WO
03-04-2022,W 15,Atq -393,Emma Freeman,WO
03-04-2022,W 15,Atq -367,Briley Orr,WO
03-04-2022,W 15,Atq -452,Ayanna Atkins,WO
03-04-2022,W 15,Atq -485,Gregory Carr,WO
03-04-2022,W 15,Atq -421,Rylee Mullins,WO
03-04-2022,W 15,Atq -432,Ryann Guerrero,WO
03-04-2022,W 15,Atq -484,Demarcus Gordon,WO
03-04-2022,W 15,Atq -428,Ciara Allison,WO
03-04-2022,W 15,Atq -467,Esperanza Irwin,WO
03-04-2022,W 15,Atq -396,Karma Reeves,WO
03-04-2022,W 15,Atq -458,Jessie Carrillo,WFO
03-04-2022,W 15,Atq -400,Chad Macias,WFO
03-04-2022,W 15,Atq -437,Dallas Weeks,WFO
03-04-2022,W 15,Atq -372,Miley Combs,WFO
03-04-2022,W 15,Atq -369,Greta Horton,WFO
04-04-2022,W 15,Atq -374,Kaley Fitzpatrick,WFO
04-04-2022,W 15,Atq -470,Jovani Pope,WFO
04-04-2022,W 15,Atq -455,Caylee Meadows,WFO
04-04-2022,W 15,Atq -385,Finnegan Gilbert,WFO
04-04-2022,W 15,Atq -387,Konner Henson,WFO
04-04-2022,W 15,Atq -443,Andrew Cummings,WFO
04-04-2022,W 15,Atq -453,Nehemiah Diaz,WFO
04-04-2022,W 15,Atq -376,Dominique Benjamin,WFO
04-04-2022,W 15,Atq -418,Hillary Kirk,WFO
04-04-2022,W 15,Atq -373,Isiah Small,WFO
04-04-2022,W 15,Atq -408,Nick Orozco,WFO
04-04-2022,W 15,Atq -418,Marquis Wyatt,WFO
04-04-2022,W 15,Atq -414,Titus Andersen,WFO
04-04-2022,W 15,Atq -403,Will Mahoney,WFO
04-04-2022,W 15,Atq -367,Briley Orr,WFO
04-04-2022,W 15,Atq -452,Ayanna Atkins,WFO
04-04-2022,W 15,Atq -421,Rylee Mullins,WFO
04-04-2022,W 15,Atq -432,Ryann Guerrero,WFO
04-04-2022,W 15,Atq -484,Demarcus Gordon,WFO
04-04-2022,W 15,Atq -428,Ciara Allison,WFO
04-04-2022,W 15,Atq -467,Esperanza Irwin,WFO
04-04-2022,W 15,Atq -396,Karma Reeves,WFO
04-04-2022,W 15,Atq -472,Cristofer Bernard,WFO
04-04-2022,W 15,Atq -412,Tucker Austin,WFO
04-04-2022,W 15,Atq -398,Salvatore Hendrix,WFO
04-04-2022,W 15,Atq -484,Adyson Moyer,WFO
04-04-2022,W 15,Atq -456,Adriel Pace,WFO
04-04-2022,W 15,Atq -375,Kenley Marsh,WFO
04-04-2022,W 15,Atq -475,London Kim,WFO
04-04-2022,W 15,Atq -405,Chris Frye,WFO
04-04-2022,W 15,Atq -426,Roman Colon,WFO
04-04-2022,W 15,Atq -435,Dean Mclaughlin,WFO
04-04-2022,W 15,Atq -348,Weston Horton,WFO
04-04-2022,W 15,Atq -468,Xiomara Ruiz,WFO
04-04-2022,W 15,Atq -368,Macie Callahan,WFO
04-04-2022,W 15,Atq -475,Rey Novak,WFO
04-04-2022,W 15,Atq -375,Hailee Fitzpatrick,WFO
04-04-2022,W 15,Atq -433,Jayce Fuentes,WFO
04-04-2022,W 15,Atq -370,Ella Roth,WFO
04-04-2022,W 15,Atq -423,Rodrigo Price,WFO
04-04-2022,W 15,Atq -438,Miles Fields,WFO
04-04-2022,W 15,Atq -349,Trystan Ortega,WFO
04-04-2022,W 15,Atq -459,Iris Woodard,WFO
04-04-2022,W 15,Atq -393,Janelle Raymond,WFO
04-04-2022,W 15,Atq -419,Faith Hamilton,WFO
04-04-2022,W 15,Atq -446,April Ayers,WFO
04-04-2022,W 15,Atq -334,Boston Morse,WFO
04-04-2022,W 15,Atq -343,Myla Klein,WFO
04-04-2022,W 15,Atq -335,Madelynn Gray,WFO
04-04-2022,W 15,Atq -440,Mckayla Parker,WFO
04-04-2022,W 15,Atq -405,Sofia Solis,WFO
04-04-2022,W 15,Atq -450,Miya Hampton,WFO
04-04-2022,W 15,Atq -419,Kaylah Schultz,WFO
04-04-2022,W 15,Atq -443,Lyric Bartlett,WFO
04-04-2022,W 15,Atq -335,Tori Shannon,WFO
04-04-2022,W 15,Atq -397,Grace Stone,WFO
04-04-2022,W 15,Atq -404,Ana Little,WFO
04-04-2022,W 15,Atq -436,Phoenix Brady,WFO
04-04-2022,W 15,Atq -441,Loki Lal,WFO
04-04-2022,W 15,Atq -366,Peter Pandey,WFO
04-04-2022,W 15,Atq -438,Mekhi Singleton,WFO
04-04-2022,W 15,Atq -398,Bo Cordova,WFO
04-04-2022,W 15,Atq -462,Jarvis Singh,WFO
04-04-2022,W 15,Atq -406,Thanos Thakur,WFO
04-04-2022,W 15,Atq -396,Joel Cruz,WFH
04-04-2022,W 15,Atq -411,Nevaeh Waller,WFH
04-04-2022,W 15,Atq -430,Maximus Mckenzie,WFH
04-04-2022,W 15,Atq -382,Gustavo Ritter,WFH
04-04-2022,W 15,Atq -393,Emma Freeman,WFH
04-04-2022,W 15,Atq -485,Gregory Carr,WFH
04-04-2022,W 15,Atq -331,Jonah Hamilton,WFH
04-04-2022,W 15,Atq -458,Jessie Carrillo,WFO
04-04-2022,W 15,Atq -400,Chad Macias,WFO
04-04-2022,W 15,Atq -437,Dallas Weeks,WFO
04-04-2022,W 15,Atq -372,Miley Combs,WFO
04-04-2022,W 15,Atq -369,Greta Horton,WFO
05-04-2022,W 15,Atq -374,Kaley Fitzpatrick,WFO
05-04-2022,W 15,Atq -470,Jovani Pope,WFO
05-04-2022,W 15,Atq -455,Caylee Meadows,WFO
05-04-2022,W 15,Atq -385,Finnegan Gilbert,WFO
05-04-2022,W 15,Atq -387,Konner Henson,WFO
05-04-2022,W 15,Atq -443,Andrew Cummings,WFO
05-04-2022,W 15,Atq -453,Nehemiah Diaz,WFO
05-04-2022,W 15,Atq -376,Dominique Benjamin,WFO
05-04-2022,W 15,Atq -418,Hillary Kirk,WFO
05-04-2022,W 15,Atq -373,Isiah Small,WFO
05-04-2022,W 15,Atq -408,Nick Orozco,WFO
05-04-2022,W 15,Atq -418,Marquis Wyatt,WFO
05-04-2022,W 15,Atq -414,Titus Andersen,WFO
05-04-2022,W 15,Atq -403,Will Mahoney,WFO
05-04-2022,W 15,Atq -367,Briley Orr,WFO
05-04-2022,W 15,Atq -452,Ayanna Atkins,WFO
05-04-2022,W 15,Atq -421,Rylee Mullins,WFO
05-04-2022,W 15,Atq -432,Ryann Guerrero,WFO
05-04-2022,W 15,Atq -484,Demarcus Gordon,WFO
05-04-2022,W 15,Atq -428,Ciara Allison,WFO
05-04-2022,W 15,Atq -467,Esperanza Irwin,WFO
05-04-2022,W 15,Atq -396,Karma Reeves,WFO
05-04-2022,W 15,Atq -472,Cristofer Bernard,WFO
05-04-2022,W 15,Atq -412,Tucker Austin,WFO
05-04-2022,W 15,Atq -398,Salvatore Hendrix,WFO
05-04-2022,W 15,Atq -484,Adyson Moyer,WFO
05-04-2022,W 15,Atq -385,Jase Ingram,WFO
05-04-2022,W 15,Atq -456,Adriel Pace,WFO
05-04-2022,W 15,Atq -375,Kenley Marsh,WFO
05-04-2022,W 15,Atq -475,London Kim,WFO
05-04-2022,W 15,Atq -426,Roman Colon,WFO
05-04-2022,W 15,Atq -435,Dean Mclaughlin,WFO
05-04-2022,W 15,Atq -348,Weston Horton,WFO
05-04-2022,W 15,Atq -468,Xiomara Ruiz,WFO
05-04-2022,W 15,Atq -368,Macie Callahan,WFO
05-04-2022,W 15,Atq -475,Rey Novak,WFO
05-04-2022,W 15,Atq -433,Jayce Fuentes,WFO
05-04-2022,W 15,Atq -370,Ella Roth,WFO
05-04-2022,W 15,Atq -423,Rodrigo Price,WFO
05-04-2022,W 15,Atq -438,Miles Fields,WFO
05-04-2022,W 15,Atq -349,Trystan Ortega,WFO
05-04-2022,W 15,Atq -459,Iris Woodard,WFO
05-04-2022,W 15,Atq -393,Janelle Raymond,WFO
05-04-2022,W 15,Atq -419,Faith Hamilton,WFO
05-04-2022,W 15,Atq -446,April Ayers,WFO
05-04-2022,W 15,Atq -334,Boston Morse,WFO
05-04-2022,W 15,Atq -343,Myla Klein,WFO
05-04-2022,W 15,Atq -335,Madelynn Gray,WFO
05-04-2022,W 15,Atq -440,Mckayla Parker,WFO
05-04-2022,W 15,Atq -405,Sofia Solis,WFO
05-04-2022,W 15,Atq -450,Miya Hampton,WFO
05-04-2022,W 15,Atq -467,Cason David,WFO
05-04-2022,W 15,Atq -419,Kaylah Schultz,WFO
05-04-2022,W 15,Atq -443,Lyric Bartlett,WFO
05-04-2022,W 15,Atq -335,Tori Shannon,WFO
05-04-2022,W 15,Atq -397,Grace Stone,WFO
05-04-2022,W 15,Atq -436,Phoenix Brady,WFO
05-04-2022,W 15,Atq -441,Loki Lal,WFO
05-04-2022,W 15,Atq -366,Peter Pandey,WFO
05-04-2022,W 15,Atq -438,Mekhi Singleton,WFO
05-04-2022,W 15,Atq -398,Bo Cordova,WFO
05-04-2022,W 15,Atq -411,Nevaeh Waller,WFO
05-04-2022,W 15,Atq -462,Jarvis Singh,WFO
05-04-2022,W 15,Atq -406,Thanos Thakur,WFO
05-04-2022,W 15,Atq -396,Joel Cruz,WFH
05-04-2022,W 15,Atq -375,Hailee Fitzpatrick,ML
05-04-2022,W 15,Atq -430,Maximus Mckenzie,WFH
05-04-2022,W 15,Atq -382,Gustavo Ritter,WFH
05-04-2022,W 15,Atq -393,Emma Freeman,WFH
05-04-2022,W 15,Atq -485,Gregory Carr,WFH
05-04-2022,W 15,Atq -405,Chris Frye,WFH
05-04-2022,W 15,Atq -331,Jonah Hamilton,WFH
05-04-2022,W 15,Atq -458,Jessie Carrillo,WFO
05-04-2022,W 15,Atq -437,Dallas Weeks,WFO
05-04-2022,W 15,Atq -372,Miley Combs,WFO
05-04-2022,W 15,Atq -369,Greta Horton,WFO
06-04-2022,W 15,Atq -455,Caylee Meadows,WFO
06-04-2022,W 15,Atq -385,Finnegan Gilbert,WFO
06-04-2022,W 15,Atq -387,Konner Henson,WFO
06-04-2022,W 15,Atq -443,Andrew Cummings,WFO
06-04-2022,W 15,Atq -453,Nehemiah Diaz,WFO
06-04-2022,W 15,Atq -376,Dominique Benjamin,WFO
06-04-2022,W 15,Atq -418,Hillary Kirk,WFO
06-04-2022,W 15,Atq -373,Isiah Small,WFO
06-04-2022,W 15,Atq -408,Nick Orozco,WFO
06-04-2022,W 15,Atq -418,Marquis Wyatt,WFO
06-04-2022,W 15,Atq -414,Titus Andersen,WFO
06-04-2022,W 15,Atq -403,Will Mahoney,WFO
06-04-2022,W 15,Atq -393,Emma Freeman,WFO
06-04-2022,W 15,Atq -367,Briley Orr,WFO
06-04-2022,W 15,Atq -452,Ayanna Atkins,WFO
06-04-2022,W 15,Atq -421,Rylee Mullins,WFO
06-04-2022,W 15,Atq -432,Ryann Guerrero,WFO
06-04-2022,W 15,Atq -484,Demarcus Gordon,WFO
06-04-2022,W 15,Atq -428,Ciara Allison,WFO
06-04-2022,W 15,Atq -467,Esperanza Irwin,WFO
06-04-2022,W 15,Atq -396,Karma Reeves,WFO
06-04-2022,W 15,Atq -472,Cristofer Bernard,WFO
06-04-2022,W 15,Atq -412,Tucker Austin,WFO
06-04-2022,W 15,Atq -398,Salvatore Hendrix,WFO
06-04-2022,W 15,Atq -484,Adyson Moyer,WFO
06-04-2022,W 15,Atq -385,Jase Ingram,WFO
06-04-2022,W 15,Atq -456,Adriel Pace,WFO
06-04-2022,W 15,Atq -375,Kenley Marsh,WFO
06-04-2022,W 15,Atq -475,London Kim,WFO
06-04-2022,W 15,Atq -405,Chris Frye,WFO
06-04-2022,W 15,Atq -426,Roman Colon,WFO
06-04-2022,W 15,Atq -435,Dean Mclaughlin,WFO
06-04-2022,W 15,Atq -348,Weston Horton,WFO
06-04-2022,W 15,Atq -468,Xiomara Ruiz,WFO
06-04-2022,W 15,Atq -368,Macie Callahan,WFO
06-04-2022,W 15,Atq -475,Rey Novak,WFO
06-04-2022,W 15,Atq -375,Hailee Fitzpatrick,WFO
06-04-2022,W 15,Atq -433,Jayce Fuentes,WFO
06-04-2022,W 15,Atq -423,Rodrigo Price,WFO
06-04-2022,W 15,Atq -438,Miles Fields,WFO
06-04-2022,W 15,Atq -349,Trystan Ortega,WFO
06-04-2022,W 15,Atq -459,Iris Woodard,WFO
06-04-2022,W 15,Atq -393,Janelle Raymond,WFO
06-04-2022,W 15,Atq -419,Faith Hamilton,WFO
06-04-2022,W 15,Atq -446,April Ayers,WFO
06-04-2022,W 15,Atq -334,Boston Morse,WFO
06-04-2022,W 15,Atq -343,Myla Klein,WFO
06-04-2022,W 15,Atq -335,Madelynn Gray,WFO
06-04-2022,W 15,Atq -440,Mckayla Parker,WFO
06-04-2022,W 15,Atq -405,Sofia Solis,WFO
06-04-2022,W 15,Atq -450,Miya Hampton,WFO
06-04-2022,W 15,Atq -467,Cason David,WFO
06-04-2022,W 15,Atq -419,Kaylah Schultz,WFO
06-04-2022,W 15,Atq -443,Lyric Bartlett,WFO
06-04-2022,W 15,Atq -335,Tori Shannon,WFO
06-04-2022,W 15,Atq -397,Grace Stone,WFO
06-04-2022,W 15,Atq -436,Phoenix Brady,WFO
06-04-2022,W 15,Atq -441,Loki Lal,WFO
06-04-2022,W 15,Atq -366,Peter Pandey,WFO
06-04-2022,W 15,Atq -438,Mekhi Singleton,WFO
06-04-2022,W 15,Atq -398,Bo Cordova,WFO
06-04-2022,W 15,Atq -411,Nevaeh Waller,WFO
06-04-2022,W 15,Atq -462,Jarvis Singh,WFO
06-04-2022,W 15,Atq -406,Thanos Thakur,WFO
06-04-2022,W 15,Atq -396,Joel Cruz,WFH
06-04-2022,W 15,Atq -331,Jonah Hamilton,PL
06-04-2022,W 15,Atq -404,Ana Little,PL
06-04-2022,W 15,Atq -430,Maximus Mckenzie,WFH
06-04-2022,W 15,Atq -382,Gustavo Ritter,WFH
06-04-2022,W 15,Atq -485,Gregory Carr,WFH
06-04-2022,W 15,Atq -400,Chad Macias,WFO
06-04-2022,W 15,Atq -437,Dallas Weeks,WFO
06-04-2022,W 15,Atq -372,Miley Combs,WFO
06-04-2022,W 15,Atq -369,Greta Horton,WFO
06-04-2022,W 15,Atq -374,Kaley Fitzpatrick,WFO
06-04-2022,W 15,Atq -470,Jovani Pope,WFO
07-04-2022,W 15,Atq -455,Caylee Meadows,WFO
07-04-2022,W 15,Atq -385,Finnegan Gilbert,WFO
07-04-2022,W 15,Atq -387,Konner Henson,WFO
07-04-2022,W 15,Atq -443,Andrew Cummings,WFO
07-04-2022,W 15,Atq -453,Nehemiah Diaz,WFO
07-04-2022,W 15,Atq -376,Dominique Benjamin,WFO
07-04-2022,W 15,Atq -373,Isiah Small,WFO
07-04-2022,W 15,Atq -408,Nick Orozco,WFO
07-04-2022,W 15,Atq -418,Marquis Wyatt,WFO
07-04-2022,W 15,Atq -414,Titus Andersen,WFO
07-04-2022,W 15,Atq -403,Will Mahoney,WFO
07-04-2022,W 15,Atq -393,Emma Freeman,WFO
07-04-2022,W 15,Atq -367,Briley Orr,WFO
07-04-2022,W 15,Atq -421,Rylee Mullins,WFO
07-04-2022,W 15,Atq -484,Demarcus Gordon,WFO
07-04-2022,W 15,Atq -428,Ciara Allison,WFO
07-04-2022,W 15,Atq -467,Esperanza Irwin,WFO
07-04-2022,W 15,Atq -396,Karma Reeves,WFO
07-04-2022,W 15,Atq -472,Cristofer Bernard,WFO
07-04-2022,W 15,Atq -412,Tucker Austin,WFO
07-04-2022,W 15,Atq -398,Salvatore Hendrix,WFO
07-04-2022,W 15,Atq -484,Adyson Moyer,WFO
07-04-2022,W 15,Atq -385,Jase Ingram,WFO
07-04-2022,W 15,Atq -456,Adriel Pace,WFO
07-04-2022,W 15,Atq -375,Kenley Marsh,WFO
07-04-2022,W 15,Atq -475,London Kim,WFO
07-04-2022,W 15,Atq -331,Jonah Hamilton,WFO
07-04-2022,W 15,Atq -435,Dean Mclaughlin,WFO
07-04-2022,W 15,Atq -348,Weston Horton,WFO
07-04-2022,W 15,Atq -468,Xiomara Ruiz,WFO
07-04-2022,W 15,Atq -368,Macie Callahan,WFO
07-04-2022,W 15,Atq -475,Rey Novak,WFO
07-04-2022,W 15,Atq -375,Hailee Fitzpatrick,WFO
07-04-2022,W 15,Atq -433,Jayce Fuentes,WFO
07-04-2022,W 15,Atq -370,Ella Roth,WFO
07-04-2022,W 15,Atq -423,Rodrigo Price,WFO
07-04-2022,W 15,Atq -438,Miles Fields,WFO
07-04-2022,W 15,Atq -349,Trystan Ortega,WFO
07-04-2022,W 15,Atq -459,Iris Woodard,WFO
07-04-2022,W 15,Atq -393,Janelle Raymond,WFO
07-04-2022,W 15,Atq -419,Faith Hamilton,WFO
07-04-2022,W 15,Atq -446,April Ayers,WFO
07-04-2022,W 15,Atq -334,Boston Morse,WFO
07-04-2022,W 15,Atq -343,Myla Klein,WFO
07-04-2022,W 15,Atq -405,Sofia Solis,WFO
07-04-2022,W 15,Atq -467,Cason David,WFO
07-04-2022,W 15,Atq -443,Lyric Bartlett,WFO
07-04-2022,W 15,Atq -335,Tori Shannon,WFO
07-04-2022,W 15,Atq -397,Grace Stone,WFO
07-04-2022,W 15,Atq -436,Phoenix Brady,WFO
07-04-2022,W 15,Atq -441,Loki Lal,WFO
07-04-2022,W 15,Atq -366,Peter Pandey,WFO
07-04-2022,W 15,Atq -438,Mekhi Singleton,WFO
07-04-2022,W 15,Atq -411,Nevaeh Waller,WFO
07-04-2022,W 15,Atq -462,Jarvis Singh,WFO
07-04-2022,W 15,Atq -406,Thanos Thakur,WFO
07-04-2022,W 15,Atq -396,Joel Cruz,WFH
07-04-2022,W 15,Atq -398,Bo Cordova,WFH
07-04-2022,W 15,Atq -452,Ayanna Atkins,ML
07-04-2022,W 15,Atq -440,Mckayla Parker,SL
07-04-2022,W 15,Atq -404,Ana Little,SL
07-04-2022,W 15,Atq -432,Ryann Guerrero,PL
07-04-2022,W 15,Atq -335,Madelynn Gray,PL
07-04-2022,W 15,Atq -419,Kaylah Schultz,PL
07-04-2022,W 15,Atq -430,Maximus Mckenzie,WFH
07-04-2022,W 15,Atq -382,Gustavo Ritter,WFH
07-04-2022,W 15,Atq -485,Gregory Carr,WFH
07-04-2022,W 15,Atq -405,Chris Frye,WFH
07-04-2022,W 15,Atq -458,Jessie Carrillo,WFO
07-04-2022,W 15,Atq -400,Chad Macias,WFO
07-04-2022,W 15,Atq -437,Dallas Weeks,WFO
07-04-2022,W 15,Atq -372,Miley Combs,WFO
07-04-2022,W 15,Atq -374,Kaley Fitzpatrick,WFO
07-04-2022,W 15,Atq -470,Jovani Pope,WFO
08-04-2022,W 15,Atq -455,Caylee Meadows,WFO
08-04-2022,W 15,Atq -385,Finnegan Gilbert,WFO
08-04-2022,W 15,Atq -387,Konner Henson,WFO
08-04-2022,W 15,Atq -443,Andrew Cummings,WFO
08-04-2022,W 15,Atq -453,Nehemiah Diaz,WFO
08-04-2022,W 15,Atq -376,Dominique Benjamin,WFO
08-04-2022,W 15,Atq -418,Hillary Kirk,WFO
08-04-2022,W 15,Atq -373,Isiah Small,WFO
08-04-2022,W 15,Atq -408,Nick Orozco,WFO
08-04-2022,W 15,Atq -418,Marquis Wyatt,WFO
08-04-2022,W 15,Atq -414,Titus Andersen,WFO
08-04-2022,W 15,Atq -403,Will Mahoney,WFO
08-04-2022,W 15,Atq -393,Emma Freeman,WFO
08-04-2022,W 15,Atq -367,Briley Orr,WFO
08-04-2022,W 15,Atq -452,Ayanna Atkins,WFO
08-04-2022,W 15,Atq -421,Rylee Mullins,WFO
08-04-2022,W 15,Atq -432,Ryann Guerrero,WFO
08-04-2022,W 15,Atq -484,Demarcus Gordon,WFO
08-04-2022,W 15,Atq -428,Ciara Allison,WFO
08-04-2022,W 15,Atq -467,Esperanza Irwin,WFO
08-04-2022,W 15,Atq -396,Karma Reeves,WFO
08-04-2022,W 15,Atq -472,Cristofer Bernard,WFO
08-04-2022,W 15,Atq -412,Tucker Austin,WFO
08-04-2022,W 15,Atq -398,Salvatore Hendrix,WFO
08-04-2022,W 15,Atq -484,Adyson Moyer,WFO
08-04-2022,W 15,Atq -385,Jase Ingram,WFO
08-04-2022,W 15,Atq -456,Adriel Pace,WFO
08-04-2022,W 15,Atq -375,Kenley Marsh,WFO
08-04-2022,W 15,Atq -475,London Kim,WFO
08-04-2022,W 15,Atq -405,Chris Frye,WFO
08-04-2022,W 15,Atq -331,Jonah Hamilton,WFO
08-04-2022,W 15,Atq -435,Dean Mclaughlin,WFO
08-04-2022,W 15,Atq -348,Weston Horton,WFO
08-04-2022,W 15,Atq -468,Xiomara Ruiz,WFO
08-04-2022,W 15,Atq -368,Macie Callahan,WFO
08-04-2022,W 15,Atq -475,Rey Novak,WFO
08-04-2022,W 15,Atq -375,Hailee Fitzpatrick,WFO
08-04-2022,W 15,Atq -433,Jayce Fuentes,WFO
08-04-2022,W 15,Atq -370,Ella Roth,WFO
08-04-2022,W 15,Atq -423,Rodrigo Price,WFO
08-04-2022,W 15,Atq -438,Miles Fields,WFO
08-04-2022,W 15,Atq -459,Iris Woodard,WFO
08-04-2022,W 15,Atq -393,Janelle Raymond,WFO
08-04-2022,W 15,Atq -419,Faith Hamilton,WFO
08-04-2022,W 15,Atq -446,April Ayers,WFO
08-04-2022,W 15,Atq -334,Boston Morse,WFO
08-04-2022,W 15,Atq -343,Myla Klein,WFO
08-04-2022,W 15,Atq -335,Madelynn Gray,WFO
08-04-2022,W 15,Atq -440,Mckayla Parker,WFO
08-04-2022,W 15,Atq -405,Sofia Solis,WFO
08-04-2022,W 15,Atq -450,Miya Hampton,WFO
08-04-2022,W 15,Atq -467,Cason David,WFO
08-04-2022,W 15,Atq -419,Kaylah Schultz,WFO
08-04-2022,W 15,Atq -443,Lyric Bartlett,WFO
08-04-2022,W 15,Atq -335,Tori Shannon,WFO
08-04-2022,W 15,Atq -397,Grace Stone,WFO
08-04-2022,W 15,Atq -404,Ana Little,WFO
08-04-2022,W 15,Atq -436,Phoenix Brady,WFO
08-04-2022,W 15,Atq -441,Loki Lal,WFO
08-04-2022,W 15,Atq -366,Peter Pandey,WFO
08-04-2022,W 15,Atq -438,Mekhi Singleton,WFO
08-04-2022,W 15,Atq -411,Nevaeh Waller,WFO
08-04-2022,W 15,Atq -462,Jarvis Singh,WFO
08-04-2022,W 15,Atq -406,Thanos Thakur,WFO
08-04-2022,W 15,Atq -396,Joel Cruz,WFH
08-04-2022,W 15,Atq -398,Bo Cordova,PL
08-04-2022,W 15,Atq -369,Greta Horton,WFH
08-04-2022,W 15,Atq -430,Maximus Mckenzie,WFH
08-04-2022,W 15,Atq -382,Gustavo Ritter,WFH
08-04-2022,W 15,Atq -485,Gregory Carr,WFH
08-04-2022,W 15,Atq -426,Roman Colon,WFH
08-04-2022,W 15,Atq -458,Jessie Carrillo,WO
08-04-2022,W 15,Atq -400,Chad Macias,WO
08-04-2022,W 15,Atq -437,Dallas Weeks,WO
08-04-2022,W 15,Atq -372,Miley Combs,WO
08-04-2022,W 15,Atq -369,Greta Horton,WO
08-04-2022,W 15,Atq -374,Kaley Fitzpatrick,WO
09-04-2022,W 15,Atq -470,Jovani Pope,WO
09-04-2022,W 15,Atq -455,Caylee Meadows,WO
09-04-2022,W 15,Atq -385,Finnegan Gilbert,WO
09-04-2022,W 15,Atq -387,Konner Henson,WO
09-04-2022,W 15,Atq -430,Maximus Mckenzie,WO
09-04-2022,W 15,Atq -443,Andrew Cummings,WO
09-04-2022,W 15,Atq -461,Josh Sharp,WO
09-04-2022,W 15,Atq -453,Nehemiah Diaz,WO
09-04-2022,W 15,Atq -376,Dominique Benjamin,WO
09-04-2022,W 15,Atq -418,Hillary Kirk,WO
09-04-2022,W 15,Atq -373,Isiah Small,WO
09-04-2022,W 15,Atq -382,Gustavo Ritter,WO
09-04-2022,W 15,Atq -408,Nick Orozco,WO
09-04-2022,W 15,Atq -418,Marquis Wyatt,WO
09-04-2022,W 15,Atq -414,Titus Andersen,WO
09-04-2022,W 15,Atq -403,Will Mahoney,WO
09-04-2022,W 15,Atq -393,Emma Freeman,WO
09-04-2022,W 15,Atq -367,Briley Orr,WO
09-04-2022,W 15,Atq -452,Ayanna Atkins,WO
09-04-2022,W 15,Atq -485,Gregory Carr,WO
09-04-2022,W 15,Atq -421,Rylee Mullins,WO
09-04-2022,W 15,Atq -432,Ryann Guerrero,WO
09-04-2022,W 15,Atq -484,Demarcus Gordon,WO
09-04-2022,W 15,Atq -428,Ciara Allison,WO
09-04-2022,W 15,Atq -467,Esperanza Irwin,WO
09-04-2022,W 15,Atq -396,Karma Reeves,WO
09-04-2022,W 15,Atq -472,Cristofer Bernard,WO
09-04-2022,W 15,Atq -412,Tucker Austin,WO
09-04-2022,W 15,Atq -398,Salvatore Hendrix,WO
09-04-2022,W 15,Atq -484,Adyson Moyer,WO
09-04-2022,W 15,Atq -385,Jase Ingram,WO
09-04-2022,W 15,Atq -456,Adriel Pace,WO
09-04-2022,W 15,Atq -375,Kenley Marsh,WO
09-04-2022,W 15,Atq -475,London Kim,WO
09-04-2022,W 15,Atq -405,Chris Frye,WO
09-04-2022,W 15,Atq -426,Roman Colon,WO
09-04-2022,W 15,Atq -331,Jonah Hamilton,WO
09-04-2022,W 15,Atq -435,Dean Mclaughlin,WO
09-04-2022,W 15,Atq -348,Weston Horton,WO
09-04-2022,W 15,Atq -468,Xiomara Ruiz,WO
09-04-2022,W 15,Atq -368,Macie Callahan,WO
09-04-2022,W 15,Atq -475,Rey Novak,WO
09-04-2022,W 15,Atq -375,Hailee Fitzpatrick,WO
09-04-2022,W 15,Atq -433,Jayce Fuentes,WO
09-04-2022,W 15,Atq -370,Ella Roth,WO
09-04-2022,W 15,Atq -423,Rodrigo Price,WO
09-04-2022,W 15,Atq -438,Miles Fields,WO
09-04-2022,W 15,Atq -349,Trystan Ortega,WO
09-04-2022,W 15,Atq -459,Iris Woodard,WO
09-04-2022,W 15,Atq -396,Joel Cruz,WO
09-04-2022,W 15,Atq -393,Janelle Raymond,WO
09-04-2022,W 15,Atq -419,Faith Hamilton,WO
09-04-2022,W 15,Atq -446,April Ayers,WO
09-04-2022,W 15,Atq -334,Boston Morse,WO
09-04-2022,W 15,Atq -343,Myla Klein,WO
09-04-2022,W 15,Atq -335,Madelynn Gray,WO
09-04-2022,W 15,Atq -440,Mckayla Parker,WO
09-04-2022,W 15,Atq -405,Sofia Solis,WO
09-04-2022,W 15,Atq -450,Miya Hampton,WO
09-04-2022,W 15,Atq -467,Cason David,WO
09-04-2022,W 15,Atq -419,Kaylah Schultz,WO
09-04-2022,W 15,Atq -443,Lyric Bartlett,WO
09-04-2022,W 15,Atq -335,Tori Shannon,WO
09-04-2022,W 15,Atq -397,Grace Stone,WO
09-04-2022,W 15,Atq -404,Ana Little,WO
09-04-2022,W 15,Atq -436,Phoenix Brady,WO
09-04-2022,W 15,Atq -441,Loki Lal,WO
09-04-2022,W 15,Atq -366,Peter Pandey,WO
09-04-2022,W 15,Atq -438,Mekhi Singleton,WO
09-04-2022,W 15,Atq -398,Bo Cordova,WO
09-04-2022,W 15,Atq -411,Nevaeh Waller,WO
09-04-2022,W 15,Atq -462,Jarvis Singh,WO
09-04-2022,W 15,Atq -406,Thanos Thakur,WO
09-04-2022,W 16,Atq -458,Jessie Carrillo,WO
09-04-2022,W 16,Atq -400,Chad Macias,WO
09-04-2022,W 16,Atq -437,Dallas Weeks,WO
09-04-2022,W 16,Atq -372,Miley Combs,WO
09-04-2022,W 16,Atq -369,Greta Horton,WO
09-04-2022,W 16,Atq -374,Kaley Fitzpatrick,WO
10-04-2022,W 16,Atq -470,Jovani Pope,WO
10-04-2022,W 16,Atq -455,Caylee Meadows,WO
10-04-2022,W 16,Atq -385,Finnegan Gilbert,WO
10-04-2022,W 16,Atq -387,Konner Henson,WO
10-04-2022,W 16,Atq -430,Maximus Mckenzie,WO
10-04-2022,W 16,Atq -443,Andrew Cummings,WO
10-04-2022,W 16,Atq -461,Josh Sharp,WO
10-04-2022,W 16,Atq -453,Nehemiah Diaz,WO
10-04-2022,W 16,Atq -376,Dominique Benjamin,WO
10-04-2022,W 16,Atq -418,Hillary Kirk,WO
10-04-2022,W 16,Atq -373,Isiah Small,WO
10-04-2022,W 16,Atq -382,Gustavo Ritter,WO
10-04-2022,W 16,Atq -408,Nick Orozco,WO
10-04-2022,W 16,Atq -418,Marquis Wyatt,WO
10-04-2022,W 16,Atq -414,Titus Andersen,WO
10-04-2022,W 16,Atq -403,Will Mahoney,WO
10-04-2022,W 16,Atq -393,Emma Freeman,WO
10-04-2022,W 16,Atq -367,Briley Orr,WO
10-04-2022,W 16,Atq -452,Ayanna Atkins,WO
10-04-2022,W 16,Atq -485,Gregory Carr,WO
10-04-2022,W 16,Atq -421,Rylee Mullins,WO
10-04-2022,W 16,Atq -432,Ryann Guerrero,WO
10-04-2022,W 16,Atq -484,Demarcus Gordon,WO
10-04-2022,W 16,Atq -428,Ciara Allison,WO
10-04-2022,W 16,Atq -467,Esperanza Irwin,WO
10-04-2022,W 16,Atq -396,Karma Reeves,WO
10-04-2022,W 16,Atq -472,Cristofer Bernard,WO
10-04-2022,W 16,Atq -412,Tucker Austin,WO
10-04-2022,W 16,Atq -398,Salvatore Hendrix,WO
10-04-2022,W 16,Atq -484,Adyson Moyer,WO
10-04-2022,W 16,Atq -385,Jase Ingram,WO
10-04-2022,W 16,Atq -456,Adriel Pace,WO
10-04-2022,W 16,Atq -375,Kenley Marsh,WO
10-04-2022,W 16,Atq -475,London Kim,WO
10-04-2022,W 16,Atq -405,Chris Frye,WO
10-04-2022,W 16,Atq -426,Roman Colon,WO
10-04-2022,W 16,Atq -331,Jonah Hamilton,WO
10-04-2022,W 16,Atq -435,Dean Mclaughlin,WO
10-04-2022,W 16,Atq -348,Weston Horton,WO
10-04-2022,W 16,Atq -468,Xiomara Ruiz,WO
10-04-2022,W 16,Atq -368,Macie Callahan,WO
10-04-2022,W 16,Atq -475,Rey Novak,WO
10-04-2022,W 16,Atq -375,Hailee Fitzpatrick,WO
10-04-2022,W 16,Atq -433,Jayce Fuentes,WO
10-04-2022,W 16,Atq -370,Ella Roth,WO
10-04-2022,W 16,Atq -423,Rodrigo Price,WO
10-04-2022,W 16,Atq -438,Miles Fields,WO
10-04-2022,W 16,Atq -349,Trystan Ortega,WO
10-04-2022,W 16,Atq -459,Iris Woodard,WO
10-04-2022,W 16,Atq -396,Joel Cruz,WO
10-04-2022,W 16,Atq -393,Janelle Raymond,WO
10-04-2022,W 16,Atq -419,Faith Hamilton,WO
10-04-2022,W 16,Atq -446,April Ayers,WO
10-04-2022,W 16,Atq -334,Boston Morse,WO
10-04-2022,W 16,Atq -343,Myla Klein,WO
10-04-2022,W 16,Atq -335,Madelynn Gray,WO
10-04-2022,W 16,Atq -440,Mckayla Parker,WO
10-04-2022,W 16,Atq -405,Sofia Solis,WO
10-04-2022,W 16,Atq -450,Miya Hampton,WO
10-04-2022,W 16,Atq -467,Cason David,WO
10-04-2022,W 16,Atq -419,Kaylah Schultz,WO
10-04-2022,W 16,Atq -443,Lyric Bartlett,WO
10-04-2022,W 16,Atq -335,Tori Shannon,WO
10-04-2022,W 16,Atq -397,Grace Stone,WO
10-04-2022,W 16,Atq -404,Ana Little,WO
10-04-2022,W 16,Atq -436,Phoenix Brady,WO
10-04-2022,W 16,Atq -441,Loki Lal,WO
10-04-2022,W 16,Atq -366,Peter Pandey,WO
10-04-2022,W 16,Atq -438,Mekhi Singleton,WO
10-04-2022,W 16,Atq -398,Bo Cordova,WO
10-04-2022,W 16,Atq -411,Nevaeh Waller,WO
10-04-2022,W 16,Atq -462,Jarvis Singh,WO
10-04-2022,W 16,Atq -406,Thanos Thakur,WO
10-04-2022,W 16,Atq -458,Jessie Carrillo,WFO
10-04-2022,W 16,Atq -400,Chad Macias,WFO
10-04-2022,W 16,Atq -437,Dallas Weeks,WFO
10-04-2022,W 16,Atq -372,Miley Combs,WFO
10-04-2022,W 16,Atq -369,Greta Horton,WFO
10-04-2022,W 16,Atq -374,Kaley Fitzpatrick,WFO
11-04-2022,W 16,Atq -470,Jovani Pope,WFO
11-04-2022,W 16,Atq -455,Caylee Meadows,WFO
11-04-2022,W 16,Atq -385,Finnegan Gilbert,WFO
11-04-2022,W 16,Atq -387,Konner Henson,WFO
11-04-2022,W 16,Atq -443,Andrew Cummings,WFO
11-04-2022,W 16,Atq -461,Josh Sharp,WFO
11-04-2022,W 16,Atq -453,Nehemiah Diaz,WFO
11-04-2022,W 16,Atq -376,Dominique Benjamin,WFO
11-04-2022,W 16,Atq -418,Hillary Kirk,WFO
11-04-2022,W 16,Atq -373,Isiah Small,WFO
11-04-2022,W 16,Atq -408,Nick Orozco,WFO
11-04-2022,W 16,Atq -418,Marquis Wyatt,WFO
11-04-2022,W 16,Atq -414,Titus Andersen,WFO
11-04-2022,W 16,Atq -403,Will Mahoney,WFO
11-04-2022,W 16,Atq -393,Emma Freeman,WFO
11-04-2022,W 16,Atq -367,Briley Orr,WFO
11-04-2022,W 16,Atq -452,Ayanna Atkins,WFO
11-04-2022,W 16,Atq -421,Rylee Mullins,WFO
11-04-2022,W 16,Atq -432,Ryann Guerrero,WFO
11-04-2022,W 16,Atq -428,Ciara Allison,WFO
11-04-2022,W 16,Atq -467,Esperanza Irwin,WFO
11-04-2022,W 16,Atq -396,Karma Reeves,WFO
11-04-2022,W 16,Atq -472,Cristofer Bernard,WFO
11-04-2022,W 16,Atq -412,Tucker Austin,WFO
11-04-2022,W 16,Atq -398,Salvatore Hendrix,WFO
11-04-2022,W 16,Atq -484,Adyson Moyer,WFO
11-04-2022,W 16,Atq -385,Jase Ingram,WFO
11-04-2022,W 16,Atq -456,Adriel Pace,WFO
11-04-2022,W 16,Atq -375,Kenley Marsh,WFO
11-04-2022,W 16,Atq -475,London Kim,WFO
11-04-2022,W 16,Atq -405,Chris Frye,WFO
11-04-2022,W 16,Atq -426,Roman Colon,WFO
11-04-2022,W 16,Atq -331,Jonah Hamilton,WFO
11-04-2022,W 16,Atq -435,Dean Mclaughlin,WFO
11-04-2022,W 16,Atq -348,Weston Horton,WFO
11-04-2022,W 16,Atq -468,Xiomara Ruiz,WFO
11-04-2022,W 16,Atq -368,Macie Callahan,WFO
11-04-2022,W 16,Atq -475,Rey Novak,WFO
11-04-2022,W 16,Atq -375,Hailee Fitzpatrick,WFO
11-04-2022,W 16,Atq -433,Jayce Fuentes,WFO
11-04-2022,W 16,Atq -370,Ella Roth,WFO
11-04-2022,W 16,Atq -423,Rodrigo Price,WFO
11-04-2022,W 16,Atq -438,Miles Fields,WFO
11-04-2022,W 16,Atq -349,Trystan Ortega,WFO
11-04-2022,W 16,Atq -459,Iris Woodard,WFO
11-04-2022,W 16,Atq -393,Janelle Raymond,WFO
11-04-2022,W 16,Atq -419,Faith Hamilton,WFO
11-04-2022,W 16,Atq -446,April Ayers,WFO
11-04-2022,W 16,Atq -334,Boston Morse,WFO
11-04-2022,W 16,Atq -343,Myla Klein,WFO
11-04-2022,W 16,Atq -335,Madelynn Gray,WFO
11-04-2022,W 16,Atq -440,Mckayla Parker,WFO
11-04-2022,W 16,Atq -405,Sofia Solis,WFO
11-04-2022,W 16,Atq -450,Miya Hampton,WFO
11-04-2022,W 16,Atq -467,Cason David,WFO
11-04-2022,W 16,Atq -419,Kaylah Schultz,WFO
11-04-2022,W 16,Atq -443,Lyric Bartlett,WFO
11-04-2022,W 16,Atq -335,Tori Shannon,WFO
11-04-2022,W 16,Atq -397,Grace Stone,WFO
11-04-2022,W 16,Atq -404,Ana Little,WFO
11-04-2022,W 16,Atq -436,Phoenix Brady,WFO
11-04-2022,W 16,Atq -441,Loki Lal,WFO
11-04-2022,W 16,Atq -366,Peter Pandey,WFO
11-04-2022,W 16,Atq -438,Mekhi Singleton,WFO
11-04-2022,W 16,Atq -411,Nevaeh Waller,WFO
11-04-2022,W 16,Atq -462,Jarvis Singh,WFO
11-04-2022,W 16,Atq -406,Thanos Thakur,WFO
11-04-2022,W 16,Atq -484,Demarcus Gordon,PL
11-04-2022,W 16,Atq -398,Bo Cordova,PL
11-04-2022,W 16,Atq -430,Maximus Mckenzie,WFH
11-04-2022,W 16,Atq -382,Gustavo Ritter,WFH
11-04-2022,W 16,Atq -485,Gregory Carr,WFH
11-04-2022,W 16,Atq -458,Jessie Carrillo,WFO
11-04-2022,W 16,Atq -400,Chad Macias,WFO
11-04-2022,W 16,Atq -437,Dallas Weeks,WFO
11-04-2022,W 16,Atq -372,Miley Combs,WFO
11-04-2022,W 16,Atq -369,Greta Horton,WFO
11-04-2022,W 16,Atq -374,Kaley Fitzpatrick,WFO
12-04-2022,W 16,Atq -470,Jovani Pope,WFO
12-04-2022,W 16,Atq -455,Caylee Meadows,WFO
12-04-2022,W 16,Atq -385,Finnegan Gilbert,WFO
12-04-2022,W 16,Atq -387,Konner Henson,WFO
12-04-2022,W 16,Atq -443,Andrew Cummings,WFO
12-04-2022,W 16,Atq -461,Josh Sharp,WFO
12-04-2022,W 16,Atq -453,Nehemiah Diaz,WFO
12-04-2022,W 16,Atq -376,Dominique Benjamin,WFO
12-04-2022,W 16,Atq -418,Hillary Kirk,WFO
12-04-2022,W 16,Atq -373,Isiah Small,WFO
12-04-2022,W 16,Atq -408,Nick Orozco,WFO
12-04-2022,W 16,Atq -418,Marquis Wyatt,WFO
12-04-2022,W 16,Atq -414,Titus Andersen,WFO
12-04-2022,W 16,Atq -403,Will Mahoney,WFO
12-04-2022,W 16,Atq -367,Briley Orr,WFO
12-04-2022,W 16,Atq -452,Ayanna Atkins,WFO
12-04-2022,W 16,Atq -421,Rylee Mullins,WFO
12-04-2022,W 16,Atq -432,Ryann Guerrero,WFO
12-04-2022,W 16,Atq -428,Ciara Allison,WFO
12-04-2022,W 16,Atq -467,Esperanza Irwin,WFO
12-04-2022,W 16,Atq -396,Karma Reeves,WFO
12-04-2022,W 16,Atq -472,Cristofer Bernard,WFO
12-04-2022,W 16,Atq -412,Tucker Austin,WFO
12-04-2022,W 16,Atq -398,Salvatore Hendrix,WFO
12-04-2022,W 16,Atq -484,Adyson Moyer,WFO
12-04-2022,W 16,Atq -385,Jase Ingram,WFO
12-04-2022,W 16,Atq -456,Adriel Pace,WFO
12-04-2022,W 16,Atq -375,Kenley Marsh,WFO
12-04-2022,W 16,Atq -475,London Kim,WFO
12-04-2022,W 16,Atq -405,Chris Frye,WFO
12-04-2022,W 16,Atq -331,Jonah Hamilton,WFO
12-04-2022,W 16,Atq -435,Dean Mclaughlin,WFO
12-04-2022,W 16,Atq -348,Weston Horton,WFO
12-04-2022,W 16,Atq -468,Xiomara Ruiz,WFO
12-04-2022,W 16,Atq -475,Rey Novak,WFO
12-04-2022,W 16,Atq -375,Hailee Fitzpatrick,WFO
12-04-2022,W 16,Atq -433,Jayce Fuentes,WFO
12-04-2022,W 16,Atq -370,Ella Roth,WFO
12-04-2022,W 16,Atq -423,Rodrigo Price,WFO
12-04-2022,W 16,Atq -438,Miles Fields,WFO
12-04-2022,W 16,Atq -349,Trystan Ortega,WFO
12-04-2022,W 16,Atq -459,Iris Woodard,WFO
12-04-2022,W 16,Atq -393,Janelle Raymond,WFO
12-04-2022,W 16,Atq -419,Faith Hamilton,WFO
12-04-2022,W 16,Atq -446,April Ayers,WFO
12-04-2022,W 16,Atq -334,Boston Morse,WFO
12-04-2022,W 16,Atq -343,Myla Klein,WFO
12-04-2022,W 16,Atq -335,Madelynn Gray,WFO
12-04-2022,W 16,Atq -440,Mckayla Parker,WFO
12-04-2022,W 16,Atq -405,Sofia Solis,WFO
12-04-2022,W 16,Atq -450,Miya Hampton,WFO
12-04-2022,W 16,Atq -467,Cason David,WFO
12-04-2022,W 16,Atq -419,Kaylah Schultz,WFO
12-04-2022,W 16,Atq -443,Lyric Bartlett,WFO
12-04-2022,W 16,Atq -335,Tori Shannon,WFO
12-04-2022,W 16,Atq -397,Grace Stone,WFO
12-04-2022,W 16,Atq -404,Ana Little,WFO
12-04-2022,W 16,Atq -436,Phoenix Brady,WFO
12-04-2022,W 16,Atq -441,Loki Lal,WFO
12-04-2022,W 16,Atq -366,Peter Pandey,WFO
12-04-2022,W 16,Atq -438,Mekhi Singleton,WFO
12-04-2022,W 16,Atq -411,Nevaeh Waller,WFO
12-04-2022,W 16,Atq -462,Jarvis Singh,WFO
12-04-2022,W 16,Atq -406,Thanos Thakur,WFO
12-04-2022,W 16,Atq -396,Joel Cruz,WFH
12-04-2022,W 16,Atq -484,Demarcus Gordon,PL
12-04-2022,W 16,Atq -398,Bo Cordova,PL
12-04-2022,W 16,Atq -430,Maximus Mckenzie,WFH
12-04-2022,W 16,Atq -382,Gustavo Ritter,WFH
12-04-2022,W 16,Atq -485,Gregory Carr,WFH
12-04-2022,W 16,Atq -458,Jessie Carrillo,WFO
12-04-2022,W 16,Atq -400,Chad Macias,WFO
12-04-2022,W 16,Atq -437,Dallas Weeks,WFO
12-04-2022,W 16,Atq -372,Miley Combs,WFO
12-04-2022,W 16,Atq -369,Greta Horton,WFO
12-04-2022,W 16,Atq -374,Kaley Fitzpatrick,WFO
13-04-2022,W 16,Atq -470,Jovani Pope,WFO
13-04-2022,W 16,Atq -455,Caylee Meadows,WFO
13-04-2022,W 16,Atq -385,Finnegan Gilbert,WFO
13-04-2022,W 16,Atq -387,Konner Henson,WFO
13-04-2022,W 16,Atq -443,Andrew Cummings,WFO
13-04-2022,W 16,Atq -461,Josh Sharp,WFO
13-04-2022,W 16,Atq -453,Nehemiah Diaz,WFO
13-04-2022,W 16,Atq -376,Dominique Benjamin,WFO
13-04-2022,W 16,Atq -418,Hillary Kirk,WFO
13-04-2022,W 16,Atq -373,Isiah Small,WFO
13-04-2022,W 16,Atq -408,Nick Orozco,WFO
13-04-2022,W 16,Atq -418,Marquis Wyatt,WFO
13-04-2022,W 16,Atq -414,Titus Andersen,WFO
13-04-2022,W 16,Atq -403,Will Mahoney,WFO
13-04-2022,W 16,Atq -393,Emma Freeman,WFO
13-04-2022,W 16,Atq -367,Briley Orr,WFO
13-04-2022,W 16,Atq -452,Ayanna Atkins,WFO
13-04-2022,W 16,Atq -421,Rylee Mullins,WFO
13-04-2022,W 16,Atq -432,Ryann Guerrero,WFO
13-04-2022,W 16,Atq -484,Demarcus Gordon,WFO
13-04-2022,W 16,Atq -428,Ciara Allison,WFO
13-04-2022,W 16,Atq -467,Esperanza Irwin,WFO
13-04-2022,W 16,Atq -396,Karma Reeves,WFO
13-04-2022,W 16,Atq -472,Cristofer Bernard,WFO
13-04-2022,W 16,Atq -412,Tucker Austin,WFO
13-04-2022,W 16,Atq -398,Salvatore Hendrix,WFO
13-04-2022,W 16,Atq -484,Adyson Moyer,WFO
13-04-2022,W 16,Atq -385,Jase Ingram,WFO
13-04-2022,W 16,Atq -456,Adriel Pace,WFO
13-04-2022,W 16,Atq -375,Kenley Marsh,WFO
13-04-2022,W 16,Atq -475,London Kim,WFO
13-04-2022,W 16,Atq -405,Chris Frye,WFO
13-04-2022,W 16,Atq -348,Weston Horton,WFO
13-04-2022,W 16,Atq -468,Xiomara Ruiz,WFO
13-04-2022,W 16,Atq -368,Macie Callahan,WFO
13-04-2022,W 16,Atq -475,Rey Novak,WFO
13-04-2022,W 16,Atq -375,Hailee Fitzpatrick,WFO
13-04-2022,W 16,Atq -433,Jayce Fuentes,WFO
13-04-2022,W 16,Atq -370,Ella Roth,WFO
13-04-2022,W 16,Atq -423,Rodrigo Price,WFO
13-04-2022,W 16,Atq -438,Miles Fields,WFO
13-04-2022,W 16,Atq -349,Trystan Ortega,WFO
13-04-2022,W 16,Atq -459,Iris Woodard,WFO
13-04-2022,W 16,Atq -419,Faith Hamilton,WFO
13-04-2022,W 16,Atq -446,April Ayers,WFO
13-04-2022,W 16,Atq -334,Boston Morse,WFO
13-04-2022,W 16,Atq -335,Madelynn Gray,WFO
13-04-2022,W 16,Atq -440,Mckayla Parker,WFO
13-04-2022,W 16,Atq -405,Sofia Solis,WFO
13-04-2022,W 16,Atq -450,Miya Hampton,WFO
13-04-2022,W 16,Atq -443,Lyric Bartlett,WFO
13-04-2022,W 16,Atq -335,Tori Shannon,WFO
13-04-2022,W 16,Atq -436,Phoenix Brady,WFO
13-04-2022,W 16,Atq -441,Loki Lal,WFO
13-04-2022,W 16,Atq -366,Peter Pandey,WFO
13-04-2022,W 16,Atq -438,Mekhi Singleton,WFO
13-04-2022,W 16,Atq -411,Nevaeh Waller,WFO
13-04-2022,W 16,Atq -462,Jarvis Singh,WFO
13-04-2022,W 16,Atq -406,Thanos Thakur,WFO
13-04-2022,W 16,Atq -396,Joel Cruz,WFH
13-04-2022,W 16,Atq -467,Cason David,WFH
13-04-2022,W 16,Atq -419,Kaylah Schultz,WFH
13-04-2022,W 16,Atq -331,Jonah Hamilton,SL
13-04-2022,W 16,Atq -435,Dean Mclaughlin,ML
13-04-2022,W 16,Atq -397,Grace Stone,ML
13-04-2022,W 16,Atq -343,Myla Klein,PL
13-04-2022,W 16,Atq -404,Ana Little,PL
13-04-2022,W 16,Atq -398,Bo Cordova,PL
13-04-2022,W 16,Atq -430,Maximus Mckenzie,WFH
13-04-2022,W 16,Atq -382,Gustavo Ritter,WFH
13-04-2022,W 16,Atq -485,Gregory Carr,WFH
13-04-2022,W 16,Atq -458,Jessie Carrillo,WFO
13-04-2022,W 16,Atq -400,Chad Macias,WFO
13-04-2022,W 16,Atq -437,Dallas Weeks,WFO
13-04-2022,W 16,Atq -372,Miley Combs,WFO
13-04-2022,W 16,Atq -369,Greta Horton,WFO
13-04-2022,W 16,Atq -374,Kaley Fitzpatrick,WFO
14-04-2022,W 16,Atq -470,Jovani Pope,WFO
14-04-2022,W 16,Atq -455,Caylee Meadows,WFO
14-04-2022,W 16,Atq -385,Finnegan Gilbert,WFO
14-04-2022,W 16,Atq -387,Konner Henson,WFO
14-04-2022,W 16,Atq -443,Andrew Cummings,WFO
14-04-2022,W 16,Atq -461,Josh Sharp,WFO
14-04-2022,W 16,Atq -453,Nehemiah Diaz,WFO
14-04-2022,W 16,Atq -376,Dominique Benjamin,WFO
14-04-2022,W 16,Atq -418,Hillary Kirk,WFO
14-04-2022,W 16,Atq -373,Isiah Small,WFO
14-04-2022,W 16,Atq -418,Marquis Wyatt,WFO
14-04-2022,W 16,Atq -414,Titus Andersen,WFO
14-04-2022,W 16,Atq -403,Will Mahoney,WFO
14-04-2022,W 16,Atq -393,Emma Freeman,WFO
14-04-2022,W 16,Atq -367,Briley Orr,WFO
14-04-2022,W 16,Atq -452,Ayanna Atkins,WFO
14-04-2022,W 16,Atq -421,Rylee Mullins,WFO
14-04-2022,W 16,Atq -432,Ryann Guerrero,WFO
14-04-2022,W 16,Atq -484,Demarcus Gordon,WFO
14-04-2022,W 16,Atq -428,Ciara Allison,WFO
14-04-2022,W 16,Atq -467,Esperanza Irwin,WFO
14-04-2022,W 16,Atq -472,Cristofer Bernard,WFO
14-04-2022,W 16,Atq -398,Salvatore Hendrix,WFO
14-04-2022,W 16,Atq -484,Adyson Moyer,WFO
14-04-2022,W 16,Atq -385,Jase Ingram,WFO
14-04-2022,W 16,Atq -456,Adriel Pace,WFO
14-04-2022,W 16,Atq -475,London Kim,WFO
14-04-2022,W 16,Atq -331,Jonah Hamilton,WFO
14-04-2022,W 16,Atq -435,Dean Mclaughlin,WFO
14-04-2022,W 16,Atq -348,Weston Horton,WFO
14-04-2022,W 16,Atq -475,Rey Novak,WFO
14-04-2022,W 16,Atq -375,Hailee Fitzpatrick,WFO
14-04-2022,W 16,Atq -433,Jayce Fuentes,WFO
14-04-2022,W 16,Atq -370,Ella Roth,WFO
14-04-2022,W 16,Atq -423,Rodrigo Price,WFO
14-04-2022,W 16,Atq -438,Miles Fields,WFO
14-04-2022,W 16,Atq -349,Trystan Ortega,WFO
14-04-2022,W 16,Atq -459,Iris Woodard,WFO
14-04-2022,W 16,Atq -419,Faith Hamilton,WFO
14-04-2022,W 16,Atq -446,April Ayers,WFO
14-04-2022,W 16,Atq -334,Boston Morse,WFO
14-04-2022,W 16,Atq -343,Myla Klein,WFO
14-04-2022,W 16,Atq -335,Madelynn Gray,WFO
14-04-2022,W 16,Atq -440,Mckayla Parker,WFO
14-04-2022,W 16,Atq -467,Cason David,WFO
14-04-2022,W 16,Atq -419,Kaylah Schultz,WFO
14-04-2022,W 16,Atq -443,Lyric Bartlett,WFO
14-04-2022,W 16,Atq -335,Tori Shannon,WFO
14-04-2022,W 16,Atq -436,Phoenix Brady,WFO
14-04-2022,W 16,Atq -441,Loki Lal,WFO
14-04-2022,W 16,Atq -366,Peter Pandey,WFO
14-04-2022,W 16,Atq -438,Mekhi Singleton,WFO
14-04-2022,W 16,Atq -411,Nevaeh Waller,WFO
14-04-2022,W 16,Atq -462,Jarvis Singh,WFO
14-04-2022,W 16,Atq -406,Thanos Thakur,WFO
14-04-2022,W 16,Atq -396,Joel Cruz,WFH
14-04-2022,W 16,Atq -375,Kenley Marsh,PL
14-04-2022,W 16,Atq -397,Grace Stone,PL
14-04-2022,W 16,Atq -404,Ana Little,PL
14-04-2022,W 16,Atq -398,Bo Cordova,PL
14-04-2022,W 16,Atq -430,Maximus Mckenzie,WFH
14-04-2022,W 16,Atq -382,Gustavo Ritter,WFH
14-04-2022,W 16,Atq -408,Nick Orozco,WFH
14-04-2022,W 16,Atq -485,Gregory Carr,WFH
14-04-2022,W 16,Atq -405,Chris Frye,WFH
14-04-2022,W 16,Atq -368,Macie Callahan,WFH
14-04-2022,W 16,Atq -400,Chad Macias,WFO
14-04-2022,W 16,Atq -437,Dallas Weeks,WFO
14-04-2022,W 16,Atq -372,Miley Combs,WFO
14-04-2022,W 16,Atq -369,Greta Horton,WFO
14-04-2022,W 16,Atq -374,Kaley Fitzpatrick,WFO
15-04-2022,W 16,Atq -443,Andrew Cummings,WFO
15-04-2022,W 16,Atq -461,Josh Sharp,WFO
15-04-2022,W 16,Atq -453,Nehemiah Diaz,WFO
15-04-2022,W 16,Atq -376,Dominique Benjamin,WFO
15-04-2022,W 16,Atq -418,Hillary Kirk,WFO
15-04-2022,W 16,Atq -373,Isiah Small,WFO
15-04-2022,W 16,Atq -408,Nick Orozco,WFO
15-04-2022,W 16,Atq -418,Marquis Wyatt,WFO
15-04-2022,W 16,Atq -414,Titus Andersen,WFO
15-04-2022,W 16,Atq -403,Will Mahoney,WFO
15-04-2022,W 16,Atq -393,Emma Freeman,WFO
15-04-2022,W 16,Atq -367,Briley Orr,WFO
15-04-2022,W 16,Atq -452,Ayanna Atkins,WFO
15-04-2022,W 16,Atq -432,Ryann Guerrero,WFO
15-04-2022,W 16,Atq -484,Demarcus Gordon,WFO
15-04-2022,W 16,Atq -428,Ciara Allison,WFO
15-04-2022,W 16,Atq -467,Esperanza Irwin,WFO
15-04-2022,W 16,Atq -396,Karma Reeves,WFO
15-04-2022,W 16,Atq -472,Cristofer Bernard,WFO
15-04-2022,W 16,Atq -412,Tucker Austin,WFO
15-04-2022,W 16,Atq -398,Salvatore Hendrix,WFO
15-04-2022,W 16,Atq -385,Jase Ingram,WFO
15-04-2022,W 16,Atq -456,Adriel Pace,WFO
15-04-2022,W 16,Atq -331,Jonah Hamilton,WFO
15-04-2022,W 16,Atq -435,Dean Mclaughlin,WFO
15-04-2022,W 16,Atq -348,Weston Horton,WFO
15-04-2022,W 16,Atq -468,Xiomara Ruiz,WFO
15-04-2022,W 16,Atq -475,Rey Novak,WFO
15-04-2022,W 16,Atq -375,Hailee Fitzpatrick,WFO
15-04-2022,W 16,Atq -433,Jayce Fuentes,WFO
15-04-2022,W 16,Atq -370,Ella Roth,WFO
15-04-2022,W 16,Atq -423,Rodrigo Price,WFO
15-04-2022,W 16,Atq -438,Miles Fields,WFO
15-04-2022,W 16,Atq -349,Trystan Ortega,WFO
15-04-2022,W 16,Atq -459,Iris Woodard,WFO
15-04-2022,W 16,Atq -419,Faith Hamilton,WFO
15-04-2022,W 16,Atq -334,Boston Morse,WFO
15-04-2022,W 16,Atq -343,Myla Klein,WFO
15-04-2022,W 16,Atq -440,Mckayla Parker,WFO
15-04-2022,W 16,Atq -405,Sofia Solis,WFO
15-04-2022,W 16,Atq -450,Miya Hampton,WFO
15-04-2022,W 16,Atq -467,Cason David,WFO
15-04-2022,W 16,Atq -419,Kaylah Schultz,WFO
15-04-2022,W 16,Atq -443,Lyric Bartlett,WFO
15-04-2022,W 16,Atq -335,Tori Shannon,WFO
15-04-2022,W 16,Atq -397,Grace Stone,WFO
15-04-2022,W 16,Atq -441,Loki Lal,WFO
15-04-2022,W 16,Atq -366,Peter Pandey,WFO
15-04-2022,W 16,Atq -438,Mekhi Singleton,WFO
15-04-2022,W 16,Atq -411,Nevaeh Waller,WFO
15-04-2022,W 16,Atq -462,Jarvis Singh,WFO
15-04-2022,W 16,Atq -406,Thanos Thakur,WFO
15-04-2022,W 16,Atq -396,Joel Cruz,WFH
15-04-2022,W 16,Atq -335,Madelynn Gray,WFH
15-04-2022,W 16,Atq -421,Rylee Mullins,PL
15-04-2022,W 16,Atq -404,Ana Little,PL
15-04-2022,W 16,Atq -436,Phoenix Brady,PL
15-04-2022,W 16,Atq -398,Bo Cordova,PL
15-04-2022,W 16,Atq -458,Jessie Carrillo,WFH
15-04-2022,W 16,Atq -455,Caylee Meadows,WFH
15-04-2022,W 16,Atq -430,Maximus Mckenzie,WFH
15-04-2022,W 16,Atq -382,Gustavo Ritter,WFH
15-04-2022,W 16,Atq -485,Gregory Carr,WFH
15-04-2022,W 16,Atq -484,Adyson Moyer,WFH
15-04-2022,W 16,Atq -368,Macie Callahan,WFH
15-04-2022,W 16,Atq -458,Jessie Carrillo,WO
15-04-2022,W 16,Atq -400,Chad Macias,WO
15-04-2022,W 16,Atq -437,Dallas Weeks,WO
15-04-2022,W 16,Atq -372,Miley Combs,WO
15-04-2022,W 16,Atq -369,Greta Horton,WO
15-04-2022,W 16,Atq -374,Kaley Fitzpatrick,WO
15-04-2022,W 16,Atq -470,Jovani Pope,WO
16-04-2022,W 16,Atq -455,Caylee Meadows,WO
16-04-2022,W 16,Atq -385,Finnegan Gilbert,WO
16-04-2022,W 16,Atq -387,Konner Henson,WO
16-04-2022,W 16,Atq -430,Maximus Mckenzie,WO
16-04-2022,W 16,Atq -443,Andrew Cummings,WO
16-04-2022,W 16,Atq -461,Josh Sharp,WO
16-04-2022,W 16,Atq -453,Nehemiah Diaz,WO
16-04-2022,W 16,Atq -376,Dominique Benjamin,WO
16-04-2022,W 16,Atq -418,Hillary Kirk,WO
16-04-2022,W 16,Atq -373,Isiah Small,WO
16-04-2022,W 16,Atq -382,Gustavo Ritter,WO
16-04-2022,W 16,Atq -408,Nick Orozco,WO
16-04-2022,W 16,Atq -418,Marquis Wyatt,WO
16-04-2022,W 16,Atq -414,Titus Andersen,WO
16-04-2022,W 16,Atq -403,Will Mahoney,WO
16-04-2022,W 16,Atq -393,Emma Freeman,WO
16-04-2022,W 16,Atq -367,Briley Orr,WO
16-04-2022,W 16,Atq -452,Ayanna Atkins,WO
16-04-2022,W 16,Atq -485,Gregory Carr,WO
16-04-2022,W 16,Atq -421,Rylee Mullins,WO
16-04-2022,W 16,Atq -432,Ryann Guerrero,WO
16-04-2022,W 16,Atq -484,Demarcus Gordon,WO
16-04-2022,W 16,Atq -428,Ciara Allison,WO
16-04-2022,W 16,Atq -467,Esperanza Irwin,WO
16-04-2022,W 16,Atq -396,Karma Reeves,WO
16-04-2022,W 16,Atq -472,Cristofer Bernard,WO
16-04-2022,W 16,Atq -412,Tucker Austin,WO
16-04-2022,W 16,Atq -398,Salvatore Hendrix,WO
16-04-2022,W 16,Atq -484,Adyson Moyer,WO
16-04-2022,W 16,Atq -385,Jase Ingram,WO
16-04-2022,W 16,Atq -456,Adriel Pace,WO
16-04-2022,W 16,Atq -375,Kenley Marsh,WO
16-04-2022,W 16,Atq -475,London Kim,WO
16-04-2022,W 16,Atq -405,Chris Frye,WO
16-04-2022,W 16,Atq -426,Roman Colon,WO
16-04-2022,W 16,Atq -331,Jonah Hamilton,WO
16-04-2022,W 16,Atq -435,Dean Mclaughlin,WO
16-04-2022,W 16,Atq -348,Weston Horton,WO
16-04-2022,W 16,Atq -468,Xiomara Ruiz,WO
16-04-2022,W 16,Atq -368,Macie Callahan,WO
16-04-2022,W 16,Atq -475,Rey Novak,WO
16-04-2022,W 16,Atq -375,Hailee Fitzpatrick,WO
16-04-2022,W 16,Atq -433,Jayce Fuentes,WO
16-04-2022,W 16,Atq -370,Ella Roth,WO
16-04-2022,W 16,Atq -423,Rodrigo Price,WO
16-04-2022,W 16,Atq -438,Miles Fields,WO
16-04-2022,W 16,Atq -349,Trystan Ortega,WO
16-04-2022,W 16,Atq -459,Iris Woodard,WO
16-04-2022,W 16,Atq -396,Joel Cruz,WO
16-04-2022,W 16,Atq -393,Janelle Raymond,WO
16-04-2022,W 16,Atq -419,Faith Hamilton,WO
16-04-2022,W 16,Atq -446,April Ayers,WO
16-04-2022,W 16,Atq -334,Boston Morse,WO
16-04-2022,W 16,Atq -343,Myla Klein,WO
16-04-2022,W 16,Atq -335,Madelynn Gray,WO
16-04-2022,W 16,Atq -440,Mckayla Parker,WO
16-04-2022,W 16,Atq -405,Sofia Solis,WO
16-04-2022,W 16,Atq -450,Miya Hampton,WO
16-04-2022,W 16,Atq -467,Cason David,WO
16-04-2022,W 16,Atq -419,Kaylah Schultz,WO
16-04-2022,W 16,Atq -443,Lyric Bartlett,WO
16-04-2022,W 16,Atq -335,Tori Shannon,WO
16-04-2022,W 16,Atq -397,Grace Stone,WO
16-04-2022,W 16,Atq -404,Ana Little,WO
16-04-2022,W 16,Atq -436,Phoenix Brady,WO
16-04-2022,W 16,Atq -441,Loki Lal,WO
16-04-2022,W 16,Atq -366,Peter Pandey,WO
16-04-2022,W 16,Atq -438,Mekhi Singleton,WO
16-04-2022,W 16,Atq -398,Bo Cordova,WO
16-04-2022,W 16,Atq -411,Nevaeh Waller,WO
16-04-2022,W 16,Atq -462,Jarvis Singh,WO
16-04-2022,W 16,Atq -406,Thanos Thakur,WO
16-04-2022,W 17,Atq -458,Jessie Carrillo,WO
16-04-2022,W 17,Atq -400,Chad Macias,WO
16-04-2022,W 17,Atq -437,Dallas Weeks,WO
16-04-2022,W 17,Atq -372,Miley Combs,WO
16-04-2022,W 17,Atq -369,Greta Horton,WO
16-04-2022,W 17,Atq -374,Kaley Fitzpatrick,WO
16-04-2022,W 17,Atq -470,Jovani Pope,WO
17-04-2022,W 17,Atq -455,Caylee Meadows,WO
17-04-2022,W 17,Atq -385,Finnegan Gilbert,WO
17-04-2022,W 17,Atq -387,Konner Henson,WO
17-04-2022,W 17,Atq -430,Maximus Mckenzie,WO
17-04-2022,W 17,Atq -443,Andrew Cummings,WO
17-04-2022,W 17,Atq -461,Josh Sharp,WO
17-04-2022,W 17,Atq -453,Nehemiah Diaz,WO
17-04-2022,W 17,Atq -376,Dominique Benjamin,WO
17-04-2022,W 17,Atq -418,Hillary Kirk,WO
17-04-2022,W 17,Atq -373,Isiah Small,WO
17-04-2022,W 17,Atq -382,Gustavo Ritter,WO
17-04-2022,W 17,Atq -408,Nick Orozco,WO
17-04-2022,W 17,Atq -418,Marquis Wyatt,WO
17-04-2022,W 17,Atq -414,Titus Andersen,WO
17-04-2022,W 17,Atq -403,Will Mahoney,WO
17-04-2022,W 17,Atq -393,Emma Freeman,WO
17-04-2022,W 17,Atq -367,Briley Orr,WO
17-04-2022,W 17,Atq -452,Ayanna Atkins,WO
17-04-2022,W 17,Atq -485,Gregory Carr,WO
17-04-2022,W 17,Atq -421,Rylee Mullins,WO
17-04-2022,W 17,Atq -432,Ryann Guerrero,WO
17-04-2022,W 17,Atq -484,Demarcus Gordon,WO
17-04-2022,W 17,Atq -428,Ciara Allison,WO
17-04-2022,W 17,Atq -467,Esperanza Irwin,WO
17-04-2022,W 17,Atq -396,Karma Reeves,WO
17-04-2022,W 17,Atq -472,Cristofer Bernard,WO
17-04-2022,W 17,Atq -412,Tucker Austin,WO
17-04-2022,W 17,Atq -398,Salvatore Hendrix,WO
17-04-2022,W 17,Atq -484,Adyson Moyer,WO
17-04-2022,W 17,Atq -385,Jase Ingram,WO
17-04-2022,W 17,Atq -456,Adriel Pace,WO
17-04-2022,W 17,Atq -375,Kenley Marsh,WO
17-04-2022,W 17,Atq -475,London Kim,WO
17-04-2022,W 17,Atq -405,Chris Frye,WO
17-04-2022,W 17,Atq -426,Roman Colon,WO
17-04-2022,W 17,Atq -331,Jonah Hamilton,WO
17-04-2022,W 17,Atq -435,Dean Mclaughlin,WO
17-04-2022,W 17,Atq -348,Weston Horton,WO
17-04-2022,W 17,Atq -468,Xiomara Ruiz,WO
17-04-2022,W 17,Atq -368,Macie Callahan,WO
17-04-2022,W 17,Atq -475,Rey Novak,WO
17-04-2022,W 17,Atq -375,Hailee Fitzpatrick,WO
17-04-2022,W 17,Atq -433,Jayce Fuentes,WO
17-04-2022,W 17,Atq -370,Ella Roth,WO
17-04-2022,W 17,Atq -423,Rodrigo Price,WO
17-04-2022,W 17,Atq -438,Miles Fields,WO
17-04-2022,W 17,Atq -349,Trystan Ortega,WO
17-04-2022,W 17,Atq -459,Iris Woodard,WO
17-04-2022,W 17,Atq -396,Joel Cruz,WO
17-04-2022,W 17,Atq -393,Janelle Raymond,WO
17-04-2022,W 17,Atq -419,Faith Hamilton,WO
17-04-2022,W 17,Atq -446,April Ayers,WO
17-04-2022,W 17,Atq -334,Boston Morse,WO
17-04-2022,W 17,Atq -343,Myla Klein,WO
17-04-2022,W 17,Atq -335,Madelynn Gray,WO
17-04-2022,W 17,Atq -440,Mckayla Parker,WO
17-04-2022,W 17,Atq -405,Sofia Solis,WO
17-04-2022,W 17,Atq -450,Miya Hampton,WO
17-04-2022,W 17,Atq -467,Cason David,WO
17-04-2022,W 17,Atq -419,Kaylah Schultz,WO
17-04-2022,W 17,Atq -443,Lyric Bartlett,WO
17-04-2022,W 17,Atq -335,Tori Shannon,WO
17-04-2022,W 17,Atq -397,Grace Stone,WO
17-04-2022,W 17,Atq -404,Ana Little,WO
17-04-2022,W 17,Atq -436,Phoenix Brady,WO
17-04-2022,W 17,Atq -441,Loki Lal,WO
17-04-2022,W 17,Atq -366,Peter Pandey,WO
17-04-2022,W 17,Atq -438,Mekhi Singleton,WO
17-04-2022,W 17,Atq -398,Bo Cordova,WO
17-04-2022,W 17,Atq -411,Nevaeh Waller,WO
17-04-2022,W 17,Atq -462,Jarvis Singh,WO
17-04-2022,W 17,Atq -406,Thanos Thakur,WO
17-04-2022,W 17,Atq -458,Jessie Carrillo,WFO
17-04-2022,W 17,Atq -400,Chad Macias,WFO
17-04-2022,W 17,Atq -437,Dallas Weeks,WFO
17-04-2022,W 17,Atq -372,Miley Combs,WFO
17-04-2022,W 17,Atq -369,Greta Horton,WFO
17-04-2022,W 17,Atq -374,Kaley Fitzpatrick,WFO
17-04-2022,W 17,Atq -470,Jovani Pope,WFO
18-04-2022,W 17,Atq -455,Caylee Meadows,WFO
18-04-2022,W 17,Atq -385,Finnegan Gilbert,WFO
18-04-2022,W 17,Atq -387,Konner Henson,WFO
18-04-2022,W 17,Atq -461,Josh Sharp,WFO
18-04-2022,W 17,Atq -453,Nehemiah Diaz,WFO
18-04-2022,W 17,Atq -376,Dominique Benjamin,WFO
18-04-2022,W 17,Atq -418,Hillary Kirk,WFO
18-04-2022,W 17,Atq -373,Isiah Small,WFO
18-04-2022,W 17,Atq -408,Nick Orozco,WFO
18-04-2022,W 17,Atq -418,Marquis Wyatt,WFO
18-04-2022,W 17,Atq -414,Titus Andersen,WFO
18-04-2022,W 17,Atq -403,Will Mahoney,WFO
18-04-2022,W 17,Atq -393,Emma Freeman,WFO
18-04-2022,W 17,Atq -367,Briley Orr,WFO
18-04-2022,W 17,Atq -452,Ayanna Atkins,WFO
18-04-2022,W 17,Atq -421,Rylee Mullins,WFO
18-04-2022,W 17,Atq -432,Ryann Guerrero,WFO
18-04-2022,W 17,Atq -484,Demarcus Gordon,WFO
18-04-2022,W 17,Atq -428,Ciara Allison,WFO
18-04-2022,W 17,Atq -467,Esperanza Irwin,WFO
18-04-2022,W 17,Atq -396,Karma Reeves,WFO
18-04-2022,W 17,Atq -472,Cristofer Bernard,WFO
18-04-2022,W 17,Atq -412,Tucker Austin,WFO
18-04-2022,W 17,Atq -398,Salvatore Hendrix,WFO
18-04-2022,W 17,Atq -484,Adyson Moyer,WFO
18-04-2022,W 17,Atq -385,Jase Ingram,WFO
18-04-2022,W 17,Atq -456,Adriel Pace,WFO
18-04-2022,W 17,Atq -375,Kenley Marsh,WFO
18-04-2022,W 17,Atq -475,London Kim,WFO
18-04-2022,W 17,Atq -405,Chris Frye,WFO
18-04-2022,W 17,Atq -331,Jonah Hamilton,WFO
18-04-2022,W 17,Atq -435,Dean Mclaughlin,WFO
18-04-2022,W 17,Atq -348,Weston Horton,WFO
18-04-2022,W 17,Atq -468,Xiomara Ruiz,WFO
18-04-2022,W 17,Atq -368,Macie Callahan,WFO
18-04-2022,W 17,Atq -475,Rey Novak,WFO
18-04-2022,W 17,Atq -375,Hailee Fitzpatrick,WFO
18-04-2022,W 17,Atq -433,Jayce Fuentes,WFO
18-04-2022,W 17,Atq -370,Ella Roth,WFO
18-04-2022,W 17,Atq -423,Rodrigo Price,WFO
18-04-2022,W 17,Atq -438,Miles Fields,WFO
18-04-2022,W 17,Atq -349,Trystan Ortega,WFO
18-04-2022,W 17,Atq -459,Iris Woodard,WFO
18-04-2022,W 17,Atq -419,Faith Hamilton,WFO
18-04-2022,W 17,Atq -446,April Ayers,WFO
18-04-2022,W 17,Atq -334,Boston Morse,WFO
18-04-2022,W 17,Atq -343,Myla Klein,WFO
18-04-2022,W 17,Atq -440,Mckayla Parker,WFO
18-04-2022,W 17,Atq -405,Sofia Solis,WFO
18-04-2022,W 17,Atq -450,Miya Hampton,WFO
18-04-2022,W 17,Atq -467,Cason David,WFO
18-04-2022,W 17,Atq -419,Kaylah Schultz,WFO
18-04-2022,W 17,Atq -443,Lyric Bartlett,WFO
18-04-2022,W 17,Atq -335,Tori Shannon,WFO
18-04-2022,W 17,Atq -397,Grace Stone,WFO
18-04-2022,W 17,Atq -404,Ana Little,WFO
18-04-2022,W 17,Atq -441,Loki Lal,WFO
18-04-2022,W 17,Atq -366,Peter Pandey,WFO
18-04-2022,W 17,Atq -438,Mekhi Singleton,WFO
18-04-2022,W 17,Atq -398,Bo Cordova,WFO
18-04-2022,W 17,Atq -411,Nevaeh Waller,WFO
18-04-2022,W 17,Atq -462,Jarvis Singh,WFO
18-04-2022,W 17,Atq -406,Thanos Thakur,WFO
18-04-2022,W 17,Atq -396,Joel Cruz,WFH
18-04-2022,W 17,Atq -335,Madelynn Gray,PL
18-04-2022,W 17,Atq -436,Phoenix Brady,PL
18-04-2022,W 17,Atq -430,Maximus Mckenzie,WFH
18-04-2022,W 17,Atq -443,Andrew Cummings,WFH
18-04-2022,W 17,Atq -382,Gustavo Ritter,WFH
18-04-2022,W 17,Atq -458,Jessie Carrillo,WFO
18-04-2022,W 17,Atq -437,Dallas Weeks,WFO
18-04-2022,W 17,Atq -372,Miley Combs,WFO
18-04-2022,W 17,Atq -369,Greta Horton,WFO
18-04-2022,W 17,Atq -374,Kaley Fitzpatrick,WFO
18-04-2022,W 17,Atq -470,Jovani Pope,WFO
19-04-2022,W 17,Atq -387,Konner Henson,WFO
19-04-2022,W 17,Atq -461,Josh Sharp,WFO
19-04-2022,W 17,Atq -453,Nehemiah Diaz,WFO
19-04-2022,W 17,Atq -376,Dominique Benjamin,WFO
19-04-2022,W 17,Atq -418,Hillary Kirk,WFO
19-04-2022,W 17,Atq -373,Isiah Small,WFO
19-04-2022,W 17,Atq -408,Nick Orozco,WFO
19-04-2022,W 17,Atq -418,Marquis Wyatt,WFO
19-04-2022,W 17,Atq -414,Titus Andersen,WFO
19-04-2022,W 17,Atq -403,Will Mahoney,WFO
19-04-2022,W 17,Atq -393,Emma Freeman,WFO
19-04-2022,W 17,Atq -367,Briley Orr,WFO
19-04-2022,W 17,Atq -452,Ayanna Atkins,WFO
19-04-2022,W 17,Atq -421,Rylee Mullins,WFO
19-04-2022,W 17,Atq -432,Ryann Guerrero,WFO
19-04-2022,W 17,Atq -484,Demarcus Gordon,WFO
19-04-2022,W 17,Atq -428,Ciara Allison,WFO
19-04-2022,W 17,Atq -467,Esperanza Irwin,WFO
19-04-2022,W 17,Atq -396,Karma Reeves,WFO
19-04-2022,W 17,Atq -472,Cristofer Bernard,WFO
19-04-2022,W 17,Atq -412,Tucker Austin,WFO
19-04-2022,W 17,Atq -398,Salvatore Hendrix,WFO
19-04-2022,W 17,Atq -484,Adyson Moyer,WFO
19-04-2022,W 17,Atq -385,Jase Ingram,WFO
19-04-2022,W 17,Atq -456,Adriel Pace,WFO
19-04-2022,W 17,Atq -375,Kenley Marsh,WFO
19-04-2022,W 17,Atq -475,London Kim,WFO
19-04-2022,W 17,Atq -405,Chris Frye,WFO
19-04-2022,W 17,Atq -331,Jonah Hamilton,WFO
19-04-2022,W 17,Atq -435,Dean Mclaughlin,WFO
19-04-2022,W 17,Atq -348,Weston Horton,WFO
19-04-2022,W 17,Atq -468,Xiomara Ruiz,WFO
19-04-2022,W 17,Atq -368,Macie Callahan,WFO
19-04-2022,W 17,Atq -475,Rey Novak,WFO
19-04-2022,W 17,Atq -375,Hailee Fitzpatrick,WFO
19-04-2022,W 17,Atq -433,Jayce Fuentes,WFO
19-04-2022,W 17,Atq -423,Rodrigo Price,WFO
19-04-2022,W 17,Atq -438,Miles Fields,WFO
19-04-2022,W 17,Atq -349,Trystan Ortega,WFO
19-04-2022,W 17,Atq -459,Iris Woodard,WFO
19-04-2022,W 17,Atq -419,Faith Hamilton,WFO
19-04-2022,W 17,Atq -446,April Ayers,WFO
19-04-2022,W 17,Atq -334,Boston Morse,WFO
19-04-2022,W 17,Atq -343,Myla Klein,WFO
19-04-2022,W 17,Atq -440,Mckayla Parker,WFO
19-04-2022,W 17,Atq -405,Sofia Solis,WFO
19-04-2022,W 17,Atq -467,Cason David,WFO
19-04-2022,W 17,Atq -419,Kaylah Schultz,WFO
19-04-2022,W 17,Atq -443,Lyric Bartlett,WFO
19-04-2022,W 17,Atq -335,Tori Shannon,WFO
19-04-2022,W 17,Atq -397,Grace Stone,WFO
19-04-2022,W 17,Atq -404,Ana Little,WFO
19-04-2022,W 17,Atq -441,Loki Lal,WFO
19-04-2022,W 17,Atq -366,Peter Pandey,WFO
19-04-2022,W 17,Atq -438,Mekhi Singleton,WFO
19-04-2022,W 17,Atq -398,Bo Cordova,WFO
19-04-2022,W 17,Atq -411,Nevaeh Waller,WFO
19-04-2022,W 17,Atq -462,Jarvis Singh,WFO
19-04-2022,W 17,Atq -406,Thanos Thakur,WFO
19-04-2022,W 17,Atq -396,Joel Cruz,WFH
19-04-2022,W 17,Atq -370,Ella Roth,SL
19-04-2022,W 17,Atq -335,Madelynn Gray,PL
19-04-2022,W 17,Atq -450,Miya Hampton,PL
19-04-2022,W 17,Atq -436,Phoenix Brady,PL
19-04-2022,W 17,Atq -400,Chad Macias,WFH
19-04-2022,W 17,Atq -430,Maximus Mckenzie,WFH
19-04-2022,W 17,Atq -443,Andrew Cummings,WFH
19-04-2022,W 17,Atq -382,Gustavo Ritter,WFH
19-04-2022,W 17,Atq -458,Jessie Carrillo,WFO
19-04-2022,W 17,Atq -400,Chad Macias,WFO
19-04-2022,W 17,Atq -437,Dallas Weeks,WFO
19-04-2022,W 17,Atq -372,Miley Combs,WFO
19-04-2022,W 17,Atq -369,Greta Horton,WFO
19-04-2022,W 17,Atq -374,Kaley Fitzpatrick,WFO
19-04-2022,W 17,Atq -470,Jovani Pope,WFO
19-04-2022,W 17,Atq -455,Caylee Meadows,WFO
20-04-2022,W 17,Atq -385,Finnegan Gilbert,WFO
20-04-2022,W 17,Atq -387,Konner Henson,WFO
20-04-2022,W 17,Atq -461,Josh Sharp,WFO
20-04-2022,W 17,Atq -453,Nehemiah Diaz,WFO
20-04-2022,W 17,Atq -376,Dominique Benjamin,WFO
20-04-2022,W 17,Atq -418,Hillary Kirk,WFO
20-04-2022,W 17,Atq -373,Isiah Small,WFO
20-04-2022,W 17,Atq -408,Nick Orozco,WFO
20-04-2022,W 17,Atq -418,Marquis Wyatt,WFO
20-04-2022,W 17,Atq -414,Titus Andersen,WFO
20-04-2022,W 17,Atq -393,Emma Freeman,WFO
20-04-2022,W 17,Atq -367,Briley Orr,WFO
20-04-2022,W 17,Atq -452,Ayanna Atkins,WFO
20-04-2022,W 17,Atq -421,Rylee Mullins,WFO
20-04-2022,W 17,Atq -432,Ryann Guerrero,WFO
20-04-2022,W 17,Atq -484,Demarcus Gordon,WFO
20-04-2022,W 17,Atq -428,Ciara Allison,WFO
20-04-2022,W 17,Atq -467,Esperanza Irwin,WFO
20-04-2022,W 17,Atq -396,Karma Reeves,WFO
20-04-2022,W 17,Atq -472,Cristofer Bernard,WFO
20-04-2022,W 17,Atq -412,Tucker Austin,WFO
20-04-2022,W 17,Atq -398,Salvatore Hendrix,WFO
20-04-2022,W 17,Atq -484,Adyson Moyer,WFO
20-04-2022,W 17,Atq -385,Jase Ingram,WFO
20-04-2022,W 17,Atq -456,Adriel Pace,WFO
20-04-2022,W 17,Atq -375,Kenley Marsh,WFO
20-04-2022,W 17,Atq -475,London Kim,WFO
20-04-2022,W 17,Atq -405,Chris Frye,WFO
20-04-2022,W 17,Atq -331,Jonah Hamilton,WFO
20-04-2022,W 17,Atq -348,Weston Horton,WFO
20-04-2022,W 17,Atq -468,Xiomara Ruiz,WFO
20-04-2022,W 17,Atq -368,Macie Callahan,WFO
20-04-2022,W 17,Atq -475,Rey Novak,WFO
20-04-2022,W 17,Atq -375,Hailee Fitzpatrick,WFO
20-04-2022,W 17,Atq -433,Jayce Fuentes,WFO
20-04-2022,W 17,Atq -370,Ella Roth,WFO
20-04-2022,W 17,Atq -423,Rodrigo Price,WFO
20-04-2022,W 17,Atq -438,Miles Fields,WFO
20-04-2022,W 17,Atq -459,Iris Woodard,WFO
20-04-2022,W 17,Atq -419,Faith Hamilton,WFO
20-04-2022,W 17,Atq -446,April Ayers,WFO
20-04-2022,W 17,Atq -334,Boston Morse,WFO
20-04-2022,W 17,Atq -343,Myla Klein,WFO
20-04-2022,W 17,Atq -440,Mckayla Parker,WFO
20-04-2022,W 17,Atq -405,Sofia Solis,WFO
20-04-2022,W 17,Atq -450,Miya Hampton,WFO
20-04-2022,W 17,Atq -467,Cason David,WFO
20-04-2022,W 17,Atq -419,Kaylah Schultz,WFO
20-04-2022,W 17,Atq -443,Lyric Bartlett,WFO
20-04-2022,W 17,Atq -335,Tori Shannon,WFO
20-04-2022,W 17,Atq -397,Grace Stone,WFO
20-04-2022,W 17,Atq -404,Ana Little,WFO
20-04-2022,W 17,Atq -436,Phoenix Brady,WFO
20-04-2022,W 17,Atq -441,Loki Lal,WFO
20-04-2022,W 17,Atq -366,Peter Pandey,WFO
20-04-2022,W 17,Atq -438,Mekhi Singleton,WFO
20-04-2022,W 17,Atq -398,Bo Cordova,WFO
20-04-2022,W 17,Atq -411,Nevaeh Waller,WFO
20-04-2022,W 17,Atq -462,Jarvis Singh,WFO
20-04-2022,W 17,Atq -406,Thanos Thakur,WFO
20-04-2022,W 17,Atq -396,Joel Cruz,WFH
20-04-2022,W 17,Atq -349,Trystan Ortega,ML
20-04-2022,W 17,Atq -403,Will Mahoney,PL
20-04-2022,W 17,Atq -435,Dean Mclaughlin,PL
20-04-2022,W 17,Atq -335,Madelynn Gray,PL
20-04-2022,W 17,Atq -430,Maximus Mckenzie,WFH
20-04-2022,W 17,Atq -443,Andrew Cummings,WFH
20-04-2022,W 17,Atq -382,Gustavo Ritter,WFH
21-04-2022,W 17,Atq -484,Adyson Moyer,WFO
21-04-2022,W 17,Atq -385,Jase Ingram,WFO
21-04-2022,W 17,Atq -456,Adriel Pace,WFO
21-04-2022,W 17,Atq -375,Kenley Marsh,WFO
21-04-2022,W 17,Atq -475,London Kim,WFO
21-04-2022,W 17,Atq -331,Jonah Hamilton,WFO
21-04-2022,W 17,Atq -435,Dean Mclaughlin,WFO
21-04-2022,W 17,Atq -468,Xiomara Ruiz,WFO
21-04-2022,W 17,Atq -368,Macie Callahan,WFO
21-04-2022,W 17,Atq -475,Rey Novak,WFO
21-04-2022,W 17,Atq -375,Hailee Fitzpatrick,WFO
21-04-2022,W 17,Atq -433,Jayce Fuentes,WFO
21-04-2022,W 17,Atq -370,Ella Roth,WFO
21-04-2022,W 17,Atq -423,Rodrigo Price,WFO
21-04-2022,W 17,Atq -438,Miles Fields,WFO
21-04-2022,W 17,Atq -349,Trystan Ortega,WFO
21-04-2022,W 17,Atq -459,Iris Woodard,WFO
21-04-2022,W 17,Atq -419,Faith Hamilton,WFO
21-04-2022,W 17,Atq -446,April Ayers,WFO
21-04-2022,W 17,Atq -334,Boston Morse,WFO
21-04-2022,W 17,Atq -343,Myla Klein,WFO
21-04-2022,W 17,Atq -440,Mckayla Parker,WFO
21-04-2022,W 17,Atq -405,Sofia Solis,WFO
21-04-2022,W 17,Atq -450,Miya Hampton,WFO
21-04-2022,W 17,Atq -467,Cason David,WFO
21-04-2022,W 17,Atq -443,Lyric Bartlett,WFO
21-04-2022,W 17,Atq -335,Tori Shannon,WFO
21-04-2022,W 17,Atq -397,Grace Stone,WFO
21-04-2022,W 17,Atq -404,Ana Little,WFO
21-04-2022,W 17,Atq -436,Phoenix Brady,WFO
21-04-2022,W 17,Atq -441,Loki Lal,WFO
21-04-2022,W 17,Atq -366,Peter Pandey,WFO
21-04-2022,W 17,Atq -438,Mekhi Singleton,WFO
21-04-2022,W 17,Atq -398,Bo Cordova,WFO
21-04-2022,W 17,Atq -411,Nevaeh Waller,WFO
21-04-2022,W 17,Atq -462,Jarvis Singh,WFO
21-04-2022,W 17,Atq -406,Thanos Thakur,WFO
21-04-2022,W 17,Atq -458,Jessie Carrillo,WFO
21-04-2022,W 17,Atq -400,Chad Macias,WFO
21-04-2022,W 17,Atq -437,Dallas Weeks,WFO
21-04-2022,W 17,Atq -372,Miley Combs,WFO
21-04-2022,W 17,Atq -369,Greta Horton,WFO
21-04-2022,W 17,Atq -374,Kaley Fitzpatrick,WFO
21-04-2022,W 17,Atq -470,Jovani Pope,WFO
21-04-2022,W 17,Atq -455,Caylee Meadows,WFO
21-04-2022,W 17,Atq -385,Finnegan Gilbert,WFO
21-04-2022,W 17,Atq -387,Konner Henson,WFO
21-04-2022,W 17,Atq -461,Josh Sharp,WFO
21-04-2022,W 17,Atq -453,Nehemiah Diaz,WFO
21-04-2022,W 17,Atq -376,Dominique Benjamin,WFO
21-04-2022,W 17,Atq -418,Hillary Kirk,WFO
21-04-2022,W 17,Atq -373,Isiah Small,WFO
21-04-2022,W 17,Atq -418,Marquis Wyatt,WFO
21-04-2022,W 17,Atq -414,Titus Andersen,WFO
21-04-2022,W 17,Atq -393,Emma Freeman,WFO
21-04-2022,W 17,Atq -452,Ayanna Atkins,WFO
21-04-2022,W 17,Atq -396,Joel Cruz,WFH
21-04-2022,W 17,Atq -419,Kaylah Schultz,WFH
21-04-2022,W 17,Atq -398,Salvatore Hendrix,SL
21-04-2022,W 17,Atq -403,Will Mahoney,PL
21-04-2022,W 17,Atq -348,Weston Horton,PL
21-04-2022,W 17,Atq -335,Madelynn Gray,PL
21-04-2022,W 17,Atq -430,Maximus Mckenzie,WFH
21-04-2022,W 17,Atq -443,Andrew Cummings,WFH
21-04-2022,W 17,Atq -382,Gustavo Ritter,WFH
21-04-2022,W 17,Atq -408,Nick Orozco,WFH
21-04-2022,W 17,Atq -367,Briley Orr,WFH
21-04-2022,W 17,Atq -405,Chris Frye,WFH
22-04-2022,W 17,Atq -376,Dominique Benjamin,WFO
22-04-2022,W 17,Atq -418,Hillary Kirk,WFO
22-04-2022,W 17,Atq -373,Isiah Small,WFO
22-04-2022,W 17,Atq -418,Marquis Wyatt,WFO
22-04-2022,W 17,Atq -414,Titus Andersen,WFO
22-04-2022,W 17,Atq -393,Emma Freeman,WFO
22-04-2022,W 17,Atq -367,Briley Orr,WFO
22-04-2022,W 17,Atq -452,Ayanna Atkins,WFO
22-04-2022,W 17,Atq -421,Rylee Mullins,WFO
22-04-2022,W 17,Atq -432,Ryann Guerrero,WFO
22-04-2022,W 17,Atq -484,Demarcus Gordon,WFO
22-04-2022,W 17,Atq -428,Ciara Allison,WFO
22-04-2022,W 17,Atq -467,Esperanza Irwin,WFO
22-04-2022,W 17,Atq -396,Karma Reeves,WFO
22-04-2022,W 17,Atq -472,Cristofer Bernard,WFO
22-04-2022,W 17,Atq -412,Tucker Austin,WFO
22-04-2022,W 17,Atq -398,Salvatore Hendrix,WFO
22-04-2022,W 17,Atq -484,Adyson Moyer,WFO
22-04-2022,W 17,Atq -385,Jase Ingram,WFO
22-04-2022,W 17,Atq -456,Adriel Pace,WFO
22-04-2022,W 17,Atq -375,Kenley Marsh,WFO
22-04-2022,W 17,Atq -475,London Kim,WFO
22-04-2022,W 17,Atq -435,Dean Mclaughlin,WFO
22-04-2022,W 17,Atq -468,Xiomara Ruiz,WFO
22-04-2022,W 17,Atq -368,Macie Callahan,WFO
22-04-2022,W 17,Atq -475,Rey Novak,WFO
22-04-2022,W 17,Atq -375,Hailee Fitzpatrick,WFO
22-04-2022,W 17,Atq -433,Jayce Fuentes,WFO
22-04-2022,W 17,Atq -370,Ella Roth,WFO
22-04-2022,W 17,Atq -423,Rodrigo Price,WFO
22-04-2022,W 17,Atq -438,Miles Fields,WFO
22-04-2022,W 17,Atq -349,Trystan Ortega,WFO
22-04-2022,W 17,Atq -459,Iris Woodard,WFO
22-04-2022,W 17,Atq -419,Faith Hamilton,WFO
22-04-2022,W 17,Atq -446,April Ayers,WFO
22-04-2022,W 17,Atq -334,Boston Morse,WFO
22-04-2022,W 17,Atq -343,Myla Klein,WFO
22-04-2022,W 17,Atq -440,Mckayla Parker,WFO
22-04-2022,W 17,Atq -405,Sofia Solis,WFO
22-04-2022,W 17,Atq -450,Miya Hampton,WFO
22-04-2022,W 17,Atq -467,Cason David,WFO
22-04-2022,W 17,Atq -419,Kaylah Schultz,WFO
22-04-2022,W 17,Atq -443,Lyric Bartlett,WFO
22-04-2022,W 17,Atq -335,Tori Shannon,WFO
22-04-2022,W 17,Atq -397,Grace Stone,WFO
22-04-2022,W 17,Atq -404,Ana Little,WFO
22-04-2022,W 17,Atq -436,Phoenix Brady,WFO
22-04-2022,W 17,Atq -441,Loki Lal,WFO
22-04-2022,W 17,Atq -366,Peter Pandey,WFO
22-04-2022,W 17,Atq -438,Mekhi Singleton,WFO
22-04-2022,W 17,Atq -398,Bo Cordova,WFO
22-04-2022,W 17,Atq -411,Nevaeh Waller,WFO
22-04-2022,W 17,Atq -462,Jarvis Singh,WFO
22-04-2022,W 17,Atq -406,Thanos Thakur,WFO
22-04-2022,W 17,Atq -403,Will Mahoney,PL
22-04-2022,W 17,Atq -331,Jonah Hamilton,PL
22-04-2022,W 17,Atq -348,Weston Horton,PL
22-04-2022,W 17,Atq -335,Madelynn Gray,PL
22-04-2022,W 17,Atq -400,Chad Macias,WFH
22-04-2022,W 17,Atq -374,Kaley Fitzpatrick,WFH
22-04-2022,W 17,Atq -470,Jovani Pope,WFH
22-04-2022,W 17,Atq -385,Finnegan Gilbert,WFH
22-04-2022,W 17,Atq -430,Maximus Mckenzie,WFH
22-04-2022,W 17,Atq -443,Andrew Cummings,WFH
22-04-2022,W 17,Atq -382,Gustavo Ritter,WFH
22-04-2022,W 17,Atq -408,Nick Orozco,WFH
22-04-2022,W 17,Atq -405,Chris Frye,WFH
22-04-2022,W 17,Atq -396,Joel Cruz,WFH
22-04-2022,W 17,Atq -458,Jessie Carrillo,WO
22-04-2022,W 17,Atq -400,Chad Macias,WO
22-04-2022,W 17,Atq -437,Dallas Weeks,WO
22-04-2022,W 17,Atq -372,Miley Combs,WO
22-04-2022,W 17,Atq -369,Greta Horton,WO
22-04-2022,W 17,Atq -374,Kaley Fitzpatrick,WO
22-04-2022,W 17,Atq -470,Jovani Pope,WO
22-04-2022,W 17,Atq -455,Caylee Meadows,WO
23-04-2022,W 17,Atq -385,Finnegan Gilbert,WO
23-04-2022,W 17,Atq -387,Konner Henson,WO
23-04-2022,W 17,Atq -430,Maximus Mckenzie,WO
23-04-2022,W 17,Atq -443,Andrew Cummings,WO
23-04-2022,W 17,Atq -461,Josh Sharp,WO
23-04-2022,W 17,Atq -453,Nehemiah Diaz,WO
23-04-2022,W 17,Atq -376,Dominique Benjamin,WO
23-04-2022,W 17,Atq -418,Hillary Kirk,WO
23-04-2022,W 17,Atq -373,Isiah Small,WO
23-04-2022,W 17,Atq -382,Gustavo Ritter,WO
23-04-2022,W 17,Atq -408,Nick Orozco,WO
23-04-2022,W 17,Atq -418,Marquis Wyatt,WO
23-04-2022,W 17,Atq -414,Titus Andersen,WO
23-04-2022,W 17,Atq -403,Will Mahoney,WO
23-04-2022,W 17,Atq -393,Emma Freeman,WO
23-04-2022,W 17,Atq -367,Briley Orr,WO
23-04-2022,W 17,Atq -452,Ayanna Atkins,WO
23-04-2022,W 17,Atq -485,Gregory Carr,WO
23-04-2022,W 17,Atq -421,Rylee Mullins,WO
23-04-2022,W 17,Atq -432,Ryann Guerrero,WO
23-04-2022,W 17,Atq -484,Demarcus Gordon,WO
23-04-2022,W 17,Atq -428,Ciara Allison,WO
23-04-2022,W 17,Atq -467,Esperanza Irwin,WO
23-04-2022,W 17,Atq -396,Karma Reeves,WO
23-04-2022,W 17,Atq -472,Cristofer Bernard,WO
23-04-2022,W 17,Atq -412,Tucker Austin,WO
23-04-2022,W 17,Atq -398,Salvatore Hendrix,WO
23-04-2022,W 17,Atq -484,Adyson Moyer,WO
23-04-2022,W 17,Atq -385,Jase Ingram,WO
23-04-2022,W 17,Atq -456,Adriel Pace,WO
23-04-2022,W 17,Atq -375,Kenley Marsh,WO
23-04-2022,W 17,Atq -475,London Kim,WO
23-04-2022,W 17,Atq -405,Chris Frye,WO
23-04-2022,W 17,Atq -426,Roman Colon,WO
23-04-2022,W 17,Atq -331,Jonah Hamilton,WO
23-04-2022,W 17,Atq -435,Dean Mclaughlin,WO
23-04-2022,W 17,Atq -348,Weston Horton,WO
23-04-2022,W 17,Atq -468,Xiomara Ruiz,WO
23-04-2022,W 17,Atq -368,Macie Callahan,WO
23-04-2022,W 17,Atq -475,Rey Novak,WO
23-04-2022,W 17,Atq -375,Hailee Fitzpatrick,WO
23-04-2022,W 17,Atq -433,Jayce Fuentes,WO
23-04-2022,W 17,Atq -370,Ella Roth,WO
23-04-2022,W 17,Atq -423,Rodrigo Price,WO
23-04-2022,W 17,Atq -438,Miles Fields,WO
23-04-2022,W 17,Atq -349,Trystan Ortega,WO
23-04-2022,W 17,Atq -459,Iris Woodard,WO
23-04-2022,W 17,Atq -396,Joel Cruz,WO
23-04-2022,W 17,Atq -393,Janelle Raymond,WO
23-04-2022,W 17,Atq -419,Faith Hamilton,WO
23-04-2022,W 17,Atq -446,April Ayers,WO
23-04-2022,W 17,Atq -334,Boston Morse,WO
23-04-2022,W 17,Atq -343,Myla Klein,WO
23-04-2022,W 17,Atq -335,Madelynn Gray,WO
23-04-2022,W 17,Atq -440,Mckayla Parker,WO
23-04-2022,W 17,Atq -405,Sofia Solis,WO
23-04-2022,W 17,Atq -450,Miya Hampton,WO
23-04-2022,W 17,Atq -467,Cason David,WO
23-04-2022,W 17,Atq -419,Kaylah Schultz,WO
23-04-2022,W 17,Atq -443,Lyric Bartlett,WO
23-04-2022,W 17,Atq -335,Tori Shannon,WO
23-04-2022,W 17,Atq -397,Grace Stone,WO
23-04-2022,W 17,Atq -404,Ana Little,WO
23-04-2022,W 17,Atq -436,Phoenix Brady,WO
23-04-2022,W 17,Atq -441,Loki Lal,WO
23-04-2022,W 17,Atq -366,Peter Pandey,WO
23-04-2022,W 17,Atq -438,Mekhi Singleton,WO
23-04-2022,W 17,Atq -398,Bo Cordova,WO
23-04-2022,W 17,Atq -411,Nevaeh Waller,WO
23-04-2022,W 17,Atq -462,Jarvis Singh,WO
23-04-2022,W 17,Atq -406,Thanos Thakur,WO
23-04-2022,W 18,Atq -458,Jessie Carrillo,WO
23-04-2022,W 18,Atq -400,Chad Macias,WO
23-04-2022,W 18,Atq -437,Dallas Weeks,WO
23-04-2022,W 18,Atq -372,Miley Combs,WO
23-04-2022,W 18,Atq -369,Greta Horton,WO
23-04-2022,W 18,Atq -374,Kaley Fitzpatrick,WO
23-04-2022,W 18,Atq -470,Jovani Pope,WO
23-04-2022,W 18,Atq -455,Caylee Meadows,WO
23-04-2022,W 18,Atq -385,Finnegan Gilbert,WO
24-04-2022,W 18,Atq -387,Konner Henson,WO
24-04-2022,W 18,Atq -430,Maximus Mckenzie,WO
24-04-2022,W 18,Atq -443,Andrew Cummings,WO
24-04-2022,W 18,Atq -461,Josh Sharp,WO
24-04-2022,W 18,Atq -453,Nehemiah Diaz,WO
24-04-2022,W 18,Atq -376,Dominique Benjamin,WO
24-04-2022,W 18,Atq -418,Hillary Kirk,WO
24-04-2022,W 18,Atq -373,Isiah Small,WO
24-04-2022,W 18,Atq -382,Gustavo Ritter,WO
24-04-2022,W 18,Atq -408,Nick Orozco,WO
24-04-2022,W 18,Atq -418,Marquis Wyatt,WO
24-04-2022,W 18,Atq -414,Titus Andersen,WO
24-04-2022,W 18,Atq -403,Will Mahoney,WO
24-04-2022,W 18,Atq -393,Emma Freeman,WO
24-04-2022,W 18,Atq -367,Briley Orr,WO
24-04-2022,W 18,Atq -452,Ayanna Atkins,WO
24-04-2022,W 18,Atq -485,Gregory Carr,WO
24-04-2022,W 18,Atq -421,Rylee Mullins,WO
24-04-2022,W 18,Atq -432,Ryann Guerrero,WO
24-04-2022,W 18,Atq -484,Demarcus Gordon,WO
24-04-2022,W 18,Atq -428,Ciara Allison,WO
24-04-2022,W 18,Atq -467,Esperanza Irwin,WO
24-04-2022,W 18,Atq -396,Karma Reeves,WO
24-04-2022,W 18,Atq -472,Cristofer Bernard,WO
24-04-2022,W 18,Atq -412,Tucker Austin,WO
24-04-2022,W 18,Atq -398,Salvatore Hendrix,WO
24-04-2022,W 18,Atq -484,Adyson Moyer,WO
24-04-2022,W 18,Atq -385,Jase Ingram,WO
24-04-2022,W 18,Atq -456,Adriel Pace,WO
24-04-2022,W 18,Atq -375,Kenley Marsh,WO
24-04-2022,W 18,Atq -475,London Kim,WO
24-04-2022,W 18,Atq -405,Chris Frye,WO
24-04-2022,W 18,Atq -426,Roman Colon,WO
24-04-2022,W 18,Atq -331,Jonah Hamilton,WO
24-04-2022,W 18,Atq -435,Dean Mclaughlin,WO
24-04-2022,W 18,Atq -348,Weston Horton,WO
24-04-2022,W 18,Atq -468,Xiomara Ruiz,WO
24-04-2022,W 18,Atq -368,Macie Callahan,WO
24-04-2022,W 18,Atq -475,Rey Novak,WO
24-04-2022,W 18,Atq -375,Hailee Fitzpatrick,WO
24-04-2022,W 18,Atq -433,Jayce Fuentes,WO
24-04-2022,W 18,Atq -370,Ella Roth,WO
24-04-2022,W 18,Atq -423,Rodrigo Price,WO
24-04-2022,W 18,Atq -438,Miles Fields,WO
24-04-2022,W 18,Atq -349,Trystan Ortega,WO
24-04-2022,W 18,Atq -459,Iris Woodard,WO
24-04-2022,W 18,Atq -396,Joel Cruz,WO
24-04-2022,W 18,Atq -393,Janelle Raymond,WO
24-04-2022,W 18,Atq -419,Faith Hamilton,WO
24-04-2022,W 18,Atq -446,April Ayers,WO
24-04-2022,W 18,Atq -334,Boston Morse,WO
24-04-2022,W 18,Atq -343,Myla Klein,WO
24-04-2022,W 18,Atq -335,Madelynn Gray,WO
24-04-2022,W 18,Atq -440,Mckayla Parker,WO
24-04-2022,W 18,Atq -405,Sofia Solis,WO
24-04-2022,W 18,Atq -450,Miya Hampton,WO
24-04-2022,W 18,Atq -467,Cason David,WO
24-04-2022,W 18,Atq -419,Kaylah Schultz,WO
24-04-2022,W 18,Atq -443,Lyric Bartlett,WO
24-04-2022,W 18,Atq -335,Tori Shannon,WO
24-04-2022,W 18,Atq -397,Grace Stone,WO
24-04-2022,W 18,Atq -404,Ana Little,WO
24-04-2022,W 18,Atq -436,Phoenix Brady,WO
24-04-2022,W 18,Atq -441,Loki Lal,WO
24-04-2022,W 18,Atq -366,Peter Pandey,WO
24-04-2022,W 18,Atq -438,Mekhi Singleton,WO
24-04-2022,W 18,Atq -398,Bo Cordova,WO
24-04-2022,W 18,Atq -411,Nevaeh Waller,WO
24-04-2022,W 18,Atq -462,Jarvis Singh,WO
24-04-2022,W 18,Atq -406,Thanos Thakur,WO
24-04-2022,W 18,Atq -458,Jessie Carrillo,WFO
24-04-2022,W 18,Atq -437,Dallas Weeks,WFO
24-04-2022,W 18,Atq -372,Miley Combs,WFO
24-04-2022,W 18,Atq -369,Greta Horton,WFO
24-04-2022,W 18,Atq -455,Caylee Meadows,WFO
24-04-2022,W 18,Atq -385,Finnegan Gilbert,WFO
24-04-2022,W 18,Atq -387,Konner Henson,WFO
24-04-2022,W 18,Atq -443,Andrew Cummings,WFO
24-04-2022,W 18,Atq -461,Josh Sharp,WFO
25-04-2022,W 18,Atq -453,Nehemiah Diaz,WFO
25-04-2022,W 18,Atq -376,Dominique Benjamin,WFO
25-04-2022,W 18,Atq -418,Hillary Kirk,WFO
25-04-2022,W 18,Atq -373,Isiah Small,WFO
25-04-2022,W 18,Atq -408,Nick Orozco,WFO
25-04-2022,W 18,Atq -418,Marquis Wyatt,WFO
25-04-2022,W 18,Atq -414,Titus Andersen,WFO
25-04-2022,W 18,Atq -403,Will Mahoney,WFO
25-04-2022,W 18,Atq -367,Briley Orr,WFO
25-04-2022,W 18,Atq -452,Ayanna Atkins,WFO
25-04-2022,W 18,Atq -421,Rylee Mullins,WFO
25-04-2022,W 18,Atq -432,Ryann Guerrero,WFO
25-04-2022,W 18,Atq -484,Demarcus Gordon,WFO
25-04-2022,W 18,Atq -428,Ciara Allison,WFO
25-04-2022,W 18,Atq -467,Esperanza Irwin,WFO
25-04-2022,W 18,Atq -396,Karma Reeves,WFO
25-04-2022,W 18,Atq -472,Cristofer Bernard,WFO
25-04-2022,W 18,Atq -412,Tucker Austin,WFO
25-04-2022,W 18,Atq -398,Salvatore Hendrix,WFO
25-04-2022,W 18,Atq -484,Adyson Moyer,WFO
25-04-2022,W 18,Atq -385,Jase Ingram,WFO
25-04-2022,W 18,Atq -456,Adriel Pace,WFO
25-04-2022,W 18,Atq -375,Kenley Marsh,WFO
25-04-2022,W 18,Atq -475,London Kim,WFO
25-04-2022,W 18,Atq -405,Chris Frye,WFO
25-04-2022,W 18,Atq -331,Jonah Hamilton,WFO
25-04-2022,W 18,Atq -435,Dean Mclaughlin,WFO
25-04-2022,W 18,Atq -348,Weston Horton,WFO
25-04-2022,W 18,Atq -468,Xiomara Ruiz,WFO
25-04-2022,W 18,Atq -368,Macie Callahan,WFO
25-04-2022,W 18,Atq -475,Rey Novak,WFO
25-04-2022,W 18,Atq -375,Hailee Fitzpatrick,WFO
25-04-2022,W 18,Atq -433,Jayce Fuentes,WFO
25-04-2022,W 18,Atq -370,Ella Roth,WFO
25-04-2022,W 18,Atq -423,Rodrigo Price,WFO
25-04-2022,W 18,Atq -438,Miles Fields,WFO
25-04-2022,W 18,Atq -349,Trystan Ortega,WFO
25-04-2022,W 18,Atq -459,Iris Woodard,WFO
25-04-2022,W 18,Atq -446,April Ayers,WFO
25-04-2022,W 18,Atq -334,Boston Morse,WFO
25-04-2022,W 18,Atq -343,Myla Klein,WFO
25-04-2022,W 18,Atq -335,Madelynn Gray,WFO
25-04-2022,W 18,Atq -440,Mckayla Parker,WFO
25-04-2022,W 18,Atq -405,Sofia Solis,WFO
25-04-2022,W 18,Atq -450,Miya Hampton,WFO
25-04-2022,W 18,Atq -467,Cason David,WFO
25-04-2022,W 18,Atq -419,Kaylah Schultz,WFO
25-04-2022,W 18,Atq -443,Lyric Bartlett,WFO
25-04-2022,W 18,Atq -335,Tori Shannon,WFO
25-04-2022,W 18,Atq -397,Grace Stone,WFO
25-04-2022,W 18,Atq -404,Ana Little,WFO
25-04-2022,W 18,Atq -436,Phoenix Brady,WFO
25-04-2022,W 18,Atq -441,Loki Lal,WFO
25-04-2022,W 18,Atq -438,Mekhi Singleton,WFO
25-04-2022,W 18,Atq -398,Bo Cordova,WFO
25-04-2022,W 18,Atq -411,Nevaeh Waller,WFO
25-04-2022,W 18,Atq -462,Jarvis Singh,WFO
25-04-2022,W 18,Atq -406,Thanos Thakur,WFO
25-04-2022,W 18,Atq -419,Faith Hamilton,PL
25-04-2022,W 18,Atq -366,Peter Pandey,PL
25-04-2022,W 18,Atq -400,Chad Macias,WFH
25-04-2022,W 18,Atq -374,Kaley Fitzpatrick,WFH
25-04-2022,W 18,Atq -470,Jovani Pope,WFH
25-04-2022,W 18,Atq -430,Maximus Mckenzie,WFH
25-04-2022,W 18,Atq -382,Gustavo Ritter,WFH
25-04-2022,W 18,Atq -393,Emma Freeman,WFH
25-04-2022,W 18,Atq -396,Joel Cruz,WFH
25-04-2022,W 18,Atq -458,Jessie Carrillo,WFO
25-04-2022,W 18,Atq -400,Chad Macias,WFO
25-04-2022,W 18,Atq -437,Dallas Weeks,WFO
25-04-2022,W 18,Atq -372,Miley Combs,WFO
25-04-2022,W 18,Atq -369,Greta Horton,WFO
25-04-2022,W 18,Atq -385,Finnegan Gilbert,WFO
25-04-2022,W 18,Atq -387,Konner Henson,WFO
25-04-2022,W 18,Atq -461,Josh Sharp,WFO
26-04-2022,W 18,Atq -376,Dominique Benjamin,WFO
26-04-2022,W 18,Atq -418,Hillary Kirk,WFO
26-04-2022,W 18,Atq -373,Isiah Small,WFO
26-04-2022,W 18,Atq -418,Marquis Wyatt,WFO
26-04-2022,W 18,Atq -414,Titus Andersen,WFO
26-04-2022,W 18,Atq -403,Will Mahoney,WFO
26-04-2022,W 18,Atq -393,Emma Freeman,WFO
26-04-2022,W 18,Atq -367,Briley Orr,WFO
26-04-2022,W 18,Atq -452,Ayanna Atkins,WFO
26-04-2022,W 18,Atq -421,Rylee Mullins,WFO
26-04-2022,W 18,Atq -432,Ryann Guerrero,WFO
26-04-2022,W 18,Atq -484,Demarcus Gordon,WFO
26-04-2022,W 18,Atq -467,Esperanza Irwin,WFO
26-04-2022,W 18,Atq -396,Karma Reeves,WFO
26-04-2022,W 18,Atq -472,Cristofer Bernard,WFO
26-04-2022,W 18,Atq -412,Tucker Austin,WFO
26-04-2022,W 18,Atq -398,Salvatore Hendrix,WFO
26-04-2022,W 18,Atq -484,Adyson Moyer,WFO
26-04-2022,W 18,Atq -385,Jase Ingram,WFO
26-04-2022,W 18,Atq -456,Adriel Pace,WFO
26-04-2022,W 18,Atq -375,Kenley Marsh,WFO
26-04-2022,W 18,Atq -475,London Kim,WFO
26-04-2022,W 18,Atq -405,Chris Frye,WFO
26-04-2022,W 18,Atq -331,Jonah Hamilton,WFO
26-04-2022,W 18,Atq -435,Dean Mclaughlin,WFO
26-04-2022,W 18,Atq -348,Weston Horton,WFO
26-04-2022,W 18,Atq -468,Xiomara Ruiz,WFO
26-04-2022,W 18,Atq -368,Macie Callahan,WFO
26-04-2022,W 18,Atq -475,Rey Novak,WFO
26-04-2022,W 18,Atq -375,Hailee Fitzpatrick,WFO
26-04-2022,W 18,Atq -433,Jayce Fuentes,WFO
26-04-2022,W 18,Atq -370,Ella Roth,WFO
26-04-2022,W 18,Atq -423,Rodrigo Price,WFO
26-04-2022,W 18,Atq -438,Miles Fields,WFO
26-04-2022,W 18,Atq -459,Iris Woodard,WFO
26-04-2022,W 18,Atq -419,Faith Hamilton,WFO
26-04-2022,W 18,Atq -446,April Ayers,WFO
26-04-2022,W 18,Atq -334,Boston Morse,WFO
26-04-2022,W 18,Atq -343,Myla Klein,WFO
26-04-2022,W 18,Atq -335,Madelynn Gray,WFO
26-04-2022,W 18,Atq -440,Mckayla Parker,WFO
26-04-2022,W 18,Atq -405,Sofia Solis,WFO
26-04-2022,W 18,Atq -450,Miya Hampton,WFO
26-04-2022,W 18,Atq -467,Cason David,WFO
26-04-2022,W 18,Atq -419,Kaylah Schultz,WFO
26-04-2022,W 18,Atq -443,Lyric Bartlett,WFO
26-04-2022,W 18,Atq -335,Tori Shannon,WFO
26-04-2022,W 18,Atq -397,Grace Stone,WFO
26-04-2022,W 18,Atq -404,Ana Little,WFO
26-04-2022,W 18,Atq -436,Phoenix Brady,WFO
26-04-2022,W 18,Atq -441,Loki Lal,WFO
26-04-2022,W 18,Atq -366,Peter Pandey,WFO
26-04-2022,W 18,Atq -438,Mekhi Singleton,WFO
26-04-2022,W 18,Atq -398,Bo Cordova,WFO
26-04-2022,W 18,Atq -411,Nevaeh Waller,WFO
26-04-2022,W 18,Atq -462,Jarvis Singh,WFO
26-04-2022,W 18,Atq -406,Thanos Thakur,WFO
26-04-2022,W 18,Atq -374,Kaley Fitzpatrick,WFH
26-04-2022,W 18,Atq -470,Jovani Pope,WFH
26-04-2022,W 18,Atq -455,Caylee Meadows,WFH
26-04-2022,W 18,Atq -430,Maximus Mckenzie,WFH
26-04-2022,W 18,Atq -443,Andrew Cummings,WFH
26-04-2022,W 18,Atq -382,Gustavo Ritter,WFH
26-04-2022,W 18,Atq -396,Joel Cruz,WFH
26-04-2022,W 18,Atq -458,Jessie Carrillo,WFO
26-04-2022,W 18,Atq -400,Chad Macias,WFO
26-04-2022,W 18,Atq -437,Dallas Weeks,WFO
26-04-2022,W 18,Atq -372,Miley Combs,WFO
26-04-2022,W 18,Atq -369,Greta Horton,WFO
26-04-2022,W 18,Atq -385,Finnegan Gilbert,WFO
26-04-2022,W 18,Atq -387,Konner Henson,WFO
26-04-2022,W 18,Atq -461,Josh Sharp,WFO
26-04-2022,W 18,Atq -453,Nehemiah Diaz,WFO
27-04-2022,W 18,Atq -376,Dominique Benjamin,WFO
27-04-2022,W 18,Atq -418,Hillary Kirk,WFO
27-04-2022,W 18,Atq -373,Isiah Small,WFO
27-04-2022,W 18,Atq -408,Nick Orozco,WFO
27-04-2022,W 18,Atq -418,Marquis Wyatt,WFO
27-04-2022,W 18,Atq -414,Titus Andersen,WFO
27-04-2022,W 18,Atq -403,Will Mahoney,WFO
27-04-2022,W 18,Atq -393,Emma Freeman,WFO
27-04-2022,W 18,Atq -367,Briley Orr,WFO
27-04-2022,W 18,Atq -452,Ayanna Atkins,WFO
27-04-2022,W 18,Atq -421,Rylee Mullins,WFO
27-04-2022,W 18,Atq -432,Ryann Guerrero,WFO
27-04-2022,W 18,Atq -484,Demarcus Gordon,WFO
27-04-2022,W 18,Atq -467,Esperanza Irwin,WFO
27-04-2022,W 18,Atq -396,Karma Reeves,WFO
27-04-2022,W 18,Atq -472,Cristofer Bernard,WFO
27-04-2022,W 18,Atq -412,Tucker Austin,WFO
27-04-2022,W 18,Atq -398,Salvatore Hendrix,WFO
27-04-2022,W 18,Atq -484,Adyson Moyer,WFO
27-04-2022,W 18,Atq -385,Jase Ingram,WFO
27-04-2022,W 18,Atq -456,Adriel Pace,WFO
27-04-2022,W 18,Atq -375,Kenley Marsh,WFO
27-04-2022,W 18,Atq -475,London Kim,WFO
27-04-2022,W 18,Atq -405,Chris Frye,WFO
27-04-2022,W 18,Atq -331,Jonah Hamilton,WFO
27-04-2022,W 18,Atq -435,Dean Mclaughlin,WFO
27-04-2022,W 18,Atq -348,Weston Horton,WFO
27-04-2022,W 18,Atq -468,Xiomara Ruiz,WFO
27-04-2022,W 18,Atq -368,Macie Callahan,WFO
27-04-2022,W 18,Atq -475,Rey Novak,WFO
27-04-2022,W 18,Atq -375,Hailee Fitzpatrick,WFO
27-04-2022,W 18,Atq -433,Jayce Fuentes,WFO
27-04-2022,W 18,Atq -423,Rodrigo Price,WFO
27-04-2022,W 18,Atq -438,Miles Fields,WFO
27-04-2022,W 18,Atq -459,Iris Woodard,WFO
27-04-2022,W 18,Atq -419,Faith Hamilton,WFO
27-04-2022,W 18,Atq -446,April Ayers,WFO
27-04-2022,W 18,Atq -334,Boston Morse,WFO
27-04-2022,W 18,Atq -343,Myla Klein,WFO
27-04-2022,W 18,Atq -335,Madelynn Gray,WFO
27-04-2022,W 18,Atq -440,Mckayla Parker,WFO
27-04-2022,W 18,Atq -405,Sofia Solis,WFO
27-04-2022,W 18,Atq -450,Miya Hampton,WFO
27-04-2022,W 18,Atq -467,Cason David,WFO
27-04-2022,W 18,Atq -419,Kaylah Schultz,WFO
27-04-2022,W 18,Atq -443,Lyric Bartlett,WFO
27-04-2022,W 18,Atq -335,Tori Shannon,WFO
27-04-2022,W 18,Atq -397,Grace Stone,WFO
27-04-2022,W 18,Atq -404,Ana Little,WFO
27-04-2022,W 18,Atq -436,Phoenix Brady,WFO
27-04-2022,W 18,Atq -441,Loki Lal,WFO
27-04-2022,W 18,Atq -366,Peter Pandey,WFO
27-04-2022,W 18,Atq -438,Mekhi Singleton,WFO
27-04-2022,W 18,Atq -411,Nevaeh Waller,WFO
27-04-2022,W 18,Atq -462,Jarvis Singh,WFO
27-04-2022,W 18,Atq -406,Thanos Thakur,WFO
27-04-2022,W 18,Atq -398,Bo Cordova,WFH
27-04-2022,W 18,Atq -374,Kaley Fitzpatrick,WFH
27-04-2022,W 18,Atq -470,Jovani Pope,WFH
27-04-2022,W 18,Atq -430,Maximus Mckenzie,WFH
27-04-2022,W 18,Atq -443,Andrew Cummings,WFH
27-04-2022,W 18,Atq -382,Gustavo Ritter,WFH
27-04-2022,W 18,Atq -370,Ella Roth,WFH
27-04-2022,W 18,Atq -396,Joel Cruz,WFH
27-04-2022,W 18,Atq -458,Jessie Carrillo,WFO
27-04-2022,W 18,Atq -400,Chad Macias,WFO
27-04-2022,W 18,Atq -437,Dallas Weeks,WFO
27-04-2022,W 18,Atq -372,Miley Combs,WFO
27-04-2022,W 18,Atq -369,Greta Horton,WFO
27-04-2022,W 18,Atq -385,Finnegan Gilbert,WFO
27-04-2022,W 18,Atq -387,Konner Henson,WFO
27-04-2022,W 18,Atq -461,Josh Sharp,WFO
27-04-2022,W 18,Atq -453,Nehemiah Diaz,WFO
28-04-2022,W 18,Atq -376,Dominique Benjamin,WFO
28-04-2022,W 18,Atq -418,Hillary Kirk,WFO
28-04-2022,W 18,Atq -373,Isiah Small,WFO
28-04-2022,W 18,Atq -408,Nick Orozco,WFO
28-04-2022,W 18,Atq -418,Marquis Wyatt,WFO
28-04-2022,W 18,Atq -414,Titus Andersen,WFO
28-04-2022,W 18,Atq -403,Will Mahoney,WFO
28-04-2022,W 18,Atq -393,Emma Freeman,WFO
28-04-2022,W 18,Atq -367,Briley Orr,WFO
28-04-2022,W 18,Atq -452,Ayanna Atkins,WFO
28-04-2022,W 18,Atq -421,Rylee Mullins,WFO
28-04-2022,W 18,Atq -432,Ryann Guerrero,WFO
28-04-2022,W 18,Atq -484,Demarcus Gordon,WFO
28-04-2022,W 18,Atq -467,Esperanza Irwin,WFO
28-04-2022,W 18,Atq -396,Karma Reeves,WFO
28-04-2022,W 18,Atq -472,Cristofer Bernard,WFO
28-04-2022,W 18,Atq -412,Tucker Austin,WFO
28-04-2022,W 18,Atq -398,Salvatore Hendrix,WFO
28-04-2022,W 18,Atq -484,Adyson Moyer,WFO
28-04-2022,W 18,Atq -456,Adriel Pace,WFO
28-04-2022,W 18,Atq -375,Kenley Marsh,WFO
28-04-2022,W 18,Atq -475,London Kim,WFO
28-04-2022,W 18,Atq -331,Jonah Hamilton,WFO
28-04-2022,W 18,Atq -435,Dean Mclaughlin,WFO
28-04-2022,W 18,Atq -348,Weston Horton,WFO
28-04-2022,W 18,Atq -468,Xiomara Ruiz,WFO
28-04-2022,W 18,Atq -368,Macie Callahan,WFO
28-04-2022,W 18,Atq -475,Rey Novak,WFO
28-04-2022,W 18,Atq -375,Hailee Fitzpatrick,WFO
28-04-2022,W 18,Atq -433,Jayce Fuentes,WFO
28-04-2022,W 18,Atq -423,Rodrigo Price,WFO
28-04-2022,W 18,Atq -438,Miles Fields,WFO
28-04-2022,W 18,Atq -349,Trystan Ortega,WFO
28-04-2022,W 18,Atq -459,Iris Woodard,WFO
28-04-2022,W 18,Atq -419,Faith Hamilton,WFO
28-04-2022,W 18,Atq -446,April Ayers,WFO
28-04-2022,W 18,Atq -334,Boston Morse,WFO
28-04-2022,W 18,Atq -343,Myla Klein,WFO
28-04-2022,W 18,Atq -335,Madelynn Gray,WFO
28-04-2022,W 18,Atq -405,Sofia Solis,WFO
28-04-2022,W 18,Atq -450,Miya Hampton,WFO
28-04-2022,W 18,Atq -467,Cason David,WFO
28-04-2022,W 18,Atq -419,Kaylah Schultz,WFO
28-04-2022,W 18,Atq -443,Lyric Bartlett,WFO
28-04-2022,W 18,Atq -335,Tori Shannon,WFO
28-04-2022,W 18,Atq -397,Grace Stone,WFO
28-04-2022,W 18,Atq -404,Ana Little,WFO
28-04-2022,W 18,Atq -436,Phoenix Brady,WFO
28-04-2022,W 18,Atq -441,Loki Lal,WFO
28-04-2022,W 18,Atq -366,Peter Pandey,WFO
28-04-2022,W 18,Atq -438,Mekhi Singleton,WFO
28-04-2022,W 18,Atq -411,Nevaeh Waller,WFO
28-04-2022,W 18,Atq -462,Jarvis Singh,WFO
28-04-2022,W 18,Atq -406,Thanos Thakur,WFO
28-04-2022,W 18,Atq -440,Mckayla Parker,SL
28-04-2022,W 18,Atq -398,Bo Cordova,ML
28-04-2022,W 18,Atq -385,Jase Ingram,PL
28-04-2022,W 18,Atq -374,Kaley Fitzpatrick,WFH
28-04-2022,W 18,Atq -470,Jovani Pope,WFH
28-04-2022,W 18,Atq -430,Maximus Mckenzie,WFH
28-04-2022,W 18,Atq -382,Gustavo Ritter,WFH
28-04-2022,W 18,Atq -405,Chris Frye,WFH
28-04-2022,W 18,Atq -370,Ella Roth,WFH
28-04-2022,W 18,Atq -396,Joel Cruz,WFH
28-04-2022,W 18,Atq -458,Jessie Carrillo,WFO
28-04-2022,W 18,Atq -437,Dallas Weeks,WFO
28-04-2022,W 18,Atq -372,Miley Combs,WFO
28-04-2022,W 18,Atq -369,Greta Horton,WFO
28-04-2022,W 18,Atq -387,Konner Henson,WFO
28-04-2022,W 18,Atq -461,Josh Sharp,WFO
28-04-2022,W 18,Atq -453,Nehemiah Diaz,WFO
29-04-2022,W 18,Atq -408,Nick Orozco,WFO
29-04-2022,W 18,Atq -418,Marquis Wyatt,WFO
29-04-2022,W 18,Atq -414,Titus Andersen,WFO
29-04-2022,W 18,Atq -403,Will Mahoney,WFO
29-04-2022,W 18,Atq -393,Emma Freeman,WFO
29-04-2022,W 18,Atq -367,Briley Orr,WFO
29-04-2022,W 18,Atq -452,Ayanna Atkins,WFO
29-04-2022,W 18,Atq -421,Rylee Mullins,WFO
29-04-2022,W 18,Atq -432,Ryann Guerrero,WFO
29-04-2022,W 18,Atq -484,Demarcus Gordon,WFO
29-04-2022,W 18,Atq -467,Esperanza Irwin,WFO
29-04-2022,W 18,Atq -396,Karma Reeves,WFO
29-04-2022,W 18,Atq -472,Cristofer Bernard,WFO
29-04-2022,W 18,Atq -412,Tucker Austin,WFO
29-04-2022,W 18,Atq -484,Adyson Moyer,WFO
29-04-2022,W 18,Atq -385,Jase Ingram,WFO
29-04-2022,W 18,Atq -456,Adriel Pace,WFO
29-04-2022,W 18,Atq -375,Kenley Marsh,WFO
29-04-2022,W 18,Atq -475,London Kim,WFO
29-04-2022,W 18,Atq -331,Jonah Hamilton,WFO
29-04-2022,W 18,Atq -435,Dean Mclaughlin,WFO
29-04-2022,W 18,Atq -348,Weston Horton,WFO
29-04-2022,W 18,Atq -468,Xiomara Ruiz,WFO
29-04-2022,W 18,Atq -368,Macie Callahan,WFO
29-04-2022,W 18,Atq -475,Rey Novak,WFO
29-04-2022,W 18,Atq -375,Hailee Fitzpatrick,WFO
29-04-2022,W 18,Atq -433,Jayce Fuentes,WFO
29-04-2022,W 18,Atq -370,Ella Roth,WFO
29-04-2022,W 18,Atq -423,Rodrigo Price,WFO
29-04-2022,W 18,Atq -438,Miles Fields,WFO
29-04-2022,W 18,Atq -349,Trystan Ortega,WFO
29-04-2022,W 18,Atq -419,Faith Hamilton,WFO
29-04-2022,W 18,Atq -446,April Ayers,WFO
29-04-2022,W 18,Atq -334,Boston Morse,WFO
29-04-2022,W 18,Atq -343,Myla Klein,WFO
29-04-2022,W 18,Atq -335,Madelynn Gray,WFO
29-04-2022,W 18,Atq -440,Mckayla Parker,WFO
29-04-2022,W 18,Atq -405,Sofia Solis,WFO
29-04-2022,W 18,Atq -450,Miya Hampton,WFO
29-04-2022,W 18,Atq -467,Cason David,WFO
29-04-2022,W 18,Atq -419,Kaylah Schultz,WFO
29-04-2022,W 18,Atq -443,Lyric Bartlett,WFO
29-04-2022,W 18,Atq -335,Tori Shannon,WFO
29-04-2022,W 18,Atq -404,Ana Little,WFO
29-04-2022,W 18,Atq -436,Phoenix Brady,WFO
29-04-2022,W 18,Atq -441,Loki Lal,WFO
29-04-2022,W 18,Atq -366,Peter Pandey,WFO
29-04-2022,W 18,Atq -438,Mekhi Singleton,WFO
29-04-2022,W 18,Atq -411,Nevaeh Waller,WFO
29-04-2022,W 18,Atq -462,Jarvis Singh,WFO
29-04-2022,W 18,Atq -406,Thanos Thakur,WFO
29-04-2022,W 18,Atq -397,Grace Stone,WFH
29-04-2022,W 18,Atq -398,Bo Cordova,WFH
29-04-2022,W 18,Atq -459,Iris Woodard,BL
29-04-2022,W 18,Atq -398,Salvatore Hendrix,PL
29-04-2022,W 18,Atq -400,Chad Macias,WFH
29-04-2022,W 18,Atq -374,Kaley Fitzpatrick,WFH
29-04-2022,W 18,Atq -470,Jovani Pope,WFH
29-04-2022,W 18,Atq -455,Caylee Meadows,WFH
29-04-2022,W 18,Atq -385,Finnegan Gilbert,WFH
29-04-2022,W 18,Atq -430,Maximus Mckenzie,WFH
29-04-2022,W 18,Atq -443,Andrew Cummings,WFH
29-04-2022,W 18,Atq -382,Gustavo Ritter,WFH
29-04-2022,W 18,Atq -405,Chris Frye,WFH
29-04-2022,W 18,Atq -396,Joel Cruz,WFH
29-04-2022,W 18,Atq -458,Jessie Carrillo,WO
29-04-2022,W 18,Atq -400,Chad Macias,WO
29-04-2022,W 18,Atq -437,Dallas Weeks,WO
29-04-2022,W 18,Atq -372,Miley Combs,WO
29-04-2022,W 18,Atq -369,Greta Horton,WO
29-04-2022,W 18,Atq -374,Kaley Fitzpatrick,WO
29-04-2022,W 18,Atq -470,Jovani Pope,WO
29-04-2022,W 18,Atq -455,Caylee Meadows,WO
29-04-2022,W 18,Atq -385,Finnegan Gilbert,WO
29-04-2022,W 18,Atq -387,Konner Henson,WO
30-04-2022,W 18,Atq -430,Maximus Mckenzie,WO
30-04-2022,W 18,Atq -443,Andrew Cummings,WO
30-04-2022,W 18,Atq -461,Josh Sharp,WO
30-04-2022,W 18,Atq -453,Nehemiah Diaz,WO
30-04-2022,W 18,Atq -376,Dominique Benjamin,WO
30-04-2022,W 18,Atq -418,Hillary Kirk,WO
30-04-2022,W 18,Atq -373,Isiah Small,WO
30-04-2022,W 18,Atq -382,Gustavo Ritter,WO
30-04-2022,W 18,Atq -408,Nick Orozco,WO
30-04-2022,W 18,Atq -418,Marquis Wyatt,WO
30-04-2022,W 18,Atq -414,Titus Andersen,WO
30-04-2022,W 18,Atq -403,Will Mahoney,WO
30-04-2022,W 18,Atq -393,Emma Freeman,WO
30-04-2022,W 18,Atq -367,Briley Orr,WO
30-04-2022,W 18,Atq -452,Ayanna Atkins,WO
30-04-2022,W 18,Atq -485,Gregory Carr,WO
30-04-2022,W 18,Atq -421,Rylee Mullins,WO
30-04-2022,W 18,Atq -432,Ryann Guerrero,WO
30-04-2022,W 18,Atq -484,Demarcus Gordon,WO
30-04-2022,W 18,Atq -428,Ciara Allison,WO
30-04-2022,W 18,Atq -467,Esperanza Irwin,WO
30-04-2022,W 18,Atq -396,Karma Reeves,WO
30-04-2022,W 18,Atq -472,Cristofer Bernard,WO
30-04-2022,W 18,Atq -412,Tucker Austin,WO
30-04-2022,W 18,Atq -398,Salvatore Hendrix,WO
30-04-2022,W 18,Atq -484,Adyson Moyer,WO
30-04-2022,W 18,Atq -385,Jase Ingram,WO
30-04-2022,W 18,Atq -456,Adriel Pace,WO
30-04-2022,W 18,Atq -375,Kenley Marsh,WO
30-04-2022,W 18,Atq -475,London Kim,WO
30-04-2022,W 18,Atq -405,Chris Frye,WO
30-04-2022,W 18,Atq -426,Roman Colon,WO
30-04-2022,W 18,Atq -331,Jonah Hamilton,WO
30-04-2022,W 18,Atq -435,Dean Mclaughlin,WO
30-04-2022,W 18,Atq -348,Weston Horton,WO
30-04-2022,W 18,Atq -468,Xiomara Ruiz,WO
30-04-2022,W 18,Atq -368,Macie Callahan,WO
30-04-2022,W 18,Atq -475,Rey Novak,WO
30-04-2022,W 18,Atq -375,Hailee Fitzpatrick,WO
30-04-2022,W 18,Atq -433,Jayce Fuentes,WO
30-04-2022,W 18,Atq -370,Ella Roth,WO
30-04-2022,W 18,Atq -423,Rodrigo Price,WO
30-04-2022,W 18,Atq -438,Miles Fields,WO
30-04-2022,W 18,Atq -349,Trystan Ortega,WO
30-04-2022,W 18,Atq -459,Iris Woodard,WO
30-04-2022,W 18,Atq -396,Joel Cruz,WO
30-04-2022,W 18,Atq -393,Janelle Raymond,WO
30-04-2022,W 18,Atq -419,Faith Hamilton,WO
30-04-2022,W 18,Atq -446,April Ayers,WO
30-04-2022,W 18,Atq -334,Boston Morse,WO
30-04-2022,W 18,Atq -343,Myla Klein,WO
30-04-2022,W 18,Atq -335,Madelynn Gray,WO
30-04-2022,W 18,Atq -440,Mckayla Parker,WO
30-04-2022,W 18,Atq -405,Sofia Solis,WO
30-04-2022,W 18,Atq -450,Miya Hampton,WO
30-04-2022,W 18,Atq -467,Cason David,WO
30-04-2022,W 18,Atq -419,Kaylah Schultz,WO
30-04-2022,W 18,Atq -443,Lyric Bartlett,WO
30-04-2022,W 18,Atq -335,Tori Shannon,WO
30-04-2022,W 18,Atq -397,Grace Stone,WO
30-04-2022,W 18,Atq -404,Ana Little,WO
30-04-2022,W 18,Atq -436,Phoenix Brady,WO
30-04-2022,W 18,Atq -441,Loki Lal,WO
30-04-2022,W 18,Atq -366,Peter Pandey,WO
30-04-2022,W 18,Atq -438,Mekhi Singleton,WO
30-04-2022,W 18,Atq -398,Bo Cordova,WO
30-04-2022,W 18,Atq -411,Nevaeh Waller,WO
30-04-2022,W 18,Atq -462,Jarvis Singh,WO
30-04-2022,W 18,Atq -406,Thanos Thakur,WO
30-04-2022,W 19,Atq -458,Jessie Carrillo,WFO
30-04-2022,W 19,Atq -400,Chad Macias,WFO
30-04-2022,W 19,Atq -437,Dallas Weeks,WFO
30-04-2022,W 19,Atq -372,Miley Combs,WFO
30-04-2022,W 19,Atq -455,Caylee Meadows,WFO
30-04-2022,W 19,Atq -385,Finnegan Gilbert,WFO
30-04-2022,W 19,Atq -387,Konner Henson,WFO
30-04-2022,W 19,Atq -411,Samuel Murray,WFO
30-04-2022,W 19,Atq -461,Josh Sharp,WFO
30-04-2022,W 19,Atq -376,Dominique Benjamin,WFO
02-05-2022,W 19,Atq -418,Hillary Kirk,WFO
02-05-2022,W 19,Atq -373,Isiah Small,WFO
02-05-2022,W 19,Atq -408,Nick Orozco,WFO
02-05-2022,W 19,Atq -418,Marquis Wyatt,WFO
02-05-2022,W 19,Atq -414,Titus Andersen,WFO
02-05-2022,W 19,Atq -403,Will Mahoney,WFO
02-05-2022,W 19,Atq -367,Briley Orr,WFO
02-05-2022,W 19,Atq -452,Ayanna Atkins,WFO
02-05-2022,W 19,Atq -421,Rylee Mullins,WFO
02-05-2022,W 19,Atq -484,Demarcus Gordon,WFO
02-05-2022,W 19,Atq -396,Karma Reeves,WFO
02-05-2022,W 19,Atq -472,Cristofer Bernard,WFO
02-05-2022,W 19,Atq -412,Tucker Austin,WFO
02-05-2022,W 19,Atq -484,Adyson Moyer,WFO
02-05-2022,W 19,Atq -385,Jase Ingram,WFO
02-05-2022,W 19,Atq -456,Adriel Pace,WFO
02-05-2022,W 19,Atq -405,Chris Frye,WFO
02-05-2022,W 19,Atq -331,Jonah Hamilton,WFO
02-05-2022,W 19,Atq -435,Dean Mclaughlin,WFO
02-05-2022,W 19,Atq -348,Weston Horton,WFO
02-05-2022,W 19,Atq -468,Xiomara Ruiz,WFO
02-05-2022,W 19,Atq -368,Macie Callahan,WFO
02-05-2022,W 19,Atq -475,Rey Novak,WFO
02-05-2022,W 19,Atq -375,Hailee Fitzpatrick,WFO
02-05-2022,W 19,Atq -433,Jayce Fuentes,WFO
02-05-2022,W 19,Atq -370,Ella Roth,WFO
02-05-2022,W 19,Atq -423,Rodrigo Price,WFO
02-05-2022,W 19,Atq -438,Miles Fields,WFO
02-05-2022,W 19,Atq -349,Trystan Ortega,WFO
02-05-2022,W 19,Atq -459,Iris Woodard,WFO
02-05-2022,W 19,Atq -419,Faith Hamilton,WFO
02-05-2022,W 19,Atq -446,April Ayers,WFO
02-05-2022,W 19,Atq -334,Boston Morse,WFO
02-05-2022,W 19,Atq -343,Myla Klein,WFO
02-05-2022,W 19,Atq -440,Mckayla Parker,WFO
02-05-2022,W 19,Atq -405,Sofia Solis,WFO
02-05-2022,W 19,Atq -450,Miya Hampton,WFO
02-05-2022,W 19,Atq -467,Cason David,WFO
02-05-2022,W 19,Atq -419,Kaylah Schultz,WFO
02-05-2022,W 19,Atq -443,Lyric Bartlett,WFO
02-05-2022,W 19,Atq -335,Tori Shannon,WFO
02-05-2022,W 19,Atq -397,Grace Stone,WFO
02-05-2022,W 19,Atq -404,Ana Little,WFO
02-05-2022,W 19,Atq -436,Phoenix Brady,WFO
02-05-2022,W 19,Atq -441,Loki Lal,WFO
02-05-2022,W 19,Atq -366,Peter Pandey,WFO
02-05-2022,W 19,Atq -438,Mekhi Singleton,WFO
02-05-2022,W 19,Atq -398,Bo Cordova,WFO
02-05-2022,W 19,Atq -411,Nevaeh Waller,WFO
02-05-2022,W 19,Atq -462,Jarvis Singh,WFO
02-05-2022,W 19,Atq -406,Thanos Thakur,WFO
02-05-2022,W 19,Atq -374,Kaley Fitzpatrick,WFH
02-05-2022,W 19,Atq -470,Jovani Pope,WFH
02-05-2022,W 19,Atq -453,Nehemiah Diaz,WFH
02-05-2022,W 19,Atq -382,Gustavo Ritter,WFH
02-05-2022,W 19,Atq -398,Salvatore Hendrix,WFH
02-05-2022,W 19,Atq -375,Kenley Marsh,WFH
02-05-2022,W 19,Atq -475,London Kim,WFH
02-05-2022,W 19,Atq -335,Madelynn Gray,WFH
02-05-2022,W 19,Atq -432,Ryann Guerrero,PL
02-05-2022,W 19,Atq -467,Esperanza Irwin,PL
02-05-2022,W 19,Atq -396,Joel Cruz,PL
02-05-2022,W 19,Atq -437,Dallas Weeks,WFO
02-05-2022,W 19,Atq -372,Miley Combs,WFO
02-05-2022,W 19,Atq -455,Caylee Meadows,WFO
02-05-2022,W 19,Atq -387,Konner Henson,WFO
02-05-2022,W 19,Atq -472,Quincy Mendez,WFO
02-05-2022,W 19,Atq -411,Samuel Murray,WFO
02-05-2022,W 19,Atq -461,Josh Sharp,WFO
02-05-2022,W 19,Atq -376,Dominique Benjamin,WFO
03-05-2022,W 19,Atq -414,Titus Andersen,WFO
03-05-2022,W 19,Atq -403,Will Mahoney,WFO
03-05-2022,W 19,Atq -452,Ayanna Atkins,WFO
03-05-2022,W 19,Atq -421,Rylee Mullins,WFO
03-05-2022,W 19,Atq -432,Ryann Guerrero,WFO
03-05-2022,W 19,Atq -484,Demarcus Gordon,WFO
03-05-2022,W 19,Atq -396,Karma Reeves,WFO
03-05-2022,W 19,Atq -472,Cristofer Bernard,WFO
03-05-2022,W 19,Atq -412,Tucker Austin,WFO
03-05-2022,W 19,Atq -484,Adyson Moyer,WFO
03-05-2022,W 19,Atq -456,Adriel Pace,WFO
03-05-2022,W 19,Atq -375,Kenley Marsh,WFO
03-05-2022,W 19,Atq -405,Chris Frye,WFO
03-05-2022,W 19,Atq -331,Jonah Hamilton,WFO
03-05-2022,W 19,Atq -435,Dean Mclaughlin,WFO
03-05-2022,W 19,Atq -348,Weston Horton,WFO
03-05-2022,W 19,Atq -468,Xiomara Ruiz,WFO
03-05-2022,W 19,Atq -368,Macie Callahan,WFO
03-05-2022,W 19,Atq -375,Hailee Fitzpatrick,WFO
03-05-2022,W 19,Atq -433,Jayce Fuentes,WFO
03-05-2022,W 19,Atq -438,Miles Fields,WFO
03-05-2022,W 19,Atq -349,Trystan Ortega,WFO
03-05-2022,W 19,Atq -446,April Ayers,WFO
03-05-2022,W 19,Atq -334,Boston Morse,WFO
03-05-2022,W 19,Atq -343,Myla Klein,WFO
03-05-2022,W 19,Atq -335,Madelynn Gray,WFO
03-05-2022,W 19,Atq -440,Mckayla Parker,WFO
03-05-2022,W 19,Atq -405,Sofia Solis,WFO
03-05-2022,W 19,Atq -450,Miya Hampton,WFO
03-05-2022,W 19,Atq -467,Cason David,WFO
03-05-2022,W 19,Atq -419,Kaylah Schultz,WFO
03-05-2022,W 19,Atq -443,Lyric Bartlett,WFO
03-05-2022,W 19,Atq -335,Tori Shannon,WFO
03-05-2022,W 19,Atq -404,Ana Little,WFO
03-05-2022,W 19,Atq -441,Loki Lal,WFO
03-05-2022,W 19,Atq -366,Peter Pandey,WFO
03-05-2022,W 19,Atq -438,Mekhi Singleton,WFO
03-05-2022,W 19,Atq -398,Bo Cordova,WFO
03-05-2022,W 19,Atq -411,Nevaeh Waller,WFO
03-05-2022,W 19,Atq -462,Jarvis Singh,WFO
03-05-2022,W 19,Atq -406,Thanos Thakur,WFO
03-05-2022,W 19,Atq -374,Kaley Fitzpatrick,WFH
03-05-2022,W 19,Atq -470,Jovani Pope,WFH
03-05-2022,W 19,Atq -382,Gustavo Ritter,WFH
03-05-2022,W 19,Atq -398,Salvatore Hendrix,WFH
03-05-2022,W 19,Atq -475,London Kim,WFH
03-05-2022,W 19,Atq -423,Rodrigo Price,WFH
03-05-2022,W 19,Atq -385,Jase Ingram,SL
03-05-2022,W 19,Atq -475,Rey Novak,SL
03-05-2022,W 19,Atq -419,Faith Hamilton,ML
03-05-2022,W 19,Atq -453,Nehemiah Diaz,PL
03-05-2022,W 19,Atq -393,Emma Freeman,PL
03-05-2022,W 19,Atq -467,Esperanza Irwin,PL
03-05-2022,W 19,Atq -370,Ella Roth,PL
03-05-2022,W 19,Atq -459,Iris Woodard,PL
03-05-2022,W 19,Atq -396,Joel Cruz,PL
03-05-2022,W 19,Atq -437,Dallas Weeks,WFO
03-05-2022,W 19,Atq -455,Caylee Meadows,WFO
03-05-2022,W 19,Atq -385,Finnegan Gilbert,WFO
03-05-2022,W 19,Atq -387,Konner Henson,WFO
03-05-2022,W 19,Atq -472,Quincy Mendez,WFO
03-05-2022,W 19,Atq -411,Samuel Murray,WFO
03-05-2022,W 19,Atq -461,Josh Sharp,WFO
03-05-2022,W 19,Atq -376,Dominique Benjamin,WFO
03-05-2022,W 19,Atq -418,Hillary Kirk,WFO
03-05-2022,W 19,Atq -373,Isiah Small,WFO
03-05-2022,W 19,Atq -418,Marquis Wyatt,WFO
04-05-2022,W 19,Atq -414,Titus Andersen,WFO
04-05-2022,W 19,Atq -403,Will Mahoney,WFO
04-05-2022,W 19,Atq -393,Emma Freeman,WFO
04-05-2022,W 19,Atq -452,Ayanna Atkins,WFO
04-05-2022,W 19,Atq -421,Rylee Mullins,WFO
04-05-2022,W 19,Atq -432,Ryann Guerrero,WFO
04-05-2022,W 19,Atq -484,Demarcus Gordon,WFO
04-05-2022,W 19,Atq -396,Karma Reeves,WFO
04-05-2022,W 19,Atq -472,Cristofer Bernard,WFO
04-05-2022,W 19,Atq -412,Tucker Austin,WFO
04-05-2022,W 19,Atq -484,Adyson Moyer,WFO
04-05-2022,W 19,Atq -456,Adriel Pace,WFO
04-05-2022,W 19,Atq -405,Chris Frye,WFO
04-05-2022,W 19,Atq -435,Dean Mclaughlin,WFO
04-05-2022,W 19,Atq -468,Xiomara Ruiz,WFO
04-05-2022,W 19,Atq -368,Macie Callahan,WFO
04-05-2022,W 19,Atq -475,Rey Novak,WFO
04-05-2022,W 19,Atq -375,Hailee Fitzpatrick,WFO
04-05-2022,W 19,Atq -433,Jayce Fuentes,WFO
04-05-2022,W 19,Atq -423,Rodrigo Price,WFO
04-05-2022,W 19,Atq -438,Miles Fields,WFO
04-05-2022,W 19,Atq -349,Trystan Ortega,WFO
04-05-2022,W 19,Atq -459,Iris Woodard,WFO
04-05-2022,W 19,Atq -419,Faith Hamilton,WFO
04-05-2022,W 19,Atq -446,April Ayers,WFO
04-05-2022,W 19,Atq -334,Boston Morse,WFO
04-05-2022,W 19,Atq -343,Myla Klein,WFO
04-05-2022,W 19,Atq -335,Madelynn Gray,WFO
04-05-2022,W 19,Atq -405,Sofia Solis,WFO
04-05-2022,W 19,Atq -450,Miya Hampton,WFO
04-05-2022,W 19,Atq -467,Cason David,WFO
04-05-2022,W 19,Atq -443,Lyric Bartlett,WFO
04-05-2022,W 19,Atq -335,Tori Shannon,WFO
04-05-2022,W 19,Atq -436,Phoenix Brady,WFO
04-05-2022,W 19,Atq -441,Loki Lal,WFO
04-05-2022,W 19,Atq -366,Peter Pandey,WFO
04-05-2022,W 19,Atq -438,Mekhi Singleton,WFO
04-05-2022,W 19,Atq -398,Bo Cordova,WFO
04-05-2022,W 19,Atq -411,Nevaeh Waller,WFO
04-05-2022,W 19,Atq -462,Jarvis Singh,WFO
04-05-2022,W 19,Atq -406,Thanos Thakur,WFO
04-05-2022,W 19,Atq -374,Kaley Fitzpatrick,WFH
04-05-2022,W 19,Atq -470,Jovani Pope,WFH
04-05-2022,W 19,Atq -382,Gustavo Ritter,WFH
04-05-2022,W 19,Atq -398,Salvatore Hendrix,WFH
04-05-2022,W 19,Atq -385,Jase Ingram,WFH
04-05-2022,W 19,Atq -475,London Kim,WFH
04-05-2022,W 19,Atq -331,Jonah Hamilton,WFH
04-05-2022,W 19,Atq -370,Ella Roth,WFH
04-05-2022,W 19,Atq -419,Kaylah Schultz,WFH
04-05-2022,W 19,Atq -453,Nehemiah Diaz,PL
04-05-2022,W 19,Atq -367,Briley Orr,PL
04-05-2022,W 19,Atq -467,Esperanza Irwin,PL
04-05-2022,W 19,Atq -348,Weston Horton,PL
04-05-2022,W 19,Atq -396,Joel Cruz,PL
04-05-2022,W 19,Atq -397,Grace Stone,PL
04-05-2022,W 19,Atq -404,Ana Little,PL
04-05-2022,W 19,Atq -458,Jessie Carrillo,WFO
04-05-2022,W 19,Atq -400,Chad Macias,WFO
04-05-2022,W 19,Atq -437,Dallas Weeks,WFO
04-05-2022,W 19,Atq -455,Caylee Meadows,WFO
04-05-2022,W 19,Atq -385,Finnegan Gilbert,WFO
04-05-2022,W 19,Atq -387,Konner Henson,WFO
04-05-2022,W 19,Atq -472,Quincy Mendez,WFO
04-05-2022,W 19,Atq -411,Samuel Murray,WFO
04-05-2022,W 19,Atq -461,Josh Sharp,WFO
04-05-2022,W 19,Atq -376,Dominique Benjamin,WFO
04-05-2022,W 19,Atq -418,Hillary Kirk,WFO
05-05-2022,W 19,Atq -373,Isiah Small,WFO
05-05-2022,W 19,Atq -408,Nick Orozco,WFO
05-05-2022,W 19,Atq -418,Marquis Wyatt,WFO
05-05-2022,W 19,Atq -414,Titus Andersen,WFO
05-05-2022,W 19,Atq -403,Will Mahoney,WFO
05-05-2022,W 19,Atq -393,Emma Freeman,WFO
05-05-2022,W 19,Atq -421,Rylee Mullins,WFO
05-05-2022,W 19,Atq -432,Ryann Guerrero,WFO
05-05-2022,W 19,Atq -484,Demarcus Gordon,WFO
05-05-2022,W 19,Atq -396,Karma Reeves,WFO
05-05-2022,W 19,Atq -472,Cristofer Bernard,WFO
05-05-2022,W 19,Atq -412,Tucker Austin,WFO
05-05-2022,W 19,Atq -484,Adyson Moyer,WFO
05-05-2022,W 19,Atq -456,Adriel Pace,WFO
05-05-2022,W 19,Atq -331,Jonah Hamilton,WFO
05-05-2022,W 19,Atq -435,Dean Mclaughlin,WFO
05-05-2022,W 19,Atq -468,Xiomara Ruiz,WFO
05-05-2022,W 19,Atq -368,Macie Callahan,WFO
05-05-2022,W 19,Atq -475,Rey Novak,WFO
05-05-2022,W 19,Atq -375,Hailee Fitzpatrick,WFO
05-05-2022,W 19,Atq -433,Jayce Fuentes,WFO
05-05-2022,W 19,Atq -423,Rodrigo Price,WFO
05-05-2022,W 19,Atq -438,Miles Fields,WFO
05-05-2022,W 19,Atq -349,Trystan Ortega,WFO
05-05-2022,W 19,Atq -459,Iris Woodard,WFO
05-05-2022,W 19,Atq -419,Faith Hamilton,WFO
05-05-2022,W 19,Atq -446,April Ayers,WFO
05-05-2022,W 19,Atq -334,Boston Morse,WFO
05-05-2022,W 19,Atq -343,Myla Klein,WFO
05-05-2022,W 19,Atq -335,Madelynn Gray,WFO
05-05-2022,W 19,Atq -440,Mckayla Parker,WFO
05-05-2022,W 19,Atq -405,Sofia Solis,WFO
05-05-2022,W 19,Atq -450,Miya Hampton,WFO
05-05-2022,W 19,Atq -467,Cason David,WFO
05-05-2022,W 19,Atq -443,Lyric Bartlett,WFO
05-05-2022,W 19,Atq -335,Tori Shannon,WFO
05-05-2022,W 19,Atq -397,Grace Stone,WFO
05-05-2022,W 19,Atq -404,Ana Little,WFO
05-05-2022,W 19,Atq -436,Phoenix Brady,WFO
05-05-2022,W 19,Atq -441,Loki Lal,WFO
05-05-2022,W 19,Atq -366,Peter Pandey,WFO
05-05-2022,W 19,Atq -438,Mekhi Singleton,WFO
05-05-2022,W 19,Atq -398,Bo Cordova,WFO
05-05-2022,W 19,Atq -411,Nevaeh Waller,WFO
05-05-2022,W 19,Atq -462,Jarvis Singh,WFO
05-05-2022,W 19,Atq -406,Thanos Thakur,WFO
05-05-2022,W 19,Atq -374,Kaley Fitzpatrick,WFH
05-05-2022,W 19,Atq -470,Jovani Pope,WFH
05-05-2022,W 19,Atq -453,Nehemiah Diaz,WFH
05-05-2022,W 19,Atq -382,Gustavo Ritter,WFH
05-05-2022,W 19,Atq -367,Briley Orr,WFH
05-05-2022,W 19,Atq -398,Salvatore Hendrix,WFH
05-05-2022,W 19,Atq -385,Jase Ingram,WFH
05-05-2022,W 19,Atq -475,London Kim,WFH
05-05-2022,W 19,Atq -405,Chris Frye,WFH
05-05-2022,W 19,Atq -370,Ella Roth,WFH
05-05-2022,W 19,Atq -419,Kaylah Schultz,WFH
05-05-2022,W 19,Atq -452,Ayanna Atkins,SL
05-05-2022,W 19,Atq -467,Esperanza Irwin,PL
05-05-2022,W 19,Atq -375,Kenley Marsh,PL
05-05-2022,W 19,Atq -348,Weston Horton,PL
05-05-2022,W 19,Atq -396,Joel Cruz,PL
05-05-2022,W 19,Atq -458,Jessie Carrillo,WFO
05-05-2022,W 19,Atq -400,Chad Macias,WFO
05-05-2022,W 19,Atq -437,Dallas Weeks,WFO
05-05-2022,W 19,Atq -385,Finnegan Gilbert,WFO
05-05-2022,W 19,Atq -387,Konner Henson,WFO
05-05-2022,W 19,Atq -472,Quincy Mendez,WFO
05-05-2022,W 19,Atq -461,Josh Sharp,WFO
05-05-2022,W 19,Atq -376,Dominique Benjamin,WFO
05-05-2022,W 19,Atq -418,Hillary Kirk,WFO
06-05-2022,W 19,Atq -418,Marquis Wyatt,WFO
06-05-2022,W 19,Atq -414,Titus Andersen,WFO
06-05-2022,W 19,Atq -393,Emma Freeman,WFO
06-05-2022,W 19,Atq -421,Rylee Mullins,WFO
06-05-2022,W 19,Atq -432,Ryann Guerrero,WFO
06-05-2022,W 19,Atq -484,Demarcus Gordon,WFO
06-05-2022,W 19,Atq -396,Karma Reeves,WFO
06-05-2022,W 19,Atq -472,Cristofer Bernard,WFO
06-05-2022,W 19,Atq -385,Jase Ingram,WFO
06-05-2022,W 19,Atq -456,Adriel Pace,WFO
06-05-2022,W 19,Atq -435,Dean Mclaughlin,WFO
06-05-2022,W 19,Atq -368,Macie Callahan,WFO
06-05-2022,W 19,Atq -475,Rey Novak,WFO
06-05-2022,W 19,Atq -375,Hailee Fitzpatrick,WFO
06-05-2022,W 19,Atq -433,Jayce Fuentes,WFO
06-05-2022,W 19,Atq -423,Rodrigo Price,WFO
06-05-2022,W 19,Atq -438,Miles Fields,WFO
06-05-2022,W 19,Atq -349,Trystan Ortega,WFO
06-05-2022,W 19,Atq -459,Iris Woodard,WFO
06-05-2022,W 19,Atq -419,Faith Hamilton,WFO
06-05-2022,W 19,Atq -446,April Ayers,WFO
06-05-2022,W 19,Atq -334,Boston Morse,WFO
06-05-2022,W 19,Atq -343,Myla Klein,WFO
06-05-2022,W 19,Atq -335,Madelynn Gray,WFO
06-05-2022,W 19,Atq -440,Mckayla Parker,WFO
06-05-2022,W 19,Atq -405,Sofia Solis,WFO
06-05-2022,W 19,Atq -450,Miya Hampton,WFO
06-05-2022,W 19,Atq -467,Cason David,WFO
06-05-2022,W 19,Atq -443,Lyric Bartlett,WFO
06-05-2022,W 19,Atq -335,Tori Shannon,WFO
06-05-2022,W 19,Atq -404,Ana Little,WFO
06-05-2022,W 19,Atq -441,Loki Lal,WFO
06-05-2022,W 19,Atq -366,Peter Pandey,WFO
06-05-2022,W 19,Atq -438,Mekhi Singleton,WFO
06-05-2022,W 19,Atq -398,Bo Cordova,WFO
06-05-2022,W 19,Atq -411,Nevaeh Waller,WFO
06-05-2022,W 19,Atq -462,Jarvis Singh,WFO
06-05-2022,W 19,Atq -406,Thanos Thakur,WFO
06-05-2022,W 19,Atq -374,Kaley Fitzpatrick,WFH
06-05-2022,W 19,Atq -470,Jovani Pope,WFH
06-05-2022,W 19,Atq -453,Nehemiah Diaz,WFH
06-05-2022,W 19,Atq -382,Gustavo Ritter,WFH
06-05-2022,W 19,Atq -403,Will Mahoney,WFH
06-05-2022,W 19,Atq -367,Briley Orr,WFH
06-05-2022,W 19,Atq -452,Ayanna Atkins,WFH
06-05-2022,W 19,Atq -398,Salvatore Hendrix,WFH
06-05-2022,W 19,Atq -375,Kenley Marsh,WFH
06-05-2022,W 19,Atq -475,London Kim,WFH
06-05-2022,W 19,Atq -405,Chris Frye,WFH
06-05-2022,W 19,Atq -348,Weston Horton,WFH
06-05-2022,W 19,Atq -370,Ella Roth,WFH
06-05-2022,W 19,Atq -419,Kaylah Schultz,WFH
06-05-2022,W 19,Atq -397,Grace Stone,WFH
06-05-2022,W 19,Atq -412,Tucker Austin,SL
06-05-2022,W 19,Atq -468,Xiomara Ruiz,SL
06-05-2022,W 19,Atq -411,Samuel Murray,PL
06-05-2022,W 19,Atq -467,Esperanza Irwin,PL
06-05-2022,W 19,Atq -396,Joel Cruz,PL
06-05-2022,W 19,Atq -389,Julien Hamilton,WO
06-05-2022,W 19,Atq -414,Mckayla Miles,WO
06-05-2022,W 19,Atq -461,Shea Zuniga,WO
06-05-2022,W 19,Atq -426,Isabella Pittman,WO
06-05-2022,W 19,Atq -362,Kiana Mcmillan,WO
06-05-2022,W 19,Atq -476,Kane Malone,WO
06-05-2022,W 19,Atq -455,Aditya Walls,WO
06-05-2022,W 19,Atq -458,Jessie Carrillo,WO
06-05-2022,W 19,Atq -400,Chad Macias,WO
06-05-2022,W 19,Atq -437,Dallas Weeks,WO
06-05-2022,W 19,Atq -372,Miley Combs,WO
07-05-2022,W 19,Atq -374,Kaley Fitzpatrick,WO
07-05-2022,W 19,Atq -470,Jovani Pope,WO
07-05-2022,W 19,Atq -455,Caylee Meadows,WO
07-05-2022,W 19,Atq -385,Finnegan Gilbert,WO
07-05-2022,W 19,Atq -387,Konner Henson,WO
07-05-2022,W 19,Atq -430,Maximus Mckenzie,WO
07-05-2022,W 19,Atq -371,Kayleigh Kennedy,WO
07-05-2022,W 19,Atq -364,Keaton Nixon,WO
07-05-2022,W 19,Atq -448,Athena Rios,WO
07-05-2022,W 19,Atq -472,Quincy Mendez,WO
07-05-2022,W 19,Atq -411,Samuel Murray,WO
07-05-2022,W 19,Atq -461,Josh Sharp,WO
07-05-2022,W 19,Atq -453,Nehemiah Diaz,WO
07-05-2022,W 19,Atq -376,Dominique Benjamin,WO
07-05-2022,W 19,Atq -418,Hillary Kirk,WO
07-05-2022,W 19,Atq -373,Isiah Small,WO
07-05-2022,W 19,Atq -382,Gustavo Ritter,WO
07-05-2022,W 19,Atq -408,Nick Orozco,WO
07-05-2022,W 19,Atq -418,Marquis Wyatt,WO
07-05-2022,W 19,Atq -414,Titus Andersen,WO
07-05-2022,W 19,Atq -403,Will Mahoney,WO
07-05-2022,W 19,Atq -393,Emma Freeman,WO
07-05-2022,W 19,Atq -367,Briley Orr,WO
07-05-2022,W 19,Atq -452,Ayanna Atkins,WO
07-05-2022,W 19,Atq -421,Rylee Mullins,WO
07-05-2022,W 19,Atq -432,Ryann Guerrero,WO
07-05-2022,W 19,Atq -484,Demarcus Gordon,WO
07-05-2022,W 19,Atq -467,Esperanza Irwin,WO
07-05-2022,W 19,Atq -396,Karma Reeves,WO
07-05-2022,W 19,Atq -472,Cristofer Bernard,WO
07-05-2022,W 19,Atq -412,Tucker Austin,WO
07-05-2022,W 19,Atq -398,Salvatore Hendrix,WO
07-05-2022,W 19,Atq -484,Adyson Moyer,WO
07-05-2022,W 19,Atq -385,Jase Ingram,WO
07-05-2022,W 19,Atq -456,Adriel Pace,WO
07-05-2022,W 19,Atq -375,Kenley Marsh,WO
07-05-2022,W 19,Atq -475,London Kim,WO
07-05-2022,W 19,Atq -405,Chris Frye,WO
07-05-2022,W 19,Atq -331,Jonah Hamilton,WO
07-05-2022,W 19,Atq -435,Dean Mclaughlin,WO
07-05-2022,W 19,Atq -348,Weston Horton,WO
07-05-2022,W 19,Atq -468,Xiomara Ruiz,WO
07-05-2022,W 19,Atq -368,Macie Callahan,WO
07-05-2022,W 19,Atq -475,Rey Novak,WO
07-05-2022,W 19,Atq -375,Hailee Fitzpatrick,WO
07-05-2022,W 19,Atq -433,Jayce Fuentes,WO
07-05-2022,W 19,Atq -370,Ella Roth,WO
07-05-2022,W 19,Atq -423,Rodrigo Price,WO
07-05-2022,W 19,Atq -438,Miles Fields,WO
07-05-2022,W 19,Atq -349,Trystan Ortega,WO
07-05-2022,W 19,Atq -459,Iris Woodard,WO
07-05-2022,W 19,Atq -396,Joel Cruz,WO
07-05-2022,W 19,Atq -419,Faith Hamilton,WO
07-05-2022,W 19,Atq -446,April Ayers,WO
07-05-2022,W 19,Atq -334,Boston Morse,WO
07-05-2022,W 19,Atq -343,Myla Klein,WO
07-05-2022,W 19,Atq -335,Madelynn Gray,WO
07-05-2022,W 19,Atq -440,Mckayla Parker,WO
07-05-2022,W 19,Atq -405,Sofia Solis,WO
07-05-2022,W 19,Atq -450,Miya Hampton,WO
07-05-2022,W 19,Atq -467,Cason David,WO
07-05-2022,W 19,Atq -419,Kaylah Schultz,WO
07-05-2022,W 19,Atq -443,Lyric Bartlett,WO
07-05-2022,W 19,Atq -335,Tori Shannon,WO
07-05-2022,W 19,Atq -397,Grace Stone,WO
07-05-2022,W 19,Atq -404,Ana Little,WO
07-05-2022,W 19,Atq -436,Phoenix Brady,WO
07-05-2022,W 19,Atq -441,Loki Lal,WO
07-05-2022,W 19,Atq -366,Peter Pandey,WO
07-05-2022,W 19,Atq -438,Mekhi Singleton,WO
07-05-2022,W 19,Atq -398,Bo Cordova,WO
07-05-2022,W 19,Atq -411,Nevaeh Waller,WO
07-05-2022,W 19,Atq -462,Jarvis Singh,WO
07-05-2022,W 19,Atq -406,Thanos Thakur,WO
07-05-2022,W 20,Atq -389,Julien Hamilton,WO
07-05-2022,W 20,Atq -414,Mckayla Miles,WO
07-05-2022,W 20,Atq -461,Shea Zuniga,WO
07-05-2022,W 20,Atq -426,Isabella Pittman,WO
07-05-2022,W 20,Atq -362,Kiana Mcmillan,WO
07-05-2022,W 20,Atq -476,Kane Malone,WO
07-05-2022,W 20,Atq -455,Aditya Walls,WO
07-05-2022,W 20,Atq -458,Jessie Carrillo,WO
07-05-2022,W 20,Atq -400,Chad Macias,WO
07-05-2022,W 20,Atq -437,Dallas Weeks,WO
07-05-2022,W 20,Atq -372,Miley Combs,WO
07-05-2022,W 20,Atq -374,Kaley Fitzpatrick,WO
08-05-2022,W 20,Atq -470,Jovani Pope,WO
08-05-2022,W 20,Atq -455,Caylee Meadows,WO
08-05-2022,W 20,Atq -385,Finnegan Gilbert,WO
08-05-2022,W 20,Atq -387,Konner Henson,WO
08-05-2022,W 20,Atq -430,Maximus Mckenzie,WO
08-05-2022,W 20,Atq -371,Kayleigh Kennedy,WO
08-05-2022,W 20,Atq -364,Keaton Nixon,WO
08-05-2022,W 20,Atq -448,Athena Rios,WO
08-05-2022,W 20,Atq -472,Quincy Mendez,WO
08-05-2022,W 20,Atq -411,Samuel Murray,WO
08-05-2022,W 20,Atq -461,Josh Sharp,WO
08-05-2022,W 20,Atq -453,Nehemiah Diaz,WO
08-05-2022,W 20,Atq -376,Dominique Benjamin,WO
08-05-2022,W 20,Atq -418,Hillary Kirk,WO
08-05-2022,W 20,Atq -373,Isiah Small,WO
08-05-2022,W 20,Atq -382,Gustavo Ritter,WO
08-05-2022,W 20,Atq -408,Nick Orozco,WO
08-05-2022,W 20,Atq -418,Marquis Wyatt,WO
08-05-2022,W 20,Atq -414,Titus Andersen,WO
08-05-2022,W 20,Atq -403,Will Mahoney,WO
08-05-2022,W 20,Atq -393,Emma Freeman,WO
08-05-2022,W 20,Atq -367,Briley Orr,WO
08-05-2022,W 20,Atq -452,Ayanna Atkins,WO
08-05-2022,W 20,Atq -421,Rylee Mullins,WO
08-05-2022,W 20,Atq -432,Ryann Guerrero,WO
08-05-2022,W 20,Atq -484,Demarcus Gordon,WO
08-05-2022,W 20,Atq -467,Esperanza Irwin,WO
08-05-2022,W 20,Atq -396,Karma Reeves,WO
08-05-2022,W 20,Atq -472,Cristofer Bernard,WO
08-05-2022,W 20,Atq -412,Tucker Austin,WO
08-05-2022,W 20,Atq -398,Salvatore Hendrix,WO
08-05-2022,W 20,Atq -484,Adyson Moyer,WO
08-05-2022,W 20,Atq -385,Jase Ingram,WO
08-05-2022,W 20,Atq -456,Adriel Pace,WO
08-05-2022,W 20,Atq -375,Kenley Marsh,WO
08-05-2022,W 20,Atq -475,London Kim,WO
08-05-2022,W 20,Atq -405,Chris Frye,WO
08-05-2022,W 20,Atq -331,Jonah Hamilton,WO
08-05-2022,W 20,Atq -435,Dean Mclaughlin,WO
08-05-2022,W 20,Atq -348,Weston Horton,WO
08-05-2022,W 20,Atq -468,Xiomara Ruiz,WO
08-05-2022,W 20,Atq -368,Macie Callahan,WO
08-05-2022,W 20,Atq -475,Rey Novak,WO
08-05-2022,W 20,Atq -375,Hailee Fitzpatrick,WO
08-05-2022,W 20,Atq -433,Jayce Fuentes,WO
08-05-2022,W 20,Atq -370,Ella Roth,WO
08-05-2022,W 20,Atq -423,Rodrigo Price,WO
08-05-2022,W 20,Atq -438,Miles Fields,WO
08-05-2022,W 20,Atq -349,Trystan Ortega,WO
08-05-2022,W 20,Atq -459,Iris Woodard,WO
08-05-2022,W 20,Atq -396,Joel Cruz,WO
08-05-2022,W 20,Atq -419,Faith Hamilton,WO
08-05-2022,W 20,Atq -446,April Ayers,WO
08-05-2022,W 20,Atq -334,Boston Morse,WO
08-05-2022,W 20,Atq -343,Myla Klein,WO
08-05-2022,W 20,Atq -335,Madelynn Gray,WO
08-05-2022,W 20,Atq -440,Mckayla Parker,WO
08-05-2022,W 20,Atq -405,Sofia Solis,WO
08-05-2022,W 20,Atq -450,Miya Hampton,WO
08-05-2022,W 20,Atq -467,Cason David,WO
08-05-2022,W 20,Atq -419,Kaylah Schultz,WO
08-05-2022,W 20,Atq -443,Lyric Bartlett,WO
08-05-2022,W 20,Atq -335,Tori Shannon,WO
08-05-2022,W 20,Atq -397,Grace Stone,WO
08-05-2022,W 20,Atq -404,Ana Little,WO
08-05-2022,W 20,Atq -436,Phoenix Brady,WO
08-05-2022,W 20,Atq -441,Loki Lal,WO
08-05-2022,W 20,Atq -366,Peter Pandey,WO
08-05-2022,W 20,Atq -438,Mekhi Singleton,WO
08-05-2022,W 20,Atq -398,Bo Cordova,WO
08-05-2022,W 20,Atq -411,Nevaeh Waller,WO
08-05-2022,W 20,Atq -462,Jarvis Singh,WO
08-05-2022,W 20,Atq -406,Thanos Thakur,WO
08-05-2022,W 20,Atq -362,Kiana Mcmillan,WFO
08-05-2022,W 20,Atq -476,Kane Malone,WFO
08-05-2022,W 20,Atq -455,Aditya Walls,WFO
08-05-2022,W 20,Atq -458,Jessie Carrillo,WFO
08-05-2022,W 20,Atq -400,Chad Macias,WFO
08-05-2022,W 20,Atq -437,Dallas Weeks,WFO
08-05-2022,W 20,Atq -372,Miley Combs,WFO
08-05-2022,W 20,Atq -385,Finnegan Gilbert,WFO
08-05-2022,W 20,Atq -448,Athena Rios,WFO
08-05-2022,W 20,Atq -472,Quincy Mendez,WFO
08-05-2022,W 20,Atq -411,Samuel Murray,WFO
08-05-2022,W 20,Atq -461,Josh Sharp,WFO
09-05-2022,W 20,Atq -418,Hillary Kirk,WFO
09-05-2022,W 20,Atq -373,Isiah Small,WFO
09-05-2022,W 20,Atq -408,Nick Orozco,WFO
09-05-2022,W 20,Atq -393,Emma Freeman,WFO
09-05-2022,W 20,Atq -367,Briley Orr,WFO
09-05-2022,W 20,Atq -452,Ayanna Atkins,WFO
09-05-2022,W 20,Atq -421,Rylee Mullins,WFO
09-05-2022,W 20,Atq -432,Ryann Guerrero,WFO
09-05-2022,W 20,Atq -484,Demarcus Gordon,WFO
09-05-2022,W 20,Atq -467,Esperanza Irwin,WFO
09-05-2022,W 20,Atq -396,Karma Reeves,WFO
09-05-2022,W 20,Atq -472,Cristofer Bernard,WFO
09-05-2022,W 20,Atq -412,Tucker Austin,WFO
09-05-2022,W 20,Atq -484,Adyson Moyer,WFO
09-05-2022,W 20,Atq -385,Jase Ingram,WFO
09-05-2022,W 20,Atq -456,Adriel Pace,WFO
09-05-2022,W 20,Atq -375,Kenley Marsh,WFO
09-05-2022,W 20,Atq -475,London Kim,WFO
09-05-2022,W 20,Atq -405,Chris Frye,WFO
09-05-2022,W 20,Atq -331,Jonah Hamilton,WFO
09-05-2022,W 20,Atq -435,Dean Mclaughlin,WFO
09-05-2022,W 20,Atq -348,Weston Horton,WFO
09-05-2022,W 20,Atq -468,Xiomara Ruiz,WFO
09-05-2022,W 20,Atq -368,Macie Callahan,WFO
09-05-2022,W 20,Atq -475,Rey Novak,WFO
09-05-2022,W 20,Atq -375,Hailee Fitzpatrick,WFO
09-05-2022,W 20,Atq -433,Jayce Fuentes,WFO
09-05-2022,W 20,Atq -370,Ella Roth,WFO
09-05-2022,W 20,Atq -423,Rodrigo Price,WFO
09-05-2022,W 20,Atq -438,Miles Fields,WFO
09-05-2022,W 20,Atq -349,Trystan Ortega,WFO
09-05-2022,W 20,Atq -459,Iris Woodard,WFO
09-05-2022,W 20,Atq -419,Faith Hamilton,WFO
09-05-2022,W 20,Atq -446,April Ayers,WFO
09-05-2022,W 20,Atq -334,Boston Morse,WFO
09-05-2022,W 20,Atq -343,Myla Klein,WFO
09-05-2022,W 20,Atq -440,Mckayla Parker,WFO
09-05-2022,W 20,Atq -405,Sofia Solis,WFO
09-05-2022,W 20,Atq -450,Miya Hampton,WFO
09-05-2022,W 20,Atq -467,Cason David,WFO
09-05-2022,W 20,Atq -443,Lyric Bartlett,WFO
09-05-2022,W 20,Atq -335,Tori Shannon,WFO
09-05-2022,W 20,Atq -397,Grace Stone,WFO
09-05-2022,W 20,Atq -404,Ana Little,WFO
09-05-2022,W 20,Atq -441,Loki Lal,WFO
09-05-2022,W 20,Atq -366,Peter Pandey,WFO
09-05-2022,W 20,Atq -438,Mekhi Singleton,WFO
09-05-2022,W 20,Atq -398,Bo Cordova,WFO
09-05-2022,W 20,Atq -411,Nevaeh Waller,WFO
09-05-2022,W 20,Atq -462,Jarvis Singh,WFO
09-05-2022,W 20,Atq -406,Thanos Thakur,WFO
09-05-2022,W 20,Atq -374,Kaley Fitzpatrick,WFH
09-05-2022,W 20,Atq -470,Jovani Pope,WFH
09-05-2022,W 20,Atq -387,Konner Henson,WFH
09-05-2022,W 20,Atq -453,Nehemiah Diaz,WFH
09-05-2022,W 20,Atq -382,Gustavo Ritter,WFH
09-05-2022,W 20,Atq -403,Will Mahoney,WFH
09-05-2022,W 20,Atq -398,Salvatore Hendrix,WFH
09-05-2022,W 20,Atq -414,Titus Andersen,SL
09-05-2022,W 20,Atq -335,Madelynn Gray,SL
09-05-2022,W 20,Atq -418,Marquis Wyatt,PL
09-05-2022,W 20,Atq -396,Joel Cruz,PL
09-05-2022,W 20,Atq -419,Kaylah Schultz,PL
09-05-2022,W 20,Atq -362,Kiana Mcmillan,WFO
09-05-2022,W 20,Atq -476,Kane Malone,WFO
09-05-2022,W 20,Atq -455,Aditya Walls,WFO
09-05-2022,W 20,Atq -458,Jessie Carrillo,WFO
09-05-2022,W 20,Atq -400,Chad Macias,WFO
09-05-2022,W 20,Atq -437,Dallas Weeks,WFO
09-05-2022,W 20,Atq -372,Miley Combs,WFO
09-05-2022,W 20,Atq -374,Kaley Fitzpatrick,WFO
09-05-2022,W 20,Atq -470,Jovani Pope,WFO
09-05-2022,W 20,Atq -385,Finnegan Gilbert,WFO
09-05-2022,W 20,Atq -448,Athena Rios,WFO
09-05-2022,W 20,Atq -411,Samuel Murray,WFO
09-05-2022,W 20,Atq -461,Josh Sharp,WFO
10-05-2022,W 20,Atq -376,Dominique Benjamin,WFO
10-05-2022,W 20,Atq -418,Hillary Kirk,WFO
10-05-2022,W 20,Atq -373,Isiah Small,WFO
10-05-2022,W 20,Atq -408,Nick Orozco,WFO
10-05-2022,W 20,Atq -414,Titus Andersen,WFO
10-05-2022,W 20,Atq -403,Will Mahoney,WFO
10-05-2022,W 20,Atq -393,Emma Freeman,WFO
10-05-2022,W 20,Atq -367,Briley Orr,WFO
10-05-2022,W 20,Atq -452,Ayanna Atkins,WFO
10-05-2022,W 20,Atq -421,Rylee Mullins,WFO
10-05-2022,W 20,Atq -432,Ryann Guerrero,WFO
10-05-2022,W 20,Atq -484,Demarcus Gordon,WFO
10-05-2022,W 20,Atq -467,Esperanza Irwin,WFO
10-05-2022,W 20,Atq -396,Karma Reeves,WFO
10-05-2022,W 20,Atq -412,Tucker Austin,WFO
10-05-2022,W 20,Atq -484,Adyson Moyer,WFO
10-05-2022,W 20,Atq -385,Jase Ingram,WFO
10-05-2022,W 20,Atq -456,Adriel Pace,WFO
10-05-2022,W 20,Atq -375,Kenley Marsh,WFO
10-05-2022,W 20,Atq -475,London Kim,WFO
10-05-2022,W 20,Atq -405,Chris Frye,WFO
10-05-2022,W 20,Atq -331,Jonah Hamilton,WFO
10-05-2022,W 20,Atq -435,Dean Mclaughlin,WFO
10-05-2022,W 20,Atq -348,Weston Horton,WFO
10-05-2022,W 20,Atq -468,Xiomara Ruiz,WFO
10-05-2022,W 20,Atq -368,Macie Callahan,WFO
10-05-2022,W 20,Atq -475,Rey Novak,WFO
10-05-2022,W 20,Atq -375,Hailee Fitzpatrick,WFO
10-05-2022,W 20,Atq -433,Jayce Fuentes,WFO
10-05-2022,W 20,Atq -370,Ella Roth,WFO
10-05-2022,W 20,Atq -423,Rodrigo Price,WFO
10-05-2022,W 20,Atq -438,Miles Fields,WFO
10-05-2022,W 20,Atq -349,Trystan Ortega,WFO
10-05-2022,W 20,Atq -459,Iris Woodard,WFO
10-05-2022,W 20,Atq -396,Joel Cruz,WFO
10-05-2022,W 20,Atq -419,Faith Hamilton,WFO
10-05-2022,W 20,Atq -446,April Ayers,WFO
10-05-2022,W 20,Atq -334,Boston Morse,WFO
10-05-2022,W 20,Atq -343,Myla Klein,WFO
10-05-2022,W 20,Atq -440,Mckayla Parker,WFO
10-05-2022,W 20,Atq -405,Sofia Solis,WFO
10-05-2022,W 20,Atq -467,Cason David,WFO
10-05-2022,W 20,Atq -443,Lyric Bartlett,WFO
10-05-2022,W 20,Atq -335,Tori Shannon,WFO
10-05-2022,W 20,Atq -397,Grace Stone,WFO
10-05-2022,W 20,Atq -404,Ana Little,WFO
10-05-2022,W 20,Atq -436,Phoenix Brady,WFO
10-05-2022,W 20,Atq -441,Loki Lal,WFO
10-05-2022,W 20,Atq -366,Peter Pandey,WFO
10-05-2022,W 20,Atq -438,Mekhi Singleton,WFO
10-05-2022,W 20,Atq -398,Bo Cordova,WFO
10-05-2022,W 20,Atq -411,Nevaeh Waller,WFO
10-05-2022,W 20,Atq -462,Jarvis Singh,WFO
10-05-2022,W 20,Atq -406,Thanos Thakur,WFO
10-05-2022,W 20,Atq -387,Konner Henson,WFH
10-05-2022,W 20,Atq -472,Quincy Mendez,WFH
10-05-2022,W 20,Atq -382,Gustavo Ritter,WFH
10-05-2022,W 20,Atq -418,Marquis Wyatt,WFH
10-05-2022,W 20,Atq -398,Salvatore Hendrix,WFH
10-05-2022,W 20,Atq -472,Cristofer Bernard,SL
10-05-2022,W 20,Atq -335,Madelynn Gray,SL
10-05-2022,W 20,Atq -453,Nehemiah Diaz,PL
10-05-2022,W 20,Atq -419,Kaylah Schultz,PL
10-05-2022,W 20,Atq -362,Kiana Mcmillan,WFO
10-05-2022,W 20,Atq -476,Kane Malone,WFO
10-05-2022,W 20,Atq -455,Aditya Walls,WFO
10-05-2022,W 20,Atq -458,Jessie Carrillo,WFO
10-05-2022,W 20,Atq -400,Chad Macias,WFO
10-05-2022,W 20,Atq -437,Dallas Weeks,WFO
10-05-2022,W 20,Atq -372,Miley Combs,WFO
10-05-2022,W 20,Atq -374,Kaley Fitzpatrick,WFO
10-05-2022,W 20,Atq -470,Jovani Pope,WFO
10-05-2022,W 20,Atq -385,Finnegan Gilbert,WFO
10-05-2022,W 20,Atq -448,Athena Rios,WFO
10-05-2022,W 20,Atq -472,Quincy Mendez,WFO
10-05-2022,W 20,Atq -411,Samuel Murray,WFO
11-05-2022,W 20,Atq -461,Josh Sharp,WFO
11-05-2022,W 20,Atq -453,Nehemiah Diaz,WFO
11-05-2022,W 20,Atq -376,Dominique Benjamin,WFO
11-05-2022,W 20,Atq -418,Hillary Kirk,WFO
11-05-2022,W 20,Atq -373,Isiah Small,WFO
11-05-2022,W 20,Atq -408,Nick Orozco,WFO
11-05-2022,W 20,Atq -418,Marquis Wyatt,WFO
11-05-2022,W 20,Atq -414,Titus Andersen,WFO
11-05-2022,W 20,Atq -403,Will Mahoney,WFO
11-05-2022,W 20,Atq -393,Emma Freeman,WFO
11-05-2022,W 20,Atq -367,Briley Orr,WFO
11-05-2022,W 20,Atq -452,Ayanna Atkins,WFO
11-05-2022,W 20,Atq -421,Rylee Mullins,WFO
11-05-2022,W 20,Atq -432,Ryann Guerrero,WFO
11-05-2022,W 20,Atq -484,Demarcus Gordon,WFO
11-05-2022,W 20,Atq -467,Esperanza Irwin,WFO
11-05-2022,W 20,Atq -396,Karma Reeves,WFO
11-05-2022,W 20,Atq -472,Cristofer Bernard,WFO
11-05-2022,W 20,Atq -412,Tucker Austin,WFO
11-05-2022,W 20,Atq -484,Adyson Moyer,WFO
11-05-2022,W 20,Atq -385,Jase Ingram,WFO
11-05-2022,W 20,Atq -456,Adriel Pace,WFO
11-05-2022,W 20,Atq -375,Kenley Marsh,WFO
11-05-2022,W 20,Atq -475,London Kim,WFO
11-05-2022,W 20,Atq -405,Chris Frye,WFO
11-05-2022,W 20,Atq -331,Jonah Hamilton,WFO
11-05-2022,W 20,Atq -435,Dean Mclaughlin,WFO
11-05-2022,W 20,Atq -348,Weston Horton,WFO
11-05-2022,W 20,Atq -468,Xiomara Ruiz,WFO
11-05-2022,W 20,Atq -368,Macie Callahan,WFO
11-05-2022,W 20,Atq -475,Rey Novak,WFO
11-05-2022,W 20,Atq -375,Hailee Fitzpatrick,WFO
11-05-2022,W 20,Atq -433,Jayce Fuentes,WFO
11-05-2022,W 20,Atq -370,Ella Roth,WFO
11-05-2022,W 20,Atq -423,Rodrigo Price,WFO
11-05-2022,W 20,Atq -438,Miles Fields,WFO
11-05-2022,W 20,Atq -349,Trystan Ortega,WFO
11-05-2022,W 20,Atq -459,Iris Woodard,WFO
11-05-2022,W 20,Atq -396,Joel Cruz,WFO
11-05-2022,W 20,Atq -419,Faith Hamilton,WFO
11-05-2022,W 20,Atq -446,April Ayers,WFO
11-05-2022,W 20,Atq -334,Boston Morse,WFO
11-05-2022,W 20,Atq -343,Myla Klein,WFO
11-05-2022,W 20,Atq -440,Mckayla Parker,WFO
11-05-2022,W 20,Atq -405,Sofia Solis,WFO
11-05-2022,W 20,Atq -450,Miya Hampton,WFO
11-05-2022,W 20,Atq -467,Cason David,WFO
11-05-2022,W 20,Atq -443,Lyric Bartlett,WFO
11-05-2022,W 20,Atq -335,Tori Shannon,WFO
11-05-2022,W 20,Atq -397,Grace Stone,WFO
11-05-2022,W 20,Atq -404,Ana Little,WFO
11-05-2022,W 20,Atq -436,Phoenix Brady,WFO
11-05-2022,W 20,Atq -441,Loki Lal,WFO
11-05-2022,W 20,Atq -366,Peter Pandey,WFO
11-05-2022,W 20,Atq -438,Mekhi Singleton,WFO
11-05-2022,W 20,Atq -398,Bo Cordova,WFO
11-05-2022,W 20,Atq -411,Nevaeh Waller,WFO
11-05-2022,W 20,Atq -462,Jarvis Singh,WFO
11-05-2022,W 20,Atq -406,Thanos Thakur,WFO
11-05-2022,W 20,Atq -387,Konner Henson,WFH
11-05-2022,W 20,Atq -382,Gustavo Ritter,WFH
11-05-2022,W 20,Atq -398,Salvatore Hendrix,WFH
11-05-2022,W 20,Atq -419,Kaylah Schultz,PL
11-05-2022,W 20,Atq -362,Kiana Mcmillan,WFO
11-05-2022,W 20,Atq -476,Kane Malone,WFO
11-05-2022,W 20,Atq -455,Aditya Walls,WFO
11-05-2022,W 20,Atq -458,Jessie Carrillo,WFO
11-05-2022,W 20,Atq -400,Chad Macias,WFO
11-05-2022,W 20,Atq -437,Dallas Weeks,WFO
11-05-2022,W 20,Atq -372,Miley Combs,WFO
11-05-2022,W 20,Atq -374,Kaley Fitzpatrick,WFO
11-05-2022,W 20,Atq -470,Jovani Pope,WFO
11-05-2022,W 20,Atq -385,Finnegan Gilbert,WFO
11-05-2022,W 20,Atq -448,Athena Rios,WFO
11-05-2022,W 20,Atq -472,Quincy Mendez,WFO
11-05-2022,W 20,Atq -411,Samuel Murray,WFO
12-05-2022,W 20,Atq -461,Josh Sharp,WFO
12-05-2022,W 20,Atq -453,Nehemiah Diaz,WFO
12-05-2022,W 20,Atq -376,Dominique Benjamin,WFO
12-05-2022,W 20,Atq -418,Hillary Kirk,WFO
12-05-2022,W 20,Atq -373,Isiah Small,WFO
12-05-2022,W 20,Atq -418,Marquis Wyatt,WFO
12-05-2022,W 20,Atq -414,Titus Andersen,WFO
12-05-2022,W 20,Atq -403,Will Mahoney,WFO
12-05-2022,W 20,Atq -393,Emma Freeman,WFO
12-05-2022,W 20,Atq -367,Briley Orr,WFO
12-05-2022,W 20,Atq -421,Rylee Mullins,WFO
12-05-2022,W 20,Atq -432,Ryann Guerrero,WFO
12-05-2022,W 20,Atq -484,Demarcus Gordon,WFO
12-05-2022,W 20,Atq -467,Esperanza Irwin,WFO
12-05-2022,W 20,Atq -396,Karma Reeves,WFO
12-05-2022,W 20,Atq -472,Cristofer Bernard,WFO
12-05-2022,W 20,Atq -412,Tucker Austin,WFO
12-05-2022,W 20,Atq -484,Adyson Moyer,WFO
12-05-2022,W 20,Atq -456,Adriel Pace,WFO
12-05-2022,W 20,Atq -375,Kenley Marsh,WFO
12-05-2022,W 20,Atq -475,London Kim,WFO
12-05-2022,W 20,Atq -435,Dean Mclaughlin,WFO
12-05-2022,W 20,Atq -348,Weston Horton,WFO
12-05-2022,W 20,Atq -468,Xiomara Ruiz,WFO
12-05-2022,W 20,Atq -368,Macie Callahan,WFO
12-05-2022,W 20,Atq -475,Rey Novak,WFO
12-05-2022,W 20,Atq -375,Hailee Fitzpatrick,WFO
12-05-2022,W 20,Atq -370,Ella Roth,WFO
12-05-2022,W 20,Atq -423,Rodrigo Price,WFO
12-05-2022,W 20,Atq -459,Iris Woodard,WFO
12-05-2022,W 20,Atq -396,Joel Cruz,WFO
12-05-2022,W 20,Atq -419,Faith Hamilton,WFO
12-05-2022,W 20,Atq -446,April Ayers,WFO
12-05-2022,W 20,Atq -343,Myla Klein,WFO
12-05-2022,W 20,Atq -440,Mckayla Parker,WFO
12-05-2022,W 20,Atq -450,Miya Hampton,WFO
12-05-2022,W 20,Atq -467,Cason David,WFO
12-05-2022,W 20,Atq -443,Lyric Bartlett,WFO
12-05-2022,W 20,Atq -335,Tori Shannon,WFO
12-05-2022,W 20,Atq -404,Ana Little,WFO
12-05-2022,W 20,Atq -436,Phoenix Brady,WFO
12-05-2022,W 20,Atq -441,Loki Lal,WFO
12-05-2022,W 20,Atq -366,Peter Pandey,WFO
12-05-2022,W 20,Atq -438,Mekhi Singleton,WFO
12-05-2022,W 20,Atq -411,Nevaeh Waller,WFO
12-05-2022,W 20,Atq -462,Jarvis Singh,WFO
12-05-2022,W 20,Atq -406,Thanos Thakur,WFO
12-05-2022,W 20,Atq -387,Konner Henson,WFH
12-05-2022,W 20,Atq -382,Gustavo Ritter,WFH
12-05-2022,W 20,Atq -398,Salvatore Hendrix,WFH
12-05-2022,W 20,Atq -405,Chris Frye,WFH
12-05-2022,W 20,Atq -331,Jonah Hamilton,WFH
12-05-2022,W 20,Atq -335,Madelynn Gray,WFH
12-05-2022,W 20,Atq -398,Bo Cordova,WFH
12-05-2022,W 20,Atq -385,Jase Ingram,PL
12-05-2022,W 20,Atq -349,Trystan Ortega,PL
12-05-2022,W 20,Atq -419,Kaylah Schultz,PL
12-05-2022,W 20,Atq -455,Aditya Walls,WFO
12-05-2022,W 20,Atq -458,Jessie Carrillo,WFO
12-05-2022,W 20,Atq -400,Chad Macias,WFO
12-05-2022,W 20,Atq -372,Miley Combs,WFO
12-05-2022,W 20,Atq -374,Kaley Fitzpatrick,WFO
12-05-2022,W 20,Atq -470,Jovani Pope,WFO
12-05-2022,W 20,Atq -411,Samuel Murray,WFO
13-05-2022,W 20,Atq -414,Titus Andersen,WFO
13-05-2022,W 20,Atq -403,Will Mahoney,WFO
13-05-2022,W 20,Atq -393,Emma Freeman,WFO
13-05-2022,W 20,Atq -367,Briley Orr,WFO
13-05-2022,W 20,Atq -452,Ayanna Atkins,WFO
13-05-2022,W 20,Atq -421,Rylee Mullins,WFO
13-05-2022,W 20,Atq -432,Ryann Guerrero,WFO
13-05-2022,W 20,Atq -484,Demarcus Gordon,WFO
13-05-2022,W 20,Atq -467,Esperanza Irwin,WFO
13-05-2022,W 20,Atq -472,Cristofer Bernard,WFO
13-05-2022,W 20,Atq -412,Tucker Austin,WFO
13-05-2022,W 20,Atq -484,Adyson Moyer,WFO
13-05-2022,W 20,Atq -456,Adriel Pace,WFO
13-05-2022,W 20,Atq -375,Kenley Marsh,WFO
13-05-2022,W 20,Atq -475,London Kim,WFO
13-05-2022,W 20,Atq -331,Jonah Hamilton,WFO
13-05-2022,W 20,Atq -435,Dean Mclaughlin,WFO
13-05-2022,W 20,Atq -348,Weston Horton,WFO
13-05-2022,W 20,Atq -468,Xiomara Ruiz,WFO
13-05-2022,W 20,Atq -368,Macie Callahan,WFO
13-05-2022,W 20,Atq -475,Rey Novak,WFO
13-05-2022,W 20,Atq -375,Hailee Fitzpatrick,WFO
13-05-2022,W 20,Atq -370,Ella Roth,WFO
13-05-2022,W 20,Atq -459,Iris Woodard,WFO
13-05-2022,W 20,Atq -419,Faith Hamilton,WFO
13-05-2022,W 20,Atq -446,April Ayers,WFO
13-05-2022,W 20,Atq -335,Madelynn Gray,WFO
13-05-2022,W 20,Atq -405,Sofia Solis,WFO
13-05-2022,W 20,Atq -450,Miya Hampton,WFO
13-05-2022,W 20,Atq -467,Cason David,WFO
13-05-2022,W 20,Atq -443,Lyric Bartlett,WFO
13-05-2022,W 20,Atq -335,Tori Shannon,WFO
13-05-2022,W 20,Atq -404,Ana Little,WFO
13-05-2022,W 20,Atq -436,Phoenix Brady,WFO
13-05-2022,W 20,Atq -441,Loki Lal,WFO
13-05-2022,W 20,Atq -366,Peter Pandey,WFO
13-05-2022,W 20,Atq -438,Mekhi Singleton,WFO
13-05-2022,W 20,Atq -411,Nevaeh Waller,WFO
13-05-2022,W 20,Atq -462,Jarvis Singh,WFO
13-05-2022,W 20,Atq -406,Thanos Thakur,WFO
13-05-2022,W 20,Atq -385,Finnegan Gilbert,WFH
13-05-2022,W 20,Atq -387,Konner Henson,WFH
13-05-2022,W 20,Atq -472,Quincy Mendez,WFH
13-05-2022,W 20,Atq -382,Gustavo Ritter,WFH
13-05-2022,W 20,Atq -408,Nick Orozco,WFH
13-05-2022,W 20,Atq -398,Salvatore Hendrix,WFH
13-05-2022,W 20,Atq -405,Chris Frye,WFH
13-05-2022,W 20,Atq -419,Kaylah Schultz,BL
13-05-2022,W 20,Atq -396,Karma Reeves,PL
13-05-2022,W 20,Atq -385,Jase Ingram,PL
13-05-2022,W 20,Atq -433,Jayce Fuentes,PL
13-05-2022,W 20,Atq -423,Rodrigo Price,PL
13-05-2022,W 20,Atq -438,Miles Fields,PL
13-05-2022,W 20,Atq -349,Trystan Ortega,PL
13-05-2022,W 20,Atq -396,Joel Cruz,PL
13-05-2022,W 20,Atq -334,Boston Morse,PL
13-05-2022,W 20,Atq -343,Myla Klein,PL
13-05-2022,W 20,Atq -440,Mckayla Parker,PL
13-05-2022,W 20,Atq -397,Grace Stone,PL
13-05-2022,W 20,Atq -398,Bo Cordova,PL
13-05-2022,W 20,Atq -389,Julien Hamilton,WO
13-05-2022,W 20,Atq -414,Mckayla Miles,WO
13-05-2022,W 20,Atq -461,Shea Zuniga,WO
13-05-2022,W 20,Atq -426,Isabella Pittman,WO
13-05-2022,W 20,Atq -362,Kiana Mcmillan,WO
13-05-2022,W 20,Atq -476,Kane Malone,WO
13-05-2022,W 20,Atq -455,Aditya Walls,WO
13-05-2022,W 20,Atq -458,Jessie Carrillo,WO
13-05-2022,W 20,Atq -400,Chad Macias,WO
13-05-2022,W 20,Atq -437,Dallas Weeks,WO
13-05-2022,W 20,Atq -372,Miley Combs,WO
13-05-2022,W 20,Atq -374,Kaley Fitzpatrick,WO
13-05-2022,W 20,Atq -470,Jovani Pope,WO
14-05-2022,W 20,Atq -455,Caylee Meadows,WO
14-05-2022,W 20,Atq -385,Finnegan Gilbert,WO
14-05-2022,W 20,Atq -387,Konner Henson,WO
14-05-2022,W 20,Atq -430,Maximus Mckenzie,WO
14-05-2022,W 20,Atq -371,Kayleigh Kennedy,WO
14-05-2022,W 20,Atq -364,Keaton Nixon,WO
14-05-2022,W 20,Atq -448,Athena Rios,WO
14-05-2022,W 20,Atq -472,Quincy Mendez,WO
14-05-2022,W 20,Atq -411,Samuel Murray,WO
14-05-2022,W 20,Atq -461,Josh Sharp,WO
14-05-2022,W 20,Atq -453,Nehemiah Diaz,WO
14-05-2022,W 20,Atq -376,Dominique Benjamin,WO
14-05-2022,W 20,Atq -418,Hillary Kirk,WO
14-05-2022,W 20,Atq -373,Isiah Small,WO
14-05-2022,W 20,Atq -382,Gustavo Ritter,WO
14-05-2022,W 20,Atq -408,Nick Orozco,WO
14-05-2022,W 20,Atq -418,Marquis Wyatt,WO
14-05-2022,W 20,Atq -414,Titus Andersen,WO
14-05-2022,W 20,Atq -403,Will Mahoney,WO
14-05-2022,W 20,Atq -393,Emma Freeman,WO
14-05-2022,W 20,Atq -367,Briley Orr,WO
14-05-2022,W 20,Atq -452,Ayanna Atkins,WO
14-05-2022,W 20,Atq -421,Rylee Mullins,WO
14-05-2022,W 20,Atq -432,Ryann Guerrero,WO
14-05-2022,W 20,Atq -484,Demarcus Gordon,WO
14-05-2022,W 20,Atq -467,Esperanza Irwin,WO
14-05-2022,W 20,Atq -396,Karma Reeves,WO
14-05-2022,W 20,Atq -472,Cristofer Bernard,WO
14-05-2022,W 20,Atq -412,Tucker Austin,WO
14-05-2022,W 20,Atq -398,Salvatore Hendrix,WO
14-05-2022,W 20,Atq -484,Adyson Moyer,WO
14-05-2022,W 20,Atq -385,Jase Ingram,WO
14-05-2022,W 20,Atq -456,Adriel Pace,WO
14-05-2022,W 20,Atq -375,Kenley Marsh,WO
14-05-2022,W 20,Atq -475,London Kim,WO
14-05-2022,W 20,Atq -405,Chris Frye,WO
14-05-2022,W 20,Atq -331,Jonah Hamilton,WO
14-05-2022,W 20,Atq -435,Dean Mclaughlin,WO
14-05-2022,W 20,Atq -348,Weston Horton,WO
14-05-2022,W 20,Atq -468,Xiomara Ruiz,WO
14-05-2022,W 20,Atq -368,Macie Callahan,WO
14-05-2022,W 20,Atq -475,Rey Novak,WO
14-05-2022,W 20,Atq -375,Hailee Fitzpatrick,WO
14-05-2022,W 20,Atq -433,Jayce Fuentes,WO
14-05-2022,W 20,Atq -370,Ella Roth,WO
14-05-2022,W 20,Atq -423,Rodrigo Price,WO
14-05-2022,W 20,Atq -438,Miles Fields,WO
14-05-2022,W 20,Atq -349,Trystan Ortega,WO
14-05-2022,W 20,Atq -459,Iris Woodard,WO
14-05-2022,W 20,Atq -396,Joel Cruz,WO
14-05-2022,W 20,Atq -419,Faith Hamilton,WO
14-05-2022,W 20,Atq -446,April Ayers,WO
14-05-2022,W 20,Atq -334,Boston Morse,WO
14-05-2022,W 20,Atq -343,Myla Klein,WO
14-05-2022,W 20,Atq -335,Madelynn Gray,WO
14-05-2022,W 20,Atq -440,Mckayla Parker,WO
14-05-2022,W 20,Atq -405,Sofia Solis,WO
14-05-2022,W 20,Atq -450,Miya Hampton,WO
14-05-2022,W 20,Atq -467,Cason David,WO
14-05-2022,W 20,Atq -419,Kaylah Schultz,WO
14-05-2022,W 20,Atq -443,Lyric Bartlett,WO
14-05-2022,W 20,Atq -335,Tori Shannon,WO
14-05-2022,W 20,Atq -397,Grace Stone,WO
14-05-2022,W 20,Atq -404,Ana Little,WO
14-05-2022,W 20,Atq -436,Phoenix Brady,WO
14-05-2022,W 20,Atq -441,Loki Lal,WO
14-05-2022,W 20,Atq -366,Peter Pandey,WO
14-05-2022,W 20,Atq -438,Mekhi Singleton,WO
14-05-2022,W 20,Atq -398,Bo Cordova,WO
14-05-2022,W 20,Atq -411,Nevaeh Waller,WO
14-05-2022,W 20,Atq -462,Jarvis Singh,WO
14-05-2022,W 20,Atq -406,Thanos Thakur,WO
14-05-2022,W 21,Atq -389,Julien Hamilton,WO
14-05-2022,W 21,Atq -414,Mckayla Miles,WO
14-05-2022,W 21,Atq -461,Shea Zuniga,WO
14-05-2022,W 21,Atq -426,Isabella Pittman,WO
14-05-2022,W 21,Atq -362,Kiana Mcmillan,WO
14-05-2022,W 21,Atq -476,Kane Malone,WO
14-05-2022,W 21,Atq -455,Aditya Walls,WO
14-05-2022,W 21,Atq -458,Jessie Carrillo,WO
14-05-2022,W 21,Atq -400,Chad Macias,WO
14-05-2022,W 21,Atq -437,Dallas Weeks,WO
14-05-2022,W 21,Atq -372,Miley Combs,WO
14-05-2022,W 21,Atq -374,Kaley Fitzpatrick,WO
14-05-2022,W 21,Atq -470,Jovani Pope,WO
14-05-2022,W 21,Atq -455,Caylee Meadows,WO
15-05-2022,W 21,Atq -385,Finnegan Gilbert,WO
15-05-2022,W 21,Atq -387,Konner Henson,WO
15-05-2022,W 21,Atq -430,Maximus Mckenzie,WO
15-05-2022,W 21,Atq -371,Kayleigh Kennedy,WO
15-05-2022,W 21,Atq -364,Keaton Nixon,WO
15-05-2022,W 21,Atq -448,Athena Rios,WO
15-05-2022,W 21,Atq -472,Quincy Mendez,WO
15-05-2022,W 21,Atq -411,Samuel Murray,WO
15-05-2022,W 21,Atq -461,Josh Sharp,WO
15-05-2022,W 21,Atq -453,Nehemiah Diaz,WO
15-05-2022,W 21,Atq -376,Dominique Benjamin,WO
15-05-2022,W 21,Atq -418,Hillary Kirk,WO
15-05-2022,W 21,Atq -373,Isiah Small,WO
15-05-2022,W 21,Atq -382,Gustavo Ritter,WO
15-05-2022,W 21,Atq -408,Nick Orozco,WO
15-05-2022,W 21,Atq -418,Marquis Wyatt,WO
15-05-2022,W 21,Atq -414,Titus Andersen,WO
15-05-2022,W 21,Atq -403,Will Mahoney,WO
15-05-2022,W 21,Atq -393,Emma Freeman,WO
15-05-2022,W 21,Atq -367,Briley Orr,WO
15-05-2022,W 21,Atq -452,Ayanna Atkins,WO
15-05-2022,W 21,Atq -421,Rylee Mullins,WO
15-05-2022,W 21,Atq -432,Ryann Guerrero,WO
15-05-2022,W 21,Atq -484,Demarcus Gordon,WO
15-05-2022,W 21,Atq -467,Esperanza Irwin,WO
15-05-2022,W 21,Atq -396,Karma Reeves,WO
15-05-2022,W 21,Atq -472,Cristofer Bernard,WO
15-05-2022,W 21,Atq -412,Tucker Austin,WO
15-05-2022,W 21,Atq -398,Salvatore Hendrix,WO
15-05-2022,W 21,Atq -484,Adyson Moyer,WO
15-05-2022,W 21,Atq -385,Jase Ingram,WO
15-05-2022,W 21,Atq -456,Adriel Pace,WO
15-05-2022,W 21,Atq -375,Kenley Marsh,WO
15-05-2022,W 21,Atq -475,London Kim,WO
15-05-2022,W 21,Atq -405,Chris Frye,WO
15-05-2022,W 21,Atq -331,Jonah Hamilton,WO
15-05-2022,W 21,Atq -435,Dean Mclaughlin,WO
15-05-2022,W 21,Atq -348,Weston Horton,WO
15-05-2022,W 21,Atq -468,Xiomara Ruiz,WO
15-05-2022,W 21,Atq -368,Macie Callahan,WO
15-05-2022,W 21,Atq -475,Rey Novak,WO
15-05-2022,W 21,Atq -375,Hailee Fitzpatrick,WO
15-05-2022,W 21,Atq -433,Jayce Fuentes,WO
15-05-2022,W 21,Atq -370,Ella Roth,WO
15-05-2022,W 21,Atq -423,Rodrigo Price,WO
15-05-2022,W 21,Atq -438,Miles Fields,WO
15-05-2022,W 21,Atq -349,Trystan Ortega,WO
15-05-2022,W 21,Atq -459,Iris Woodard,WO
15-05-2022,W 21,Atq -396,Joel Cruz,WO
15-05-2022,W 21,Atq -419,Faith Hamilton,WO
15-05-2022,W 21,Atq -446,April Ayers,WO
15-05-2022,W 21,Atq -334,Boston Morse,WO
15-05-2022,W 21,Atq -343,Myla Klein,WO
15-05-2022,W 21,Atq -335,Madelynn Gray,WO
15-05-2022,W 21,Atq -440,Mckayla Parker,WO
15-05-2022,W 21,Atq -405,Sofia Solis,WO
15-05-2022,W 21,Atq -450,Miya Hampton,WO
15-05-2022,W 21,Atq -467,Cason David,WO
15-05-2022,W 21,Atq -419,Kaylah Schultz,WO
15-05-2022,W 21,Atq -443,Lyric Bartlett,WO
15-05-2022,W 21,Atq -335,Tori Shannon,WO
15-05-2022,W 21,Atq -397,Grace Stone,WO
15-05-2022,W 21,Atq -404,Ana Little,WO
15-05-2022,W 21,Atq -436,Phoenix Brady,WO
15-05-2022,W 21,Atq -441,Loki Lal,WO
15-05-2022,W 21,Atq -366,Peter Pandey,WO
15-05-2022,W 21,Atq -438,Mekhi Singleton,WO
15-05-2022,W 21,Atq -398,Bo Cordova,WO
15-05-2022,W 21,Atq -411,Nevaeh Waller,WO
15-05-2022,W 21,Atq -462,Jarvis Singh,WO
15-05-2022,W 21,Atq -406,Thanos Thakur,WO
15-05-2022,W 21,Atq -362,Kiana Mcmillan,WFO
15-05-2022,W 21,Atq -476,Kane Malone,WFO
15-05-2022,W 21,Atq -455,Aditya Walls,WFO
15-05-2022,W 21,Atq -458,Jessie Carrillo,WFO
15-05-2022,W 21,Atq -400,Chad Macias,WFO
15-05-2022,W 21,Atq -437,Dallas Weeks,WFO
15-05-2022,W 21,Atq -372,Miley Combs,WFO
15-05-2022,W 21,Atq -374,Kaley Fitzpatrick,WFO
15-05-2022,W 21,Atq -470,Jovani Pope,WFO
15-05-2022,W 21,Atq -385,Finnegan Gilbert,WFO
15-05-2022,W 21,Atq -364,Keaton Nixon,WFO
15-05-2022,W 21,Atq -448,Athena Rios,WFO
15-05-2022,W 21,Atq -472,Quincy Mendez,WFO
15-05-2022,W 21,Atq -411,Samuel Murray,WFO
16-05-2022,W 21,Atq -461,Josh Sharp,WFO
16-05-2022,W 21,Atq -453,Nehemiah Diaz,WFO
16-05-2022,W 21,Atq -418,Hillary Kirk,WFO
16-05-2022,W 21,Atq -373,Isiah Small,WFO
16-05-2022,W 21,Atq -418,Marquis Wyatt,WFO
16-05-2022,W 21,Atq -414,Titus Andersen,WFO
16-05-2022,W 21,Atq -403,Will Mahoney,WFO
16-05-2022,W 21,Atq -367,Briley Orr,WFO
16-05-2022,W 21,Atq -484,Demarcus Gordon,WFO
16-05-2022,W 21,Atq -467,Esperanza Irwin,WFO
16-05-2022,W 21,Atq -396,Karma Reeves,WFO
16-05-2022,W 21,Atq -472,Cristofer Bernard,WFO
16-05-2022,W 21,Atq -412,Tucker Austin,WFO
16-05-2022,W 21,Atq -484,Adyson Moyer,WFO
16-05-2022,W 21,Atq -385,Jase Ingram,WFO
16-05-2022,W 21,Atq -456,Adriel Pace,WFO
16-05-2022,W 21,Atq -375,Kenley Marsh,WFO
16-05-2022,W 21,Atq -475,London Kim,WFO
16-05-2022,W 21,Atq -405,Chris Frye,WFO
16-05-2022,W 21,Atq -331,Jonah Hamilton,WFO
16-05-2022,W 21,Atq -348,Weston Horton,WFO
16-05-2022,W 21,Atq -468,Xiomara Ruiz,WFO
16-05-2022,W 21,Atq -368,Macie Callahan,WFO
16-05-2022,W 21,Atq -475,Rey Novak,WFO
16-05-2022,W 21,Atq -375,Hailee Fitzpatrick,WFO
16-05-2022,W 21,Atq -433,Jayce Fuentes,WFO
16-05-2022,W 21,Atq -438,Miles Fields,WFO
16-05-2022,W 21,Atq -349,Trystan Ortega,WFO
16-05-2022,W 21,Atq -459,Iris Woodard,WFO
16-05-2022,W 21,Atq -396,Joel Cruz,WFO
16-05-2022,W 21,Atq -419,Faith Hamilton,WFO
16-05-2022,W 21,Atq -446,April Ayers,WFO
16-05-2022,W 21,Atq -334,Boston Morse,WFO
16-05-2022,W 21,Atq -343,Myla Klein,WFO
16-05-2022,W 21,Atq -335,Madelynn Gray,WFO
16-05-2022,W 21,Atq -440,Mckayla Parker,WFO
16-05-2022,W 21,Atq -405,Sofia Solis,WFO
16-05-2022,W 21,Atq -450,Miya Hampton,WFO
16-05-2022,W 21,Atq -467,Cason David,WFO
16-05-2022,W 21,Atq -443,Lyric Bartlett,WFO
16-05-2022,W 21,Atq -335,Tori Shannon,WFO
16-05-2022,W 21,Atq -397,Grace Stone,WFO
16-05-2022,W 21,Atq -404,Ana Little,WFO
16-05-2022,W 21,Atq -441,Loki Lal,WFO
16-05-2022,W 21,Atq -366,Peter Pandey,WFO
16-05-2022,W 21,Atq -438,Mekhi Singleton,WFO
16-05-2022,W 21,Atq -398,Bo Cordova,WFO
16-05-2022,W 21,Atq -411,Nevaeh Waller,WFO
16-05-2022,W 21,Atq -462,Jarvis Singh,WFO
16-05-2022,W 21,Atq -406,Thanos Thakur,WFO
16-05-2022,W 21,Atq -430,Maximus Mckenzie,WFH
16-05-2022,W 21,Atq -382,Gustavo Ritter,WFH
16-05-2022,W 21,Atq -398,Salvatore Hendrix,WFH
16-05-2022,W 21,Atq -370,Ella Roth,WFH
16-05-2022,W 21,Atq -423,Rodrigo Price,WFH
16-05-2022,W 21,Atq -452,Ayanna Atkins,SL
16-05-2022,W 21,Atq -393,Emma Freeman,PL
16-05-2022,W 21,Atq -421,Rylee Mullins,PL
16-05-2022,W 21,Atq -432,Ryann Guerrero,PL
16-05-2022,W 21,Atq -435,Dean Mclaughlin,PL
16-05-2022,W 21,Atq -419,Kaylah Schultz,PL
16-05-2022,W 21,Atq -362,Kiana Mcmillan,WFO
16-05-2022,W 21,Atq -476,Kane Malone,WFO
16-05-2022,W 21,Atq -455,Aditya Walls,WFO
16-05-2022,W 21,Atq -400,Chad Macias,WFO
16-05-2022,W 21,Atq -437,Dallas Weeks,WFO
16-05-2022,W 21,Atq -372,Miley Combs,WFO
16-05-2022,W 21,Atq -374,Kaley Fitzpatrick,WFO
16-05-2022,W 21,Atq -470,Jovani Pope,WFO
16-05-2022,W 21,Atq -385,Finnegan Gilbert,WFO
16-05-2022,W 21,Atq -364,Keaton Nixon,WFO
16-05-2022,W 21,Atq -448,Athena Rios,WFO
16-05-2022,W 21,Atq -472,Quincy Mendez,WFO
16-05-2022,W 21,Atq -411,Samuel Murray,WFO
17-05-2022,W 21,Atq -376,Dominique Benjamin,WFO
17-05-2022,W 21,Atq -418,Hillary Kirk,WFO
17-05-2022,W 21,Atq -373,Isiah Small,WFO
17-05-2022,W 21,Atq -408,Nick Orozco,WFO
17-05-2022,W 21,Atq -418,Marquis Wyatt,WFO
17-05-2022,W 21,Atq -414,Titus Andersen,WFO
17-05-2022,W 21,Atq -403,Will Mahoney,WFO
17-05-2022,W 21,Atq -393,Emma Freeman,WFO
17-05-2022,W 21,Atq -452,Ayanna Atkins,WFO
17-05-2022,W 21,Atq -432,Ryann Guerrero,WFO
17-05-2022,W 21,Atq -484,Demarcus Gordon,WFO
17-05-2022,W 21,Atq -396,Karma Reeves,WFO
17-05-2022,W 21,Atq -472,Cristofer Bernard,WFO
17-05-2022,W 21,Atq -412,Tucker Austin,WFO
17-05-2022,W 21,Atq -484,Adyson Moyer,WFO
17-05-2022,W 21,Atq -385,Jase Ingram,WFO
17-05-2022,W 21,Atq -456,Adriel Pace,WFO
17-05-2022,W 21,Atq -375,Kenley Marsh,WFO
17-05-2022,W 21,Atq -475,London Kim,WFO
17-05-2022,W 21,Atq -405,Chris Frye,WFO
17-05-2022,W 21,Atq -331,Jonah Hamilton,WFO
17-05-2022,W 21,Atq -348,Weston Horton,WFO
17-05-2022,W 21,Atq -468,Xiomara Ruiz,WFO
17-05-2022,W 21,Atq -368,Macie Callahan,WFO
17-05-2022,W 21,Atq -475,Rey Novak,WFO
17-05-2022,W 21,Atq -375,Hailee Fitzpatrick,WFO
17-05-2022,W 21,Atq -433,Jayce Fuentes,WFO
17-05-2022,W 21,Atq -438,Miles Fields,WFO
17-05-2022,W 21,Atq -349,Trystan Ortega,WFO
17-05-2022,W 21,Atq -459,Iris Woodard,WFO
17-05-2022,W 21,Atq -396,Joel Cruz,WFO
17-05-2022,W 21,Atq -419,Faith Hamilton,WFO
17-05-2022,W 21,Atq -446,April Ayers,WFO
17-05-2022,W 21,Atq -334,Boston Morse,WFO
17-05-2022,W 21,Atq -343,Myla Klein,WFO
17-05-2022,W 21,Atq -335,Madelynn Gray,WFO
17-05-2022,W 21,Atq -440,Mckayla Parker,WFO
17-05-2022,W 21,Atq -405,Sofia Solis,WFO
17-05-2022,W 21,Atq -450,Miya Hampton,WFO
17-05-2022,W 21,Atq -467,Cason David,WFO
17-05-2022,W 21,Atq -443,Lyric Bartlett,WFO
17-05-2022,W 21,Atq -335,Tori Shannon,WFO
17-05-2022,W 21,Atq -397,Grace Stone,WFO
17-05-2022,W 21,Atq -404,Ana Little,WFO
17-05-2022,W 21,Atq -436,Phoenix Brady,WFO
17-05-2022,W 21,Atq -441,Loki Lal,WFO
17-05-2022,W 21,Atq -366,Peter Pandey,WFO
17-05-2022,W 21,Atq -438,Mekhi Singleton,WFO
17-05-2022,W 21,Atq -398,Bo Cordova,WFO
17-05-2022,W 21,Atq -411,Nevaeh Waller,WFO
17-05-2022,W 21,Atq -462,Jarvis Singh,WFO
17-05-2022,W 21,Atq -406,Thanos Thakur,WFO
17-05-2022,W 21,Atq -458,Jessie Carrillo,WFH
17-05-2022,W 21,Atq -430,Maximus Mckenzie,WFH
17-05-2022,W 21,Atq -382,Gustavo Ritter,WFH
17-05-2022,W 21,Atq -398,Salvatore Hendrix,WFH
17-05-2022,W 21,Atq -370,Ella Roth,WFH
17-05-2022,W 21,Atq -423,Rodrigo Price,WFH
17-05-2022,W 21,Atq -367,Briley Orr,ML
17-05-2022,W 21,Atq -421,Rylee Mullins,PL
17-05-2022,W 21,Atq -419,Kaylah Schultz,PL
17-05-2022,W 21,Atq -362,Kiana Mcmillan,WFO
17-05-2022,W 21,Atq -476,Kane Malone,WFO
17-05-2022,W 21,Atq -455,Aditya Walls,WFO
17-05-2022,W 21,Atq -437,Dallas Weeks,WFO
17-05-2022,W 21,Atq -372,Miley Combs,WFO
17-05-2022,W 21,Atq -374,Kaley Fitzpatrick,WFO
17-05-2022,W 21,Atq -470,Jovani Pope,WFO
17-05-2022,W 21,Atq -385,Finnegan Gilbert,WFO
17-05-2022,W 21,Atq -364,Keaton Nixon,WFO
17-05-2022,W 21,Atq -448,Athena Rios,WFO
17-05-2022,W 21,Atq -472,Quincy Mendez,WFO
17-05-2022,W 21,Atq -411,Samuel Murray,WFO
17-05-2022,W 21,Atq -461,Josh Sharp,WFO
17-05-2022,W 21,Atq -453,Nehemiah Diaz,WFO
18-05-2022,W 21,Atq -418,Hillary Kirk,WFO
18-05-2022,W 21,Atq -373,Isiah Small,WFO
18-05-2022,W 21,Atq -408,Nick Orozco,WFO
18-05-2022,W 21,Atq -418,Marquis Wyatt,WFO
18-05-2022,W 21,Atq -414,Titus Andersen,WFO
18-05-2022,W 21,Atq -403,Will Mahoney,WFO
18-05-2022,W 21,Atq -393,Emma Freeman,WFO
18-05-2022,W 21,Atq -367,Briley Orr,WFO
18-05-2022,W 21,Atq -452,Ayanna Atkins,WFO
18-05-2022,W 21,Atq -432,Ryann Guerrero,WFO
18-05-2022,W 21,Atq -484,Demarcus Gordon,WFO
18-05-2022,W 21,Atq -467,Esperanza Irwin,WFO
18-05-2022,W 21,Atq -396,Karma Reeves,WFO
18-05-2022,W 21,Atq -472,Cristofer Bernard,WFO
18-05-2022,W 21,Atq -412,Tucker Austin,WFO
18-05-2022,W 21,Atq -484,Adyson Moyer,WFO
18-05-2022,W 21,Atq -385,Jase Ingram,WFO
18-05-2022,W 21,Atq -456,Adriel Pace,WFO
18-05-2022,W 21,Atq -475,London Kim,WFO
18-05-2022,W 21,Atq -405,Chris Frye,WFO
18-05-2022,W 21,Atq -331,Jonah Hamilton,WFO
18-05-2022,W 21,Atq -348,Weston Horton,WFO
18-05-2022,W 21,Atq -468,Xiomara Ruiz,WFO
18-05-2022,W 21,Atq -368,Macie Callahan,WFO
18-05-2022,W 21,Atq -475,Rey Novak,WFO
18-05-2022,W 21,Atq -375,Hailee Fitzpatrick,WFO
18-05-2022,W 21,Atq -433,Jayce Fuentes,WFO
18-05-2022,W 21,Atq -438,Miles Fields,WFO
18-05-2022,W 21,Atq -349,Trystan Ortega,WFO
18-05-2022,W 21,Atq -459,Iris Woodard,WFO
18-05-2022,W 21,Atq -396,Joel Cruz,WFO
18-05-2022,W 21,Atq -419,Faith Hamilton,WFO
18-05-2022,W 21,Atq -334,Boston Morse,WFO
18-05-2022,W 21,Atq -343,Myla Klein,WFO
18-05-2022,W 21,Atq -335,Madelynn Gray,WFO
18-05-2022,W 21,Atq -440,Mckayla Parker,WFO
18-05-2022,W 21,Atq -450,Miya Hampton,WFO
18-05-2022,W 21,Atq -467,Cason David,WFO
18-05-2022,W 21,Atq -443,Lyric Bartlett,WFO
18-05-2022,W 21,Atq -335,Tori Shannon,WFO
18-05-2022,W 21,Atq -397,Grace Stone,WFO
18-05-2022,W 21,Atq -404,Ana Little,WFO
18-05-2022,W 21,Atq -436,Phoenix Brady,WFO
18-05-2022,W 21,Atq -441,Loki Lal,WFO
18-05-2022,W 21,Atq -366,Peter Pandey,WFO
18-05-2022,W 21,Atq -438,Mekhi Singleton,WFO
18-05-2022,W 21,Atq -398,Bo Cordova,WFO
18-05-2022,W 21,Atq -411,Nevaeh Waller,WFO
18-05-2022,W 21,Atq -462,Jarvis Singh,WFO
18-05-2022,W 21,Atq -406,Thanos Thakur,WFO
18-05-2022,W 21,Atq -458,Jessie Carrillo,WFH
18-05-2022,W 21,Atq -400,Chad Macias,WFH
18-05-2022,W 21,Atq -430,Maximus Mckenzie,WFH
18-05-2022,W 21,Atq -382,Gustavo Ritter,WFH
18-05-2022,W 21,Atq -398,Salvatore Hendrix,WFH
18-05-2022,W 21,Atq -370,Ella Roth,WFH
18-05-2022,W 21,Atq -423,Rodrigo Price,WFH
18-05-2022,W 21,Atq -375,Kenley Marsh,SL
18-05-2022,W 21,Atq -446,April Ayers,SL
18-05-2022,W 21,Atq -421,Rylee Mullins,PL
18-05-2022,W 21,Atq -419,Kaylah Schultz,PL
18-05-2022,W 21,Atq -362,Kiana Mcmillan,WFO
18-05-2022,W 21,Atq -476,Kane Malone,WFO
18-05-2022,W 21,Atq -455,Aditya Walls,WFO
18-05-2022,W 21,Atq -437,Dallas Weeks,WFO
18-05-2022,W 21,Atq -372,Miley Combs,WFO
18-05-2022,W 21,Atq -374,Kaley Fitzpatrick,WFO
18-05-2022,W 21,Atq -470,Jovani Pope,WFO
18-05-2022,W 21,Atq -385,Finnegan Gilbert,WFO
18-05-2022,W 21,Atq -364,Keaton Nixon,WFO
18-05-2022,W 21,Atq -448,Athena Rios,WFO
18-05-2022,W 21,Atq -472,Quincy Mendez,WFO
18-05-2022,W 21,Atq -411,Samuel Murray,WFO
18-05-2022,W 21,Atq -461,Josh Sharp,WFO
18-05-2022,W 21,Atq -453,Nehemiah Diaz,WFO
18-05-2022,W 21,Atq -376,Dominique Benjamin,WFO
19-05-2022,W 21,Atq -418,Hillary Kirk,WFO
19-05-2022,W 21,Atq -373,Isiah Small,WFO
19-05-2022,W 21,Atq -408,Nick Orozco,WFO
19-05-2022,W 21,Atq -418,Marquis Wyatt,WFO
19-05-2022,W 21,Atq -414,Titus Andersen,WFO
19-05-2022,W 21,Atq -403,Will Mahoney,WFO
19-05-2022,W 21,Atq -393,Emma Freeman,WFO
19-05-2022,W 21,Atq -367,Briley Orr,WFO
19-05-2022,W 21,Atq -452,Ayanna Atkins,WFO
19-05-2022,W 21,Atq -432,Ryann Guerrero,WFO
19-05-2022,W 21,Atq -484,Demarcus Gordon,WFO
19-05-2022,W 21,Atq -467,Esperanza Irwin,WFO
19-05-2022,W 21,Atq -396,Karma Reeves,WFO
19-05-2022,W 21,Atq -472,Cristofer Bernard,WFO
19-05-2022,W 21,Atq -412,Tucker Austin,WFO
19-05-2022,W 21,Atq -484,Adyson Moyer,WFO
19-05-2022,W 21,Atq -385,Jase Ingram,WFO
19-05-2022,W 21,Atq -475,London Kim,WFO
19-05-2022,W 21,Atq -331,Jonah Hamilton,WFO
19-05-2022,W 21,Atq -435,Dean Mclaughlin,WFO
19-05-2022,W 21,Atq -348,Weston Horton,WFO
19-05-2022,W 21,Atq -368,Macie Callahan,WFO
19-05-2022,W 21,Atq -475,Rey Novak,WFO
19-05-2022,W 21,Atq -375,Hailee Fitzpatrick,WFO
19-05-2022,W 21,Atq -433,Jayce Fuentes,WFO
19-05-2022,W 21,Atq -438,Miles Fields,WFO
19-05-2022,W 21,Atq -349,Trystan Ortega,WFO
19-05-2022,W 21,Atq -459,Iris Woodard,WFO
19-05-2022,W 21,Atq -396,Joel Cruz,WFO
19-05-2022,W 21,Atq -419,Faith Hamilton,WFO
19-05-2022,W 21,Atq -446,April Ayers,WFO
19-05-2022,W 21,Atq -334,Boston Morse,WFO
19-05-2022,W 21,Atq -343,Myla Klein,WFO
19-05-2022,W 21,Atq -335,Madelynn Gray,WFO
19-05-2022,W 21,Atq -440,Mckayla Parker,WFO
19-05-2022,W 21,Atq -405,Sofia Solis,WFO
19-05-2022,W 21,Atq -450,Miya Hampton,WFO
19-05-2022,W 21,Atq -467,Cason David,WFO
19-05-2022,W 21,Atq -443,Lyric Bartlett,WFO
19-05-2022,W 21,Atq -335,Tori Shannon,WFO
19-05-2022,W 21,Atq -397,Grace Stone,WFO
19-05-2022,W 21,Atq -404,Ana Little,WFO
19-05-2022,W 21,Atq -436,Phoenix Brady,WFO
19-05-2022,W 21,Atq -441,Loki Lal,WFO
19-05-2022,W 21,Atq -366,Peter Pandey,WFO
19-05-2022,W 21,Atq -398,Bo Cordova,WFO
19-05-2022,W 21,Atq -411,Nevaeh Waller,WFO
19-05-2022,W 21,Atq -462,Jarvis Singh,WFO
19-05-2022,W 21,Atq -406,Thanos Thakur,WFO
19-05-2022,W 21,Atq -458,Jessie Carrillo,WFH
19-05-2022,W 21,Atq -400,Chad Macias,WFH
19-05-2022,W 21,Atq -430,Maximus Mckenzie,WFH
19-05-2022,W 21,Atq -382,Gustavo Ritter,WFH
19-05-2022,W 21,Atq -398,Salvatore Hendrix,WFH
19-05-2022,W 21,Atq -456,Adriel Pace,WFH
19-05-2022,W 21,Atq -375,Kenley Marsh,WFH
19-05-2022,W 21,Atq -405,Chris Frye,WFH
19-05-2022,W 21,Atq -370,Ella Roth,WFH
19-05-2022,W 21,Atq -423,Rodrigo Price,WFH
19-05-2022,W 21,Atq -421,Rylee Mullins,PL
19-05-2022,W 21,Atq -468,Xiomara Ruiz,PL
19-05-2022,W 21,Atq -419,Kaylah Schultz,PL
19-05-2022,W 21,Atq -438,Mekhi Singleton,PL
19-05-2022,W 21,Atq -362,Kiana Mcmillan,WFO
19-05-2022,W 21,Atq -476,Kane Malone,WFO
19-05-2022,W 21,Atq -455,Aditya Walls,WFO
19-05-2022,W 21,Atq -437,Dallas Weeks,WFO
19-05-2022,W 21,Atq -372,Miley Combs,WFO
19-05-2022,W 21,Atq -374,Kaley Fitzpatrick,WFO
19-05-2022,W 21,Atq -470,Jovani Pope,WFO
19-05-2022,W 21,Atq -385,Finnegan Gilbert,WFO
19-05-2022,W 21,Atq -364,Keaton Nixon,WFO
19-05-2022,W 21,Atq -472,Quincy Mendez,WFO
19-05-2022,W 21,Atq -411,Samuel Murray,WFO
19-05-2022,W 21,Atq -461,Josh Sharp,WFO
19-05-2022,W 21,Atq -376,Dominique Benjamin,WFO
20-05-2022,W 21,Atq -408,Nick Orozco,WFO
20-05-2022,W 21,Atq -418,Marquis Wyatt,WFO
20-05-2022,W 21,Atq -414,Titus Andersen,WFO
20-05-2022,W 21,Atq -403,Will Mahoney,WFO
20-05-2022,W 21,Atq -393,Emma Freeman,WFO
20-05-2022,W 21,Atq -367,Briley Orr,WFO
20-05-2022,W 21,Atq -452,Ayanna Atkins,WFO
20-05-2022,W 21,Atq -432,Ryann Guerrero,WFO
20-05-2022,W 21,Atq -484,Demarcus Gordon,WFO
20-05-2022,W 21,Atq -467,Esperanza Irwin,WFO
20-05-2022,W 21,Atq -396,Karma Reeves,WFO
20-05-2022,W 21,Atq -472,Cristofer Bernard,WFO
20-05-2022,W 21,Atq -412,Tucker Austin,WFO
20-05-2022,W 21,Atq -484,Adyson Moyer,WFO
20-05-2022,W 21,Atq -385,Jase Ingram,WFO
20-05-2022,W 21,Atq -475,London Kim,WFO
20-05-2022,W 21,Atq -331,Jonah Hamilton,WFO
20-05-2022,W 21,Atq -435,Dean Mclaughlin,WFO
20-05-2022,W 21,Atq -348,Weston Horton,WFO
20-05-2022,W 21,Atq -368,Macie Callahan,WFO
20-05-2022,W 21,Atq -475,Rey Novak,WFO
20-05-2022,W 21,Atq -375,Hailee Fitzpatrick,WFO
20-05-2022,W 21,Atq -433,Jayce Fuentes,WFO
20-05-2022,W 21,Atq -438,Miles Fields,WFO
20-05-2022,W 21,Atq -349,Trystan Ortega,WFO
20-05-2022,W 21,Atq -459,Iris Woodard,WFO
20-05-2022,W 21,Atq -396,Joel Cruz,WFO
20-05-2022,W 21,Atq -419,Faith Hamilton,WFO
20-05-2022,W 21,Atq -446,April Ayers,WFO
20-05-2022,W 21,Atq -334,Boston Morse,WFO
20-05-2022,W 21,Atq -335,Madelynn Gray,WFO
20-05-2022,W 21,Atq -440,Mckayla Parker,WFO
20-05-2022,W 21,Atq -405,Sofia Solis,WFO
20-05-2022,W 21,Atq -450,Miya Hampton,WFO
20-05-2022,W 21,Atq -467,Cason David,WFO
20-05-2022,W 21,Atq -443,Lyric Bartlett,WFO
20-05-2022,W 21,Atq -335,Tori Shannon,WFO
20-05-2022,W 21,Atq -397,Grace Stone,WFO
20-05-2022,W 21,Atq -404,Ana Little,WFO
20-05-2022,W 21,Atq -436,Phoenix Brady,WFO
20-05-2022,W 21,Atq -441,Loki Lal,WFO
20-05-2022,W 21,Atq -366,Peter Pandey,WFO
20-05-2022,W 21,Atq -438,Mekhi Singleton,WFO
20-05-2022,W 21,Atq -398,Bo Cordova,WFO
20-05-2022,W 21,Atq -411,Nevaeh Waller,WFO
20-05-2022,W 21,Atq -462,Jarvis Singh,WFO
20-05-2022,W 21,Atq -406,Thanos Thakur,WFO
20-05-2022,W 21,Atq -458,Jessie Carrillo,WFH
20-05-2022,W 21,Atq -400,Chad Macias,WFH
20-05-2022,W 21,Atq -430,Maximus Mckenzie,WFH
20-05-2022,W 21,Atq -448,Athena Rios,WFH
20-05-2022,W 21,Atq -453,Nehemiah Diaz,WFH
20-05-2022,W 21,Atq -382,Gustavo Ritter,WFH
20-05-2022,W 21,Atq -398,Salvatore Hendrix,WFH
20-05-2022,W 21,Atq -375,Kenley Marsh,WFH
20-05-2022,W 21,Atq -405,Chris Frye,WFH
20-05-2022,W 21,Atq -468,Xiomara Ruiz,WFH
20-05-2022,W 21,Atq -370,Ella Roth,WFH
20-05-2022,W 21,Atq -423,Rodrigo Price,WFH
20-05-2022,W 21,Atq -343,Myla Klein,SL
20-05-2022,W 21,Atq -421,Rylee Mullins,PL
20-05-2022,W 21,Atq -456,Adriel Pace,PL
20-05-2022,W 21,Atq -419,Kaylah Schultz,PL
20-05-2022,W 21,Atq -389,Julien Hamilton,WO
20-05-2022,W 21,Atq -414,Mckayla Miles,WO
20-05-2022,W 21,Atq -461,Shea Zuniga,WO
20-05-2022,W 21,Atq -426,Isabella Pittman,WO
20-05-2022,W 21,Atq -362,Kiana Mcmillan,WO
20-05-2022,W 21,Atq -476,Kane Malone,WO
20-05-2022,W 21,Atq -455,Aditya Walls,WO
20-05-2022,W 21,Atq -458,Jessie Carrillo,WO
20-05-2022,W 21,Atq -400,Chad Macias,WO
20-05-2022,W 21,Atq -437,Dallas Weeks,WO
20-05-2022,W 21,Atq -372,Miley Combs,WO
20-05-2022,W 21,Atq -374,Kaley Fitzpatrick,WO
20-05-2022,W 21,Atq -470,Jovani Pope,WO
20-05-2022,W 21,Atq -455,Caylee Meadows,WO
20-05-2022,W 21,Atq -385,Finnegan Gilbert,WO
21-05-2022,W 21,Atq -387,Konner Henson,WO
21-05-2022,W 21,Atq -430,Maximus Mckenzie,WO
21-05-2022,W 21,Atq -371,Kayleigh Kennedy,WO
21-05-2022,W 21,Atq -364,Keaton Nixon,WO
21-05-2022,W 21,Atq -448,Athena Rios,WO
21-05-2022,W 21,Atq -472,Quincy Mendez,WO
21-05-2022,W 21,Atq -411,Samuel Murray,WO
21-05-2022,W 21,Atq -461,Josh Sharp,WO
21-05-2022,W 21,Atq -453,Nehemiah Diaz,WO
21-05-2022,W 21,Atq -376,Dominique Benjamin,WO
21-05-2022,W 21,Atq -418,Hillary Kirk,WO
21-05-2022,W 21,Atq -373,Isiah Small,WO
21-05-2022,W 21,Atq -382,Gustavo Ritter,WO
21-05-2022,W 21,Atq -408,Nick Orozco,WO
21-05-2022,W 21,Atq -418,Marquis Wyatt,WO
21-05-2022,W 21,Atq -414,Titus Andersen,WO
21-05-2022,W 21,Atq -403,Will Mahoney,WO
21-05-2022,W 21,Atq -393,Emma Freeman,WO
21-05-2022,W 21,Atq -367,Briley Orr,WO
21-05-2022,W 21,Atq -452,Ayanna Atkins,WO
21-05-2022,W 21,Atq -421,Rylee Mullins,WO
21-05-2022,W 21,Atq -432,Ryann Guerrero,WO
21-05-2022,W 21,Atq -484,Demarcus Gordon,WO
21-05-2022,W 21,Atq -467,Esperanza Irwin,WO
21-05-2022,W 21,Atq -396,Karma Reeves,WO
21-05-2022,W 21,Atq -472,Cristofer Bernard,WO
21-05-2022,W 21,Atq -412,Tucker Austin,WO
21-05-2022,W 21,Atq -398,Salvatore Hendrix,WO
21-05-2022,W 21,Atq -484,Adyson Moyer,WO
21-05-2022,W 21,Atq -385,Jase Ingram,WO
21-05-2022,W 21,Atq -456,Adriel Pace,WO
21-05-2022,W 21,Atq -375,Kenley Marsh,WO
21-05-2022,W 21,Atq -475,London Kim,WO
21-05-2022,W 21,Atq -405,Chris Frye,WO
21-05-2022,W 21,Atq -331,Jonah Hamilton,WO
21-05-2022,W 21,Atq -435,Dean Mclaughlin,WO
21-05-2022,W 21,Atq -348,Weston Horton,WO
21-05-2022,W 21,Atq -468,Xiomara Ruiz,WO
21-05-2022,W 21,Atq -368,Macie Callahan,WO
21-05-2022,W 21,Atq -475,Rey Novak,WO
21-05-2022,W 21,Atq -375,Hailee Fitzpatrick,WO
21-05-2022,W 21,Atq -433,Jayce Fuentes,WO
21-05-2022,W 21,Atq -370,Ella Roth,WO
21-05-2022,W 21,Atq -423,Rodrigo Price,WO
21-05-2022,W 21,Atq -438,Miles Fields,WO
21-05-2022,W 21,Atq -349,Trystan Ortega,WO
21-05-2022,W 21,Atq -459,Iris Woodard,WO
21-05-2022,W 21,Atq -396,Joel Cruz,WO
21-05-2022,W 21,Atq -419,Faith Hamilton,WO
21-05-2022,W 21,Atq -446,April Ayers,WO
21-05-2022,W 21,Atq -334,Boston Morse,WO
21-05-2022,W 21,Atq -343,Myla Klein,WO
21-05-2022,W 21,Atq -335,Madelynn Gray,WO
21-05-2022,W 21,Atq -440,Mckayla Parker,WO
21-05-2022,W 21,Atq -405,Sofia Solis,WO
21-05-2022,W 21,Atq -450,Miya Hampton,WO
21-05-2022,W 21,Atq -467,Cason David,WO
21-05-2022,W 21,Atq -419,Kaylah Schultz,WO
21-05-2022,W 21,Atq -443,Lyric Bartlett,WO
21-05-2022,W 21,Atq -335,Tori Shannon,WO
21-05-2022,W 21,Atq -397,Grace Stone,WO
21-05-2022,W 21,Atq -404,Ana Little,WO
21-05-2022,W 21,Atq -436,Phoenix Brady,WO
21-05-2022,W 21,Atq -441,Loki Lal,WO
21-05-2022,W 21,Atq -366,Peter Pandey,WO
21-05-2022,W 21,Atq -438,Mekhi Singleton,WO
21-05-2022,W 21,Atq -398,Bo Cordova,WO
21-05-2022,W 21,Atq -411,Nevaeh Waller,WO
21-05-2022,W 21,Atq -462,Jarvis Singh,WO
21-05-2022,W 21,Atq -406,Thanos Thakur,WO
21-05-2022,W 22,Atq -389,Julien Hamilton,WO
21-05-2022,W 22,Atq -414,Mckayla Miles,WO
21-05-2022,W 22,Atq -461,Shea Zuniga,WO
21-05-2022,W 22,Atq -426,Isabella Pittman,WO
21-05-2022,W 22,Atq -362,Kiana Mcmillan,WO
21-05-2022,W 22,Atq -476,Kane Malone,WO
21-05-2022,W 22,Atq -455,Aditya Walls,WO
21-05-2022,W 22,Atq -458,Jessie Carrillo,WO
21-05-2022,W 22,Atq -400,Chad Macias,WO
21-05-2022,W 22,Atq -437,Dallas Weeks,WO
21-05-2022,W 22,Atq -372,Miley Combs,WO
21-05-2022,W 22,Atq -374,Kaley Fitzpatrick,WO
21-05-2022,W 22,Atq -470,Jovani Pope,WO
21-05-2022,W 22,Atq -455,Caylee Meadows,WO
21-05-2022,W 22,Atq -385,Finnegan Gilbert,WO
22-05-2022,W 22,Atq -387,Konner Henson,WO
22-05-2022,W 22,Atq -430,Maximus Mckenzie,WO
22-05-2022,W 22,Atq -371,Kayleigh Kennedy,WO
22-05-2022,W 22,Atq -364,Keaton Nixon,WO
22-05-2022,W 22,Atq -448,Athena Rios,WO
22-05-2022,W 22,Atq -472,Quincy Mendez,WO
22-05-2022,W 22,Atq -411,Samuel Murray,WO
22-05-2022,W 22,Atq -461,Josh Sharp,WO
22-05-2022,W 22,Atq -453,Nehemiah Diaz,WO
22-05-2022,W 22,Atq -376,Dominique Benjamin,WO
22-05-2022,W 22,Atq -418,Hillary Kirk,WO
22-05-2022,W 22,Atq -373,Isiah Small,WO
22-05-2022,W 22,Atq -382,Gustavo Ritter,WO
22-05-2022,W 22,Atq -408,Nick Orozco,WO
22-05-2022,W 22,Atq -418,Marquis Wyatt,WO
22-05-2022,W 22,Atq -414,Titus Andersen,WO
22-05-2022,W 22,Atq -403,Will Mahoney,WO
22-05-2022,W 22,Atq -393,Emma Freeman,WO
22-05-2022,W 22,Atq -367,Briley Orr,WO
22-05-2022,W 22,Atq -452,Ayanna Atkins,WO
22-05-2022,W 22,Atq -421,Rylee Mullins,WO
22-05-2022,W 22,Atq -432,Ryann Guerrero,WO
22-05-2022,W 22,Atq -484,Demarcus Gordon,WO
22-05-2022,W 22,Atq -467,Esperanza Irwin,WO
22-05-2022,W 22,Atq -396,Karma Reeves,WO
22-05-2022,W 22,Atq -472,Cristofer Bernard,WO
22-05-2022,W 22,Atq -412,Tucker Austin,WO
22-05-2022,W 22,Atq -398,Salvatore Hendrix,WO
22-05-2022,W 22,Atq -484,Adyson Moyer,WO
22-05-2022,W 22,Atq -385,Jase Ingram,WO
22-05-2022,W 22,Atq -456,Adriel Pace,WO
22-05-2022,W 22,Atq -375,Kenley Marsh,WO
22-05-2022,W 22,Atq -475,London Kim,WO
22-05-2022,W 22,Atq -405,Chris Frye,WO
22-05-2022,W 22,Atq -331,Jonah Hamilton,WO
22-05-2022,W 22,Atq -435,Dean Mclaughlin,WO
22-05-2022,W 22,Atq -348,Weston Horton,WO
22-05-2022,W 22,Atq -468,Xiomara Ruiz,WO
22-05-2022,W 22,Atq -368,Macie Callahan,WO
22-05-2022,W 22,Atq -475,Rey Novak,WO
22-05-2022,W 22,Atq -375,Hailee Fitzpatrick,WO
22-05-2022,W 22,Atq -433,Jayce Fuentes,WO
22-05-2022,W 22,Atq -370,Ella Roth,WO
22-05-2022,W 22,Atq -423,Rodrigo Price,WO
22-05-2022,W 22,Atq -438,Miles Fields,WO
22-05-2022,W 22,Atq -349,Trystan Ortega,WO
22-05-2022,W 22,Atq -459,Iris Woodard,WO
22-05-2022,W 22,Atq -396,Joel Cruz,WO
22-05-2022,W 22,Atq -419,Faith Hamilton,WO
22-05-2022,W 22,Atq -446,April Ayers,WO
22-05-2022,W 22,Atq -334,Boston Morse,WO
22-05-2022,W 22,Atq -343,Myla Klein,WO
22-05-2022,W 22,Atq -335,Madelynn Gray,WO
22-05-2022,W 22,Atq -440,Mckayla Parker,WO
22-05-2022,W 22,Atq -405,Sofia Solis,WO
22-05-2022,W 22,Atq -450,Miya Hampton,WO
22-05-2022,W 22,Atq -467,Cason David,WO
22-05-2022,W 22,Atq -419,Kaylah Schultz,WO
22-05-2022,W 22,Atq -443,Lyric Bartlett,WO
22-05-2022,W 22,Atq -335,Tori Shannon,WO
22-05-2022,W 22,Atq -397,Grace Stone,WO
22-05-2022,W 22,Atq -404,Ana Little,WO
22-05-2022,W 22,Atq -436,Phoenix Brady,WO
22-05-2022,W 22,Atq -441,Loki Lal,WO
22-05-2022,W 22,Atq -366,Peter Pandey,WO
22-05-2022,W 22,Atq -438,Mekhi Singleton,WO
22-05-2022,W 22,Atq -398,Bo Cordova,WO
22-05-2022,W 22,Atq -411,Nevaeh Waller,WO
22-05-2022,W 22,Atq -462,Jarvis Singh,WO
22-05-2022,W 22,Atq -406,Thanos Thakur,WO
22-05-2022,W 22,Atq -389,Julien Hamilton,WFO
22-05-2022,W 22,Atq -414,Mckayla Miles,WFO
22-05-2022,W 22,Atq -461,Shea Zuniga,WFO
22-05-2022,W 22,Atq -426,Isabella Pittman,WFO
22-05-2022,W 22,Atq -362,Kiana Mcmillan,WFO
22-05-2022,W 22,Atq -455,Aditya Walls,WFO
22-05-2022,W 22,Atq -458,Jessie Carrillo,WFO
22-05-2022,W 22,Atq -400,Chad Macias,WFO
22-05-2022,W 22,Atq -372,Miley Combs,WFO
22-05-2022,W 22,Atq -374,Kaley Fitzpatrick,WFO
22-05-2022,W 22,Atq -470,Jovani Pope,WFO
22-05-2022,W 22,Atq -387,Konner Henson,WFO
22-05-2022,W 22,Atq -364,Keaton Nixon,WFO
22-05-2022,W 22,Atq -448,Athena Rios,WFO
22-05-2022,W 22,Atq -472,Quincy Mendez,WFO
23-05-2022,W 22,Atq -411,Samuel Murray,WFO
23-05-2022,W 22,Atq -461,Josh Sharp,WFO
23-05-2022,W 22,Atq -453,Nehemiah Diaz,WFO
23-05-2022,W 22,Atq -376,Dominique Benjamin,WFO
23-05-2022,W 22,Atq -418,Hillary Kirk,WFO
23-05-2022,W 22,Atq -373,Isiah Small,WFO
23-05-2022,W 22,Atq -408,Nick Orozco,WFO
23-05-2022,W 22,Atq -418,Marquis Wyatt,WFO
23-05-2022,W 22,Atq -414,Titus Andersen,WFO
23-05-2022,W 22,Atq -403,Will Mahoney,WFO
23-05-2022,W 22,Atq -393,Emma Freeman,WFO
23-05-2022,W 22,Atq -367,Briley Orr,WFO
23-05-2022,W 22,Atq -421,Rylee Mullins,WFO
23-05-2022,W 22,Atq -432,Ryann Guerrero,WFO
23-05-2022,W 22,Atq -484,Demarcus Gordon,WFO
23-05-2022,W 22,Atq -467,Esperanza Irwin,WFO
23-05-2022,W 22,Atq -396,Karma Reeves,WFO
23-05-2022,W 22,Atq -472,Cristofer Bernard,WFO
23-05-2022,W 22,Atq -385,Jase Ingram,WFO
23-05-2022,W 22,Atq -456,Adriel Pace,WFO
23-05-2022,W 22,Atq -375,Kenley Marsh,WFO
23-05-2022,W 22,Atq -475,London Kim,WFO
23-05-2022,W 22,Atq -405,Chris Frye,WFO
23-05-2022,W 22,Atq -331,Jonah Hamilton,WFO
23-05-2022,W 22,Atq -435,Dean Mclaughlin,WFO
23-05-2022,W 22,Atq -348,Weston Horton,WFO
23-05-2022,W 22,Atq -468,Xiomara Ruiz,WFO
23-05-2022,W 22,Atq -368,Macie Callahan,WFO
23-05-2022,W 22,Atq -475,Rey Novak,WFO
23-05-2022,W 22,Atq -375,Hailee Fitzpatrick,WFO
23-05-2022,W 22,Atq -433,Jayce Fuentes,WFO
23-05-2022,W 22,Atq -423,Rodrigo Price,WFO
23-05-2022,W 22,Atq -438,Miles Fields,WFO
23-05-2022,W 22,Atq -349,Trystan Ortega,WFO
23-05-2022,W 22,Atq -459,Iris Woodard,WFO
23-05-2022,W 22,Atq -396,Joel Cruz,WFO
23-05-2022,W 22,Atq -419,Faith Hamilton,WFO
23-05-2022,W 22,Atq -446,April Ayers,WFO
23-05-2022,W 22,Atq -334,Boston Morse,WFO
23-05-2022,W 22,Atq -343,Myla Klein,WFO
23-05-2022,W 22,Atq -335,Madelynn Gray,WFO
23-05-2022,W 22,Atq -440,Mckayla Parker,WFO
23-05-2022,W 22,Atq -405,Sofia Solis,WFO
23-05-2022,W 22,Atq -450,Miya Hampton,WFO
23-05-2022,W 22,Atq -467,Cason David,WFO
23-05-2022,W 22,Atq -443,Lyric Bartlett,WFO
23-05-2022,W 22,Atq -335,Tori Shannon,WFO
23-05-2022,W 22,Atq -397,Grace Stone,WFO
23-05-2022,W 22,Atq -404,Ana Little,WFO
23-05-2022,W 22,Atq -436,Phoenix Brady,WFO
23-05-2022,W 22,Atq -366,Peter Pandey,WFO
23-05-2022,W 22,Atq -438,Mekhi Singleton,WFO
23-05-2022,W 22,Atq -398,Bo Cordova,WFO
23-05-2022,W 22,Atq -411,Nevaeh Waller,WFO
23-05-2022,W 22,Atq -462,Jarvis Singh,WFO
23-05-2022,W 22,Atq -406,Thanos Thakur,WFO
23-05-2022,W 22,Atq -476,Kane Malone,WFH
23-05-2022,W 22,Atq -437,Dallas Weeks,WFH
23-05-2022,W 22,Atq -430,Maximus Mckenzie,WFH
23-05-2022,W 22,Atq -382,Gustavo Ritter,WFH
23-05-2022,W 22,Atq -484,Adyson Moyer,WFH
23-05-2022,W 22,Atq -370,Ella Roth,WFH
23-05-2022,W 22,Atq -441,Loki Lal,WFH
23-05-2022,W 22,Atq -412,Tucker Austin,SL
23-05-2022,W 22,Atq -419,Kaylah Schultz,PL
23-05-2022,W 22,Atq -389,Julien Hamilton,WFO
23-05-2022,W 22,Atq -414,Mckayla Miles,WFO
23-05-2022,W 22,Atq -461,Shea Zuniga,WFO
23-05-2022,W 22,Atq -426,Isabella Pittman,WFO
23-05-2022,W 22,Atq -362,Kiana Mcmillan,WFO
23-05-2022,W 22,Atq -458,Jessie Carrillo,WFO
23-05-2022,W 22,Atq -400,Chad Macias,WFO
23-05-2022,W 22,Atq -437,Dallas Weeks,WFO
23-05-2022,W 22,Atq -372,Miley Combs,WFO
23-05-2022,W 22,Atq -374,Kaley Fitzpatrick,WFO
23-05-2022,W 22,Atq -470,Jovani Pope,WFO
23-05-2022,W 22,Atq -387,Konner Henson,WFO
23-05-2022,W 22,Atq -364,Keaton Nixon,WFO
23-05-2022,W 22,Atq -448,Athena Rios,WFO
24-05-2022,W 22,Atq -461,Josh Sharp,WFO
24-05-2022,W 22,Atq -453,Nehemiah Diaz,WFO
24-05-2022,W 22,Atq -376,Dominique Benjamin,WFO
24-05-2022,W 22,Atq -418,Hillary Kirk,WFO
24-05-2022,W 22,Atq -373,Isiah Small,WFO
24-05-2022,W 22,Atq -418,Marquis Wyatt,WFO
24-05-2022,W 22,Atq -414,Titus Andersen,WFO
24-05-2022,W 22,Atq -403,Will Mahoney,WFO
24-05-2022,W 22,Atq -393,Emma Freeman,WFO
24-05-2022,W 22,Atq -367,Briley Orr,WFO
24-05-2022,W 22,Atq -421,Rylee Mullins,WFO
24-05-2022,W 22,Atq -432,Ryann Guerrero,WFO
24-05-2022,W 22,Atq -484,Demarcus Gordon,WFO
24-05-2022,W 22,Atq -467,Esperanza Irwin,WFO
24-05-2022,W 22,Atq -396,Karma Reeves,WFO
24-05-2022,W 22,Atq -472,Cristofer Bernard,WFO
24-05-2022,W 22,Atq -412,Tucker Austin,WFO
24-05-2022,W 22,Atq -385,Jase Ingram,WFO
24-05-2022,W 22,Atq -456,Adriel Pace,WFO
24-05-2022,W 22,Atq -475,London Kim,WFO
24-05-2022,W 22,Atq -405,Chris Frye,WFO
24-05-2022,W 22,Atq -331,Jonah Hamilton,WFO
24-05-2022,W 22,Atq -348,Weston Horton,WFO
24-05-2022,W 22,Atq -468,Xiomara Ruiz,WFO
24-05-2022,W 22,Atq -368,Macie Callahan,WFO
24-05-2022,W 22,Atq -475,Rey Novak,WFO
24-05-2022,W 22,Atq -375,Hailee Fitzpatrick,WFO
24-05-2022,W 22,Atq -423,Rodrigo Price,WFO
24-05-2022,W 22,Atq -438,Miles Fields,WFO
24-05-2022,W 22,Atq -396,Joel Cruz,WFO
24-05-2022,W 22,Atq -419,Faith Hamilton,WFO
24-05-2022,W 22,Atq -446,April Ayers,WFO
24-05-2022,W 22,Atq -334,Boston Morse,WFO
24-05-2022,W 22,Atq -343,Myla Klein,WFO
24-05-2022,W 22,Atq -335,Madelynn Gray,WFO
24-05-2022,W 22,Atq -405,Sofia Solis,WFO
24-05-2022,W 22,Atq -450,Miya Hampton,WFO
24-05-2022,W 22,Atq -467,Cason David,WFO
24-05-2022,W 22,Atq -443,Lyric Bartlett,WFO
24-05-2022,W 22,Atq -335,Tori Shannon,WFO
24-05-2022,W 22,Atq -397,Grace Stone,WFO
24-05-2022,W 22,Atq -404,Ana Little,WFO
24-05-2022,W 22,Atq -436,Phoenix Brady,WFO
24-05-2022,W 22,Atq -441,Loki Lal,WFO
24-05-2022,W 22,Atq -366,Peter Pandey,WFO
24-05-2022,W 22,Atq -438,Mekhi Singleton,WFO
24-05-2022,W 22,Atq -398,Bo Cordova,WFO
24-05-2022,W 22,Atq -411,Nevaeh Waller,WFO
24-05-2022,W 22,Atq -462,Jarvis Singh,WFO
24-05-2022,W 22,Atq -406,Thanos Thakur,WFO
24-05-2022,W 22,Atq -476,Kane Malone,WFH
24-05-2022,W 22,Atq -430,Maximus Mckenzie,WFH
24-05-2022,W 22,Atq -382,Gustavo Ritter,WFH
24-05-2022,W 22,Atq -452,Ayanna Atkins,WFH
24-05-2022,W 22,Atq -484,Adyson Moyer,WFH
24-05-2022,W 22,Atq -433,Jayce Fuentes,WFH
24-05-2022,W 22,Atq -370,Ella Roth,WFH
24-05-2022,W 22,Atq -459,Iris Woodard,WFH
24-05-2022,W 22,Atq -440,Mckayla Parker,WFH
24-05-2022,W 22,Atq -435,Dean Mclaughlin,SL
24-05-2022,W 22,Atq -349,Trystan Ortega,SL
24-05-2022,W 22,Atq -419,Kaylah Schultz,PL
24-05-2022,W 22,Atq -389,Julien Hamilton,WFO
24-05-2022,W 22,Atq -414,Mckayla Miles,WFO
24-05-2022,W 22,Atq -461,Shea Zuniga,WFO
24-05-2022,W 22,Atq -426,Isabella Pittman,WFO
24-05-2022,W 22,Atq -362,Kiana Mcmillan,WFO
24-05-2022,W 22,Atq -458,Jessie Carrillo,WFO
24-05-2022,W 22,Atq -400,Chad Macias,WFO
24-05-2022,W 22,Atq -437,Dallas Weeks,WFO
24-05-2022,W 22,Atq -372,Miley Combs,WFO
24-05-2022,W 22,Atq -374,Kaley Fitzpatrick,WFO
24-05-2022,W 22,Atq -470,Jovani Pope,WFO
24-05-2022,W 22,Atq -387,Konner Henson,WFO
24-05-2022,W 22,Atq -364,Keaton Nixon,WFO
24-05-2022,W 22,Atq -448,Athena Rios,WFO
24-05-2022,W 22,Atq -472,Quincy Mendez,WFO
25-05-2022,W 22,Atq -411,Samuel Murray,WFO
25-05-2022,W 22,Atq -461,Josh Sharp,WFO
25-05-2022,W 22,Atq -453,Nehemiah Diaz,WFO
25-05-2022,W 22,Atq -376,Dominique Benjamin,WFO
25-05-2022,W 22,Atq -418,Hillary Kirk,WFO
25-05-2022,W 22,Atq -373,Isiah Small,WFO
25-05-2022,W 22,Atq -408,Nick Orozco,WFO
25-05-2022,W 22,Atq -418,Marquis Wyatt,WFO
25-05-2022,W 22,Atq -414,Titus Andersen,WFO
25-05-2022,W 22,Atq -403,Will Mahoney,WFO
25-05-2022,W 22,Atq -393,Emma Freeman,WFO
25-05-2022,W 22,Atq -367,Briley Orr,WFO
25-05-2022,W 22,Atq -421,Rylee Mullins,WFO
25-05-2022,W 22,Atq -432,Ryann Guerrero,WFO
25-05-2022,W 22,Atq -484,Demarcus Gordon,WFO
25-05-2022,W 22,Atq -467,Esperanza Irwin,WFO
25-05-2022,W 22,Atq -396,Karma Reeves,WFO
25-05-2022,W 22,Atq -472,Cristofer Bernard,WFO
25-05-2022,W 22,Atq -412,Tucker Austin,WFO
25-05-2022,W 22,Atq -385,Jase Ingram,WFO
25-05-2022,W 22,Atq -456,Adriel Pace,WFO
25-05-2022,W 22,Atq -475,London Kim,WFO
25-05-2022,W 22,Atq -405,Chris Frye,WFO
25-05-2022,W 22,Atq -331,Jonah Hamilton,WFO
25-05-2022,W 22,Atq -435,Dean Mclaughlin,WFO
25-05-2022,W 22,Atq -348,Weston Horton,WFO
25-05-2022,W 22,Atq -468,Xiomara Ruiz,WFO
25-05-2022,W 22,Atq -368,Macie Callahan,WFO
25-05-2022,W 22,Atq -475,Rey Novak,WFO
25-05-2022,W 22,Atq -423,Rodrigo Price,WFO
25-05-2022,W 22,Atq -438,Miles Fields,WFO
25-05-2022,W 22,Atq -349,Trystan Ortega,WFO
25-05-2022,W 22,Atq -419,Faith Hamilton,WFO
25-05-2022,W 22,Atq -446,April Ayers,WFO
25-05-2022,W 22,Atq -334,Boston Morse,WFO
25-05-2022,W 22,Atq -343,Myla Klein,WFO
25-05-2022,W 22,Atq -335,Madelynn Gray,WFO
25-05-2022,W 22,Atq -440,Mckayla Parker,WFO
25-05-2022,W 22,Atq -467,Cason David,WFO
25-05-2022,W 22,Atq -443,Lyric Bartlett,WFO
25-05-2022,W 22,Atq -335,Tori Shannon,WFO
25-05-2022,W 22,Atq -397,Grace Stone,WFO
25-05-2022,W 22,Atq -404,Ana Little,WFO
25-05-2022,W 22,Atq -436,Phoenix Brady,WFO
25-05-2022,W 22,Atq -441,Loki Lal,WFO
25-05-2022,W 22,Atq -366,Peter Pandey,WFO
25-05-2022,W 22,Atq -438,Mekhi Singleton,WFO
25-05-2022,W 22,Atq -411,Nevaeh Waller,WFO
25-05-2022,W 22,Atq -462,Jarvis Singh,WFO
25-05-2022,W 22,Atq -406,Thanos Thakur,WFO
25-05-2022,W 22,Atq -476,Kane Malone,WFH
25-05-2022,W 22,Atq -430,Maximus Mckenzie,WFH
25-05-2022,W 22,Atq -382,Gustavo Ritter,WFH
25-05-2022,W 22,Atq -484,Adyson Moyer,WFH
25-05-2022,W 22,Atq -375,Kenley Marsh,WFH
25-05-2022,W 22,Atq -370,Ella Roth,WFH
25-05-2022,W 22,Atq -459,Iris Woodard,WFH
25-05-2022,W 22,Atq -396,Joel Cruz,WFH
25-05-2022,W 22,Atq -398,Bo Cordova,WFH
25-05-2022,W 22,Atq -433,Jayce Fuentes,PL
25-05-2022,W 22,Atq -405,Sofia Solis,PL
25-05-2022,W 22,Atq -419,Kaylah Schultz,PL
26-05-2022,W 22,Atq -435,Dean Mclaughlin,WFO
26-05-2022,W 22,Atq -348,Weston Horton,WFO
26-05-2022,W 22,Atq -468,Xiomara Ruiz,WFO
26-05-2022,W 22,Atq -368,Macie Callahan,WFO
26-05-2022,W 22,Atq -475,Rey Novak,WFO
26-05-2022,W 22,Atq -375,Hailee Fitzpatrick,WFO
26-05-2022,W 22,Atq -433,Jayce Fuentes,WFO
26-05-2022,W 22,Atq -423,Rodrigo Price,WFO
26-05-2022,W 22,Atq -438,Miles Fields,WFO
26-05-2022,W 22,Atq -419,Faith Hamilton,WFO
26-05-2022,W 22,Atq -446,April Ayers,WFO
26-05-2022,W 22,Atq -334,Boston Morse,WFO
26-05-2022,W 22,Atq -440,Mckayla Parker,WFO
26-05-2022,W 22,Atq -405,Sofia Solis,WFO
26-05-2022,W 22,Atq -443,Lyric Bartlett,WFO
26-05-2022,W 22,Atq -335,Tori Shannon,WFO
26-05-2022,W 22,Atq -397,Grace Stone,WFO
26-05-2022,W 22,Atq -404,Ana Little,WFO
26-05-2022,W 22,Atq -436,Phoenix Brady,WFO
26-05-2022,W 22,Atq -441,Loki Lal,WFO
26-05-2022,W 22,Atq -366,Peter Pandey,WFO
26-05-2022,W 22,Atq -438,Mekhi Singleton,WFO
26-05-2022,W 22,Atq -398,Bo Cordova,WFO
26-05-2022,W 22,Atq -411,Nevaeh Waller,WFO
26-05-2022,W 22,Atq -462,Jarvis Singh,WFO
26-05-2022,W 22,Atq -406,Thanos Thakur,WFO
26-05-2022,W 22,Atq -389,Julien Hamilton,WFO
26-05-2022,W 22,Atq -414,Mckayla Miles,WFO
26-05-2022,W 22,Atq -461,Shea Zuniga,WFO
26-05-2022,W 22,Atq -426,Isabella Pittman,WFO
26-05-2022,W 22,Atq -362,Kiana Mcmillan,WFO
26-05-2022,W 22,Atq -458,Jessie Carrillo,WFO
26-05-2022,W 22,Atq -400,Chad Macias,WFO
26-05-2022,W 22,Atq -437,Dallas Weeks,WFO
26-05-2022,W 22,Atq -372,Miley Combs,WFO
26-05-2022,W 22,Atq -374,Kaley Fitzpatrick,WFO
26-05-2022,W 22,Atq -470,Jovani Pope,WFO
26-05-2022,W 22,Atq -387,Konner Henson,WFO
26-05-2022,W 22,Atq -371,Kayleigh Kennedy,WFO
26-05-2022,W 22,Atq -364,Keaton Nixon,WFO
26-05-2022,W 22,Atq -448,Athena Rios,WFO
26-05-2022,W 22,Atq -472,Quincy Mendez,WFO
26-05-2022,W 22,Atq -411,Samuel Murray,WFO
26-05-2022,W 22,Atq -461,Josh Sharp,WFO
26-05-2022,W 22,Atq -453,Nehemiah Diaz,WFO
26-05-2022,W 22,Atq -376,Dominique Benjamin,WFO
26-05-2022,W 22,Atq -418,Hillary Kirk,WFO
26-05-2022,W 22,Atq -373,Isiah Small,WFO
26-05-2022,W 22,Atq -408,Nick Orozco,WFO
26-05-2022,W 22,Atq -476,Kane Malone,WFH
26-05-2022,W 22,Atq -455,Aditya Walls,WFH
26-05-2022,W 22,Atq -430,Maximus Mckenzie,WFH
26-05-2022,W 22,Atq -382,Gustavo Ritter,WFH
26-05-2022,W 22,Atq -484,Adyson Moyer,WFH
26-05-2022,W 22,Atq -375,Kenley Marsh,WFH
26-05-2022,W 22,Atq -405,Chris Frye,WFH
26-05-2022,W 22,Atq -370,Ella Roth,WFH
26-05-2022,W 22,Atq -396,Joel Cruz,WFH
26-05-2022,W 22,Atq -450,Miya Hampton,WFH
26-05-2022,W 22,Atq -452,Ayanna Atkins,SL
26-05-2022,W 22,Atq -349,Trystan Ortega,ML
26-05-2022,W 22,Atq -459,Iris Woodard,SL
26-05-2022,W 22,Atq -472,Cristofer Bernard,PL
26-05-2022,W 22,Atq -343,Myla Klein,PL
26-05-2022,W 22,Atq -335,Madelynn Gray,PL
26-05-2022,W 22,Atq -419,Kaylah Schultz,PL
27-05-2022,W 22,Atq -411,Samuel Murray,WFO
27-05-2022,W 22,Atq -461,Josh Sharp,WFO
27-05-2022,W 22,Atq -453,Nehemiah Diaz,WFO
27-05-2022,W 22,Atq -376,Dominique Benjamin,WFO
27-05-2022,W 22,Atq -418,Hillary Kirk,WFO
27-05-2022,W 22,Atq -373,Isiah Small,WFO
27-05-2022,W 22,Atq -408,Nick Orozco,WFO
27-05-2022,W 22,Atq -418,Marquis Wyatt,WFO
27-05-2022,W 22,Atq -403,Will Mahoney,WFO
27-05-2022,W 22,Atq -393,Emma Freeman,WFO
27-05-2022,W 22,Atq -367,Briley Orr,WFO
27-05-2022,W 22,Atq -421,Rylee Mullins,WFO
27-05-2022,W 22,Atq -432,Ryann Guerrero,WFO
27-05-2022,W 22,Atq -484,Demarcus Gordon,WFO
27-05-2022,W 22,Atq -396,Karma Reeves,WFO
27-05-2022,W 22,Atq -472,Cristofer Bernard,WFO
27-05-2022,W 22,Atq -412,Tucker Austin,WFO
27-05-2022,W 22,Atq -385,Jase Ingram,WFO
27-05-2022,W 22,Atq -456,Adriel Pace,WFO
27-05-2022,W 22,Atq -475,London Kim,WFO
27-05-2022,W 22,Atq -331,Jonah Hamilton,WFO
27-05-2022,W 22,Atq -435,Dean Mclaughlin,WFO
27-05-2022,W 22,Atq -468,Xiomara Ruiz,WFO
27-05-2022,W 22,Atq -368,Macie Callahan,WFO
27-05-2022,W 22,Atq -475,Rey Novak,WFO
27-05-2022,W 22,Atq -375,Hailee Fitzpatrick,WFO
27-05-2022,W 22,Atq -433,Jayce Fuentes,WFO
27-05-2022,W 22,Atq -423,Rodrigo Price,WFO
27-05-2022,W 22,Atq -438,Miles Fields,WFO
27-05-2022,W 22,Atq -459,Iris Woodard,WFO
27-05-2022,W 22,Atq -396,Joel Cruz,WFO
27-05-2022,W 22,Atq -419,Faith Hamilton,WFO
27-05-2022,W 22,Atq -446,April Ayers,WFO
27-05-2022,W 22,Atq -334,Boston Morse,WFO
27-05-2022,W 22,Atq -440,Mckayla Parker,WFO
27-05-2022,W 22,Atq -405,Sofia Solis,WFO
27-05-2022,W 22,Atq -450,Miya Hampton,WFO
27-05-2022,W 22,Atq -467,Cason David,WFO
27-05-2022,W 22,Atq -443,Lyric Bartlett,WFO
27-05-2022,W 22,Atq -335,Tori Shannon,WFO
27-05-2022,W 22,Atq -436,Phoenix Brady,WFO
27-05-2022,W 22,Atq -441,Loki Lal,WFO
27-05-2022,W 22,Atq -366,Peter Pandey,WFO
27-05-2022,W 22,Atq -438,Mekhi Singleton,WFO
27-05-2022,W 22,Atq -398,Bo Cordova,WFO
27-05-2022,W 22,Atq -411,Nevaeh Waller,WFO
27-05-2022,W 22,Atq -462,Jarvis Singh,WFO
27-05-2022,W 22,Atq -406,Thanos Thakur,WFO
27-05-2022,W 22,Atq -476,Kane Malone,WFH
27-05-2022,W 22,Atq -455,Aditya Walls,WFH
27-05-2022,W 22,Atq -430,Maximus Mckenzie,WFH
27-05-2022,W 22,Atq -382,Gustavo Ritter,WFH
27-05-2022,W 22,Atq -484,Adyson Moyer,WFH
27-05-2022,W 22,Atq -375,Kenley Marsh,WFH
27-05-2022,W 22,Atq -405,Chris Frye,WFH
27-05-2022,W 22,Atq -370,Ella Roth,WFH
27-05-2022,W 22,Atq -397,Grace Stone,WFH
27-05-2022,W 22,Atq -452,Ayanna Atkins,SL
27-05-2022,W 22,Atq -349,Trystan Ortega,ML
27-05-2022,W 22,Atq -467,Esperanza Irwin,PL
27-05-2022,W 22,Atq -348,Weston Horton,PL
27-05-2022,W 22,Atq -343,Myla Klein,PL
27-05-2022,W 22,Atq -335,Madelynn Gray,PL
27-05-2022,W 22,Atq -419,Kaylah Schultz,PL
27-05-2022,W 22,Atq -404,Ana Little,PL
27-05-2022,W 22,Atq -389,Julien Hamilton,WO
27-05-2022,W 22,Atq -414,Mckayla Miles,WO
27-05-2022,W 22,Atq -461,Shea Zuniga,WO
27-05-2022,W 22,Atq -426,Isabella Pittman,WO
27-05-2022,W 22,Atq -362,Kiana Mcmillan,WO
27-05-2022,W 22,Atq -476,Kane Malone,WO
27-05-2022,W 22,Atq -455,Aditya Walls,WO
27-05-2022,W 22,Atq -458,Jessie Carrillo,WO
27-05-2022,W 22,Atq -400,Chad Macias,WO
27-05-2022,W 22,Atq -437,Dallas Weeks,WO
27-05-2022,W 22,Atq -372,Miley Combs,WO
27-05-2022,W 22,Atq -374,Kaley Fitzpatrick,WO
27-05-2022,W 22,Atq -470,Jovani Pope,WO
27-05-2022,W 22,Atq -455,Caylee Meadows,WO
27-05-2022,W 22,Atq -385,Finnegan Gilbert,WO
28-05-2022,W 22,Atq -387,Konner Henson,WO
28-05-2022,W 22,Atq -430,Maximus Mckenzie,WO
28-05-2022,W 22,Atq -371,Kayleigh Kennedy,WO
28-05-2022,W 22,Atq -364,Keaton Nixon,WO
28-05-2022,W 22,Atq -448,Athena Rios,WO
28-05-2022,W 22,Atq -472,Quincy Mendez,WO
28-05-2022,W 22,Atq -411,Samuel Murray,WO
28-05-2022,W 22,Atq -461,Josh Sharp,WO
28-05-2022,W 22,Atq -453,Nehemiah Diaz,WO
28-05-2022,W 22,Atq -376,Dominique Benjamin,WO
28-05-2022,W 22,Atq -418,Hillary Kirk,WO
28-05-2022,W 22,Atq -373,Isiah Small,WO
28-05-2022,W 22,Atq -382,Gustavo Ritter,WO
28-05-2022,W 22,Atq -408,Nick Orozco,WO
28-05-2022,W 22,Atq -418,Marquis Wyatt,WO
28-05-2022,W 22,Atq -414,Titus Andersen,WO
28-05-2022,W 22,Atq -403,Will Mahoney,WO
28-05-2022,W 22,Atq -393,Emma Freeman,WO
28-05-2022,W 22,Atq -367,Briley Orr,WO
28-05-2022,W 22,Atq -452,Ayanna Atkins,WO
28-05-2022,W 22,Atq -421,Rylee Mullins,WO
28-05-2022,W 22,Atq -432,Ryann Guerrero,WO
28-05-2022,W 22,Atq -484,Demarcus Gordon,WO
28-05-2022,W 22,Atq -467,Esperanza Irwin,WO
28-05-2022,W 22,Atq -396,Karma Reeves,WO
28-05-2022,W 22,Atq -472,Cristofer Bernard,WO
28-05-2022,W 22,Atq -412,Tucker Austin,WO
28-05-2022,W 22,Atq -398,Salvatore Hendrix,WO
28-05-2022,W 22,Atq -484,Adyson Moyer,WO
28-05-2022,W 22,Atq -385,Jase Ingram,WO
28-05-2022,W 22,Atq -456,Adriel Pace,WO
28-05-2022,W 22,Atq -375,Kenley Marsh,WO
28-05-2022,W 22,Atq -475,London Kim,WO
28-05-2022,W 22,Atq -405,Chris Frye,WO
28-05-2022,W 22,Atq -331,Jonah Hamilton,WO
28-05-2022,W 22,Atq -435,Dean Mclaughlin,WO
28-05-2022,W 22,Atq -348,Weston Horton,WO
28-05-2022,W 22,Atq -468,Xiomara Ruiz,WO
28-05-2022,W 22,Atq -368,Macie Callahan,WO
28-05-2022,W 22,Atq -475,Rey Novak,WO
28-05-2022,W 22,Atq -375,Hailee Fitzpatrick,WO
28-05-2022,W 22,Atq -433,Jayce Fuentes,WO
28-05-2022,W 22,Atq -370,Ella Roth,WO
28-05-2022,W 22,Atq -423,Rodrigo Price,WO
28-05-2022,W 22,Atq -438,Miles Fields,WO
28-05-2022,W 22,Atq -349,Trystan Ortega,WO
28-05-2022,W 22,Atq -459,Iris Woodard,WO
28-05-2022,W 22,Atq -396,Joel Cruz,WO
28-05-2022,W 22,Atq -419,Faith Hamilton,WO
28-05-2022,W 22,Atq -446,April Ayers,WO
28-05-2022,W 22,Atq -334,Boston Morse,WO
28-05-2022,W 22,Atq -343,Myla Klein,WO
28-05-2022,W 22,Atq -335,Madelynn Gray,WO
28-05-2022,W 22,Atq -440,Mckayla Parker,WO
28-05-2022,W 22,Atq -405,Sofia Solis,WO
28-05-2022,W 22,Atq -450,Miya Hampton,WO
28-05-2022,W 22,Atq -467,Cason David,WO
28-05-2022,W 22,Atq -419,Kaylah Schultz,WO
28-05-2022,W 22,Atq -443,Lyric Bartlett,WO
28-05-2022,W 22,Atq -335,Tori Shannon,WO
28-05-2022,W 22,Atq -397,Grace Stone,WO
28-05-2022,W 22,Atq -404,Ana Little,WO
28-05-2022,W 22,Atq -436,Phoenix Brady,WO
28-05-2022,W 22,Atq -441,Loki Lal,WO
28-05-2022,W 22,Atq -366,Peter Pandey,WO
28-05-2022,W 22,Atq -438,Mekhi Singleton,WO
28-05-2022,W 22,Atq -398,Bo Cordova,WO
28-05-2022,W 22,Atq -411,Nevaeh Waller,WO
28-05-2022,W 22,Atq -462,Jarvis Singh,WO
28-05-2022,W 22,Atq -406,Thanos Thakur,WO
28-05-2022,W 23,Atq -389,Julien Hamilton,WO
28-05-2022,W 23,Atq -414,Mckayla Miles,WO
28-05-2022,W 23,Atq -461,Shea Zuniga,WO
28-05-2022,W 23,Atq -426,Isabella Pittman,WO
28-05-2022,W 23,Atq -362,Kiana Mcmillan,WO
28-05-2022,W 23,Atq -476,Kane Malone,WO
28-05-2022,W 23,Atq -455,Aditya Walls,WO
28-05-2022,W 23,Atq -458,Jessie Carrillo,WO
28-05-2022,W 23,Atq -400,Chad Macias,WO
28-05-2022,W 23,Atq -437,Dallas Weeks,WO
28-05-2022,W 23,Atq -372,Miley Combs,WO
28-05-2022,W 23,Atq -374,Kaley Fitzpatrick,WO
28-05-2022,W 23,Atq -470,Jovani Pope,WO
28-05-2022,W 23,Atq -455,Caylee Meadows,WO
28-05-2022,W 23,Atq -385,Finnegan Gilbert,WO
29-05-2022,W 23,Atq -387,Konner Henson,WO
29-05-2022,W 23,Atq -430,Maximus Mckenzie,WO
29-05-2022,W 23,Atq -371,Kayleigh Kennedy,WO
29-05-2022,W 23,Atq -364,Keaton Nixon,WO
29-05-2022,W 23,Atq -448,Athena Rios,WO
29-05-2022,W 23,Atq -472,Quincy Mendez,WO
29-05-2022,W 23,Atq -411,Samuel Murray,WO
29-05-2022,W 23,Atq -461,Josh Sharp,WO
29-05-2022,W 23,Atq -453,Nehemiah Diaz,WO
29-05-2022,W 23,Atq -376,Dominique Benjamin,WO
29-05-2022,W 23,Atq -418,Hillary Kirk,WO
29-05-2022,W 23,Atq -373,Isiah Small,WO
29-05-2022,W 23,Atq -382,Gustavo Ritter,WO
29-05-2022,W 23,Atq -408,Nick Orozco,WO
29-05-2022,W 23,Atq -418,Marquis Wyatt,WO
29-05-2022,W 23,Atq -414,Titus Andersen,WO
29-05-2022,W 23,Atq -403,Will Mahoney,WO
29-05-2022,W 23,Atq -393,Emma Freeman,WO
29-05-2022,W 23,Atq -367,Briley Orr,WO
29-05-2022,W 23,Atq -452,Ayanna Atkins,WO
29-05-2022,W 23,Atq -421,Rylee Mullins,WO
29-05-2022,W 23,Atq -432,Ryann Guerrero,WO
29-05-2022,W 23,Atq -484,Demarcus Gordon,WO
29-05-2022,W 23,Atq -467,Esperanza Irwin,WO
29-05-2022,W 23,Atq -396,Karma Reeves,WO
29-05-2022,W 23,Atq -472,Cristofer Bernard,WO
29-05-2022,W 23,Atq -412,Tucker Austin,WO
29-05-2022,W 23,Atq -398,Salvatore Hendrix,WO
29-05-2022,W 23,Atq -484,Adyson Moyer,WO
29-05-2022,W 23,Atq -385,Jase Ingram,WO
29-05-2022,W 23,Atq -456,Adriel Pace,WO
29-05-2022,W 23,Atq -375,Kenley Marsh,WO
29-05-2022,W 23,Atq -475,London Kim,WO
29-05-2022,W 23,Atq -405,Chris Frye,WO
29-05-2022,W 23,Atq -331,Jonah Hamilton,WO
29-05-2022,W 23,Atq -435,Dean Mclaughlin,WO
29-05-2022,W 23,Atq -348,Weston Horton,WO
29-05-2022,W 23,Atq -468,Xiomara Ruiz,WO
29-05-2022,W 23,Atq -368,Macie Callahan,WO
29-05-2022,W 23,Atq -475,Rey Novak,WO
29-05-2022,W 23,Atq -375,Hailee Fitzpatrick,WO
29-05-2022,W 23,Atq -433,Jayce Fuentes,WO
29-05-2022,W 23,Atq -370,Ella Roth,WO
29-05-2022,W 23,Atq -423,Rodrigo Price,WO
29-05-2022,W 23,Atq -438,Miles Fields,WO
29-05-2022,W 23,Atq -349,Trystan Ortega,WO
29-05-2022,W 23,Atq -459,Iris Woodard,WO
29-05-2022,W 23,Atq -396,Joel Cruz,WO
29-05-2022,W 23,Atq -419,Faith Hamilton,WO
29-05-2022,W 23,Atq -446,April Ayers,WO
29-05-2022,W 23,Atq -334,Boston Morse,WO
29-05-2022,W 23,Atq -343,Myla Klein,WO
29-05-2022,W 23,Atq -335,Madelynn Gray,WO
29-05-2022,W 23,Atq -440,Mckayla Parker,WO
29-05-2022,W 23,Atq -405,Sofia Solis,WO
29-05-2022,W 23,Atq -450,Miya Hampton,WO
29-05-2022,W 23,Atq -467,Cason David,WO
29-05-2022,W 23,Atq -419,Kaylah Schultz,WO
29-05-2022,W 23,Atq -443,Lyric Bartlett,WO
29-05-2022,W 23,Atq -335,Tori Shannon,WO
29-05-2022,W 23,Atq -397,Grace Stone,WO
29-05-2022,W 23,Atq -404,Ana Little,WO
29-05-2022,W 23,Atq -436,Phoenix Brady,WO
29-05-2022,W 23,Atq -441,Loki Lal,WO
29-05-2022,W 23,Atq -366,Peter Pandey,WO
29-05-2022,W 23,Atq -438,Mekhi Singleton,WO
29-05-2022,W 23,Atq -398,Bo Cordova,WO
29-05-2022,W 23,Atq -411,Nevaeh Waller,WO
29-05-2022,W 23,Atq -462,Jarvis Singh,WO
29-05-2022,W 23,Atq -406,Thanos Thakur,WO
29-05-2022,W 23,Atq -389,Julien Hamilton,WFO
29-05-2022,W 23,Atq -414,Mckayla Miles,WFO
29-05-2022,W 23,Atq -461,Shea Zuniga,WFO
29-05-2022,W 23,Atq -426,Isabella Pittman,WFO
29-05-2022,W 23,Atq -362,Kiana Mcmillan,WFO
29-05-2022,W 23,Atq -476,Kane Malone,WFO
29-05-2022,W 23,Atq -455,Aditya Walls,WFO
29-05-2022,W 23,Atq -458,Jessie Carrillo,WFO
29-05-2022,W 23,Atq -400,Chad Macias,WFO
29-05-2022,W 23,Atq -437,Dallas Weeks,WFO
29-05-2022,W 23,Atq -372,Miley Combs,WFO
29-05-2022,W 23,Atq -374,Kaley Fitzpatrick,WFO
29-05-2022,W 23,Atq -470,Jovani Pope,WFO
29-05-2022,W 23,Atq -371,Kayleigh Kennedy,WFO
29-05-2022,W 23,Atq -364,Keaton Nixon,WFO
30-05-2022,W 23,Atq -448,Athena Rios,WFO
30-05-2022,W 23,Atq -472,Quincy Mendez,WFO
30-05-2022,W 23,Atq -411,Samuel Murray,WFO
30-05-2022,W 23,Atq -461,Josh Sharp,WFO
30-05-2022,W 23,Atq -376,Dominique Benjamin,WFO
30-05-2022,W 23,Atq -373,Isiah Small,WFO
30-05-2022,W 23,Atq -408,Nick Orozco,WFO
30-05-2022,W 23,Atq -418,Marquis Wyatt,WFO
30-05-2022,W 23,Atq -414,Titus Andersen,WFO
30-05-2022,W 23,Atq -403,Will Mahoney,WFO
30-05-2022,W 23,Atq -367,Briley Orr,WFO
30-05-2022,W 23,Atq -421,Rylee Mullins,WFO
30-05-2022,W 23,Atq -484,Demarcus Gordon,WFO
30-05-2022,W 23,Atq -467,Esperanza Irwin,WFO
30-05-2022,W 23,Atq -396,Karma Reeves,WFO
30-05-2022,W 23,Atq -472,Cristofer Bernard,WFO
30-05-2022,W 23,Atq -412,Tucker Austin,WFO
30-05-2022,W 23,Atq -484,Adyson Moyer,WFO
30-05-2022,W 23,Atq -385,Jase Ingram,WFO
30-05-2022,W 23,Atq -475,London Kim,WFO
30-05-2022,W 23,Atq -405,Chris Frye,WFO
30-05-2022,W 23,Atq -331,Jonah Hamilton,WFO
30-05-2022,W 23,Atq -435,Dean Mclaughlin,WFO
30-05-2022,W 23,Atq -348,Weston Horton,WFO
30-05-2022,W 23,Atq -468,Xiomara Ruiz,WFO
30-05-2022,W 23,Atq -368,Macie Callahan,WFO
30-05-2022,W 23,Atq -475,Rey Novak,WFO
30-05-2022,W 23,Atq -433,Jayce Fuentes,WFO
30-05-2022,W 23,Atq -423,Rodrigo Price,WFO
30-05-2022,W 23,Atq -438,Miles Fields,WFO
30-05-2022,W 23,Atq -349,Trystan Ortega,WFO
30-05-2022,W 23,Atq -459,Iris Woodard,WFO
30-05-2022,W 23,Atq -396,Joel Cruz,WFO
30-05-2022,W 23,Atq -446,April Ayers,WFO
30-05-2022,W 23,Atq -334,Boston Morse,WFO
30-05-2022,W 23,Atq -343,Myla Klein,WFO
30-05-2022,W 23,Atq -335,Madelynn Gray,WFO
30-05-2022,W 23,Atq -440,Mckayla Parker,WFO
30-05-2022,W 23,Atq -405,Sofia Solis,WFO
30-05-2022,W 23,Atq -467,Cason David,WFO
30-05-2022,W 23,Atq -443,Lyric Bartlett,WFO
30-05-2022,W 23,Atq -335,Tori Shannon,WFO
30-05-2022,W 23,Atq -397,Grace Stone,WFO
30-05-2022,W 23,Atq -404,Ana Little,WFO
30-05-2022,W 23,Atq -436,Phoenix Brady,WFO
30-05-2022,W 23,Atq -441,Loki Lal,WFO
30-05-2022,W 23,Atq -438,Mekhi Singleton,WFO
30-05-2022,W 23,Atq -411,Nevaeh Waller,WFO
30-05-2022,W 23,Atq -462,Jarvis Singh,WFO
30-05-2022,W 23,Atq -406,Thanos Thakur,WFO
30-05-2022,W 23,Atq -387,Konner Henson,WFH
30-05-2022,W 23,Atq -430,Maximus Mckenzie,WFH
30-05-2022,W 23,Atq -418,Hillary Kirk,WFH
30-05-2022,W 23,Atq -382,Gustavo Ritter,WFH
30-05-2022,W 23,Atq -456,Adriel Pace,WFH
30-05-2022,W 23,Atq -398,Bo Cordova,WFH
30-05-2022,W 23,Atq -453,Nehemiah Diaz,SL
30-05-2022,W 23,Atq -393,Emma Freeman,SL
30-05-2022,W 23,Atq -375,Kenley Marsh,SL
30-05-2022,W 23,Atq -370,Ella Roth,BL
30-05-2022,W 23,Atq -419,Faith Hamilton,SL
30-05-2022,W 23,Atq -419,Kaylah Schultz,PL
30-05-2022,W 23,Atq -389,Julien Hamilton,WFO
30-05-2022,W 23,Atq -414,Mckayla Miles,WFO
30-05-2022,W 23,Atq -461,Shea Zuniga,WFO
30-05-2022,W 23,Atq -426,Isabella Pittman,WFO
30-05-2022,W 23,Atq -362,Kiana Mcmillan,WFO
30-05-2022,W 23,Atq -476,Kane Malone,WFO
30-05-2022,W 23,Atq -455,Aditya Walls,WFO
30-05-2022,W 23,Atq -458,Jessie Carrillo,WFO
30-05-2022,W 23,Atq -400,Chad Macias,WFO
30-05-2022,W 23,Atq -437,Dallas Weeks,WFO
30-05-2022,W 23,Atq -372,Miley Combs,WFO
30-05-2022,W 23,Atq -374,Kaley Fitzpatrick,WFO
30-05-2022,W 23,Atq -470,Jovani Pope,WFO
30-05-2022,W 23,Atq -371,Kayleigh Kennedy,WFO
30-05-2022,W 23,Atq -364,Keaton Nixon,WFO
31-05-2022,W 23,Atq -448,Athena Rios,WFO
31-05-2022,W 23,Atq -472,Quincy Mendez,WFO
31-05-2022,W 23,Atq -411,Samuel Murray,WFO
31-05-2022,W 23,Atq -461,Josh Sharp,WFO
31-05-2022,W 23,Atq -453,Nehemiah Diaz,WFO
31-05-2022,W 23,Atq -376,Dominique Benjamin,WFO
31-05-2022,W 23,Atq -418,Hillary Kirk,WFO
31-05-2022,W 23,Atq -373,Isiah Small,WFO
31-05-2022,W 23,Atq -408,Nick Orozco,WFO
31-05-2022,W 23,Atq -418,Marquis Wyatt,WFO
31-05-2022,W 23,Atq -414,Titus Andersen,WFO
31-05-2022,W 23,Atq -403,Will Mahoney,WFO
31-05-2022,W 23,Atq -367,Briley Orr,WFO
31-05-2022,W 23,Atq -421,Rylee Mullins,WFO
31-05-2022,W 23,Atq -484,Demarcus Gordon,WFO
31-05-2022,W 23,Atq -467,Esperanza Irwin,WFO
31-05-2022,W 23,Atq -396,Karma Reeves,WFO
31-05-2022,W 23,Atq -472,Cristofer Bernard,WFO
31-05-2022,W 23,Atq -412,Tucker Austin,WFO
31-05-2022,W 23,Atq -484,Adyson Moyer,WFO
31-05-2022,W 23,Atq -385,Jase Ingram,WFO
31-05-2022,W 23,Atq -456,Adriel Pace,WFO
31-05-2022,W 23,Atq -375,Kenley Marsh,WFO
31-05-2022,W 23,Atq -475,London Kim,WFO
31-05-2022,W 23,Atq -405,Chris Frye,WFO
31-05-2022,W 23,Atq -331,Jonah Hamilton,WFO
31-05-2022,W 23,Atq -435,Dean Mclaughlin,WFO
31-05-2022,W 23,Atq -348,Weston Horton,WFO
31-05-2022,W 23,Atq -468,Xiomara Ruiz,WFO
31-05-2022,W 23,Atq -368,Macie Callahan,WFO
31-05-2022,W 23,Atq -475,Rey Novak,WFO
31-05-2022,W 23,Atq -375,Hailee Fitzpatrick,WFO
31-05-2022,W 23,Atq -433,Jayce Fuentes,WFO
31-05-2022,W 23,Atq -423,Rodrigo Price,WFO
31-05-2022,W 23,Atq -438,Miles Fields,WFO
31-05-2022,W 23,Atq -349,Trystan Ortega,WFO
31-05-2022,W 23,Atq -459,Iris Woodard,WFO
31-05-2022,W 23,Atq -396,Joel Cruz,WFO
31-05-2022,W 23,Atq -419,Faith Hamilton,WFO
31-05-2022,W 23,Atq -446,April Ayers,WFO
31-05-2022,W 23,Atq -334,Boston Morse,WFO
31-05-2022,W 23,Atq -343,Myla Klein,WFO
31-05-2022,W 23,Atq -335,Madelynn Gray,WFO
31-05-2022,W 23,Atq -440,Mckayla Parker,WFO
31-05-2022,W 23,Atq -405,Sofia Solis,WFO
31-05-2022,W 23,Atq -450,Miya Hampton,WFO
31-05-2022,W 23,Atq -467,Cason David,WFO
31-05-2022,W 23,Atq -419,Kaylah Schultz,WFO
31-05-2022,W 23,Atq -443,Lyric Bartlett,WFO
31-05-2022,W 23,Atq -335,Tori Shannon,WFO
31-05-2022,W 23,Atq -397,Grace Stone,WFO
31-05-2022,W 23,Atq -436,Phoenix Brady,WFO
31-05-2022,W 23,Atq -441,Loki Lal,WFO
31-05-2022,W 23,Atq -366,Peter Pandey,WFO
31-05-2022,W 23,Atq -438,Mekhi Singleton,WFO
31-05-2022,W 23,Atq -398,Bo Cordova,WFO
31-05-2022,W 23,Atq -411,Nevaeh Waller,WFO
31-05-2022,W 23,Atq -462,Jarvis Singh,WFO
31-05-2022,W 23,Atq -406,Thanos Thakur,WFO
31-05-2022,W 23,Atq -387,Konner Henson,WFH
31-05-2022,W 23,Atq -430,Maximus Mckenzie,WFH
31-05-2022,W 23,Atq -382,Gustavo Ritter,WFH
31-05-2022,W 23,Atq -393,Emma Freeman,WFH
31-05-2022,W 23,Atq -370,Ella Roth,WFH
31-05-2022,W 23,Atq -432,Ryann Guerrero,SL
31-05-2022,W 23,Atq -404,Ana Little,PL
31-05-2022,W 23,Atq -385,Alyson Huber,WFO
31-05-2022,W 23,Atq -389,Julien Hamilton,WFO
31-05-2022,W 23,Atq -414,Mckayla Miles,WFO
31-05-2022,W 23,Atq -334,Charity Singleton,WFO
31-05-2022,W 23,Atq -452,Jaime Ritter,WFO
31-05-2022,W 23,Atq -362,Kiana Mcmillan,WFO
31-05-2022,W 23,Atq -476,Kane Malone,WFO
31-05-2022,W 23,Atq -455,Aditya Walls,WFO
31-05-2022,W 23,Atq -458,Jessie Carrillo,WFO
31-05-2022,W 23,Atq -437,Dallas Weeks,WFO
31-05-2022,W 23,Atq -372,Miley Combs,WFO
31-05-2022,W 23,Atq -374,Kaley Fitzpatrick,WFO
31-05-2022,W 23,Atq -401,Piper Carroll,WFO
31-05-2022,W 23,Atq -371,Kayleigh Kennedy,WFO
31-05-2022,W 23,Atq -364,Keaton Nixon,WFO
01-06-2022,W 23,Atq -448,Athena Rios,WFO
01-06-2022,W 23,Atq -472,Quincy Mendez,WFO
01-06-2022,W 23,Atq -411,Samuel Murray,WFO
01-06-2022,W 23,Atq -453,Nehemiah Diaz,WFO
01-06-2022,W 23,Atq -376,Dominique Benjamin,WFO
01-06-2022,W 23,Atq -373,Isiah Small,WFO
01-06-2022,W 23,Atq -418,Marquis Wyatt,WFO
01-06-2022,W 23,Atq -414,Titus Andersen,WFO
01-06-2022,W 23,Atq -403,Will Mahoney,WFO
01-06-2022,W 23,Atq -393,Emma Freeman,WFO
01-06-2022,W 23,Atq -367,Briley Orr,WFO
01-06-2022,W 23,Atq -421,Rylee Mullins,WFO
01-06-2022,W 23,Atq -484,Demarcus Gordon,WFO
01-06-2022,W 23,Atq -396,Karma Reeves,WFO
01-06-2022,W 23,Atq -472,Cristofer Bernard,WFO
01-06-2022,W 23,Atq -412,Tucker Austin,WFO
01-06-2022,W 23,Atq -484,Adyson Moyer,WFO
01-06-2022,W 23,Atq -385,Jase Ingram,WFO
01-06-2022,W 23,Atq -456,Adriel Pace,WFO
01-06-2022,W 23,Atq -375,Kenley Marsh,WFO
01-06-2022,W 23,Atq -475,London Kim,WFO
01-06-2022,W 23,Atq -405,Chris Frye,WFO
01-06-2022,W 23,Atq -348,Weston Horton,WFO
01-06-2022,W 23,Atq -468,Xiomara Ruiz,WFO
01-06-2022,W 23,Atq -368,Macie Callahan,WFO
01-06-2022,W 23,Atq -475,Rey Novak,WFO
01-06-2022,W 23,Atq -375,Hailee Fitzpatrick,WFO
01-06-2022,W 23,Atq -433,Jayce Fuentes,WFO
01-06-2022,W 23,Atq -370,Ella Roth,WFO
01-06-2022,W 23,Atq -423,Rodrigo Price,WFO
01-06-2022,W 23,Atq -438,Miles Fields,WFO
01-06-2022,W 23,Atq -349,Trystan Ortega,WFO
01-06-2022,W 23,Atq -459,Iris Woodard,WFO
01-06-2022,W 23,Atq -396,Joel Cruz,WFO
01-06-2022,W 23,Atq -419,Faith Hamilton,WFO
01-06-2022,W 23,Atq -446,April Ayers,WFO
01-06-2022,W 23,Atq -334,Boston Morse,WFO
01-06-2022,W 23,Atq -343,Myla Klein,WFO
01-06-2022,W 23,Atq -335,Madelynn Gray,WFO
01-06-2022,W 23,Atq -440,Mckayla Parker,WFO
01-06-2022,W 23,Atq -405,Sofia Solis,WFO
01-06-2022,W 23,Atq -450,Miya Hampton,WFO
01-06-2022,W 23,Atq -467,Cason David,WFO
01-06-2022,W 23,Atq -419,Kaylah Schultz,WFO
01-06-2022,W 23,Atq -443,Lyric Bartlett,WFO
01-06-2022,W 23,Atq -335,Tori Shannon,WFO
01-06-2022,W 23,Atq -397,Grace Stone,WFO
01-06-2022,W 23,Atq -436,Phoenix Brady,WFO
01-06-2022,W 23,Atq -441,Loki Lal,WFO
01-06-2022,W 23,Atq -366,Peter Pandey,WFO
01-06-2022,W 23,Atq -438,Mekhi Singleton,WFO
01-06-2022,W 23,Atq -411,Nevaeh Waller,WFO
01-06-2022,W 23,Atq -462,Jarvis Singh,WFO
01-06-2022,W 23,Atq -406,Thanos Thakur,WFO
01-06-2022,W 23,Atq -350,Alexander Davenport,WFH
01-06-2022,W 23,Atq -418,Hillary Kirk,WFH
01-06-2022,W 23,Atq -382,Gustavo Ritter,WFH
01-06-2022,W 23,Atq -461,Josh Sharp,ML
01-06-2022,W 23,Atq -432,Ryann Guerrero,SL
01-06-2022,W 23,Atq -398,Bo Cordova,SL
01-06-2022,W 23,Atq -404,Ana Little,PL
02-06-2022,W 23,Atq -443,Lyric Bartlett,WFO
02-06-2022,W 23,Atq -335,Tori Shannon,WFO
02-06-2022,W 23,Atq -397,Grace Stone,WFO
02-06-2022,W 23,Atq -404,Ana Little,WFO
02-06-2022,W 23,Atq -436,Phoenix Brady,WFO
02-06-2022,W 23,Atq -441,Loki Lal,WFO
02-06-2022,W 23,Atq -366,Peter Pandey,WFO
02-06-2022,W 23,Atq -438,Mekhi Singleton,WFO
02-06-2022,W 23,Atq -398,Bo Cordova,WFO
02-06-2022,W 23,Atq -411,Nevaeh Waller,WFO
02-06-2022,W 23,Atq -462,Jarvis Singh,WFO
02-06-2022,W 23,Atq -406,Thanos Thakur,WFO
02-06-2022,W 23,Atq -385,Alyson Huber,WFO
02-06-2022,W 23,Atq -389,Julien Hamilton,WFO
02-06-2022,W 23,Atq -414,Mckayla Miles,WFO
02-06-2022,W 23,Atq -334,Charity Singleton,WFO
02-06-2022,W 23,Atq -452,Jaime Ritter,WFO
02-06-2022,W 23,Atq -362,Kiana Mcmillan,WFO
02-06-2022,W 23,Atq -476,Kane Malone,WFO
02-06-2022,W 23,Atq -455,Aditya Walls,WFO
02-06-2022,W 23,Atq -458,Jessie Carrillo,WFO
02-06-2022,W 23,Atq -437,Dallas Weeks,WFO
02-06-2022,W 23,Atq -372,Miley Combs,WFO
02-06-2022,W 23,Atq -374,Kaley Fitzpatrick,WFO
02-06-2022,W 23,Atq -470,Jovani Pope,WFO
02-06-2022,W 23,Atq -401,Piper Carroll,WFO
02-06-2022,W 23,Atq -371,Kayleigh Kennedy,WFO
02-06-2022,W 23,Atq -364,Keaton Nixon,WFO
02-06-2022,W 23,Atq -448,Athena Rios,WFO
02-06-2022,W 23,Atq -411,Samuel Murray,WFO
02-06-2022,W 23,Atq -453,Nehemiah Diaz,WFO
02-06-2022,W 23,Atq -373,Isiah Small,WFO
02-06-2022,W 23,Atq -408,Nick Orozco,WFO
02-06-2022,W 23,Atq -418,Marquis Wyatt,WFO
02-06-2022,W 23,Atq -414,Titus Andersen,WFO
02-06-2022,W 23,Atq -403,Will Mahoney,WFO
02-06-2022,W 23,Atq -393,Emma Freeman,WFO
02-06-2022,W 23,Atq -367,Briley Orr,WFO
02-06-2022,W 23,Atq -421,Rylee Mullins,WFO
02-06-2022,W 23,Atq -432,Ryann Guerrero,WFO
02-06-2022,W 23,Atq -484,Demarcus Gordon,WFO
02-06-2022,W 23,Atq -467,Esperanza Irwin,WFO
02-06-2022,W 23,Atq -396,Karma Reeves,WFO
02-06-2022,W 23,Atq -472,Cristofer Bernard,WFO
02-06-2022,W 23,Atq -412,Tucker Austin,WFO
02-06-2022,W 23,Atq -484,Adyson Moyer,WFO
02-06-2022,W 23,Atq -385,Jase Ingram,WFO
02-06-2022,W 23,Atq -456,Adriel Pace,WFO
02-06-2022,W 23,Atq -475,London Kim,WFO
02-06-2022,W 23,Atq -348,Weston Horton,WFO
02-06-2022,W 23,Atq -468,Xiomara Ruiz,WFO
02-06-2022,W 23,Atq -368,Macie Callahan,WFO
02-06-2022,W 23,Atq -475,Rey Novak,WFO
02-06-2022,W 23,Atq -350,Alexander Davenport,WFH
02-06-2022,W 23,Atq -461,Josh Sharp,WFH
02-06-2022,W 23,Atq -418,Hillary Kirk,WFH
02-06-2022,W 23,Atq -382,Gustavo Ritter,WFH
02-06-2022,W 23,Atq -375,Kenley Marsh,WFH
02-06-2022,W 23,Atq -405,Chris Frye,WFH
02-06-2022,W 23,Atq -335,Madelynn Gray,WFH
03-06-2022,W 23,Atq -364,Keaton Nixon,WFO
03-06-2022,W 23,Atq -448,Athena Rios,WFO
03-06-2022,W 23,Atq -411,Samuel Murray,WFO
03-06-2022,W 23,Atq -461,Josh Sharp,WFO
03-06-2022,W 23,Atq -453,Nehemiah Diaz,WFO
03-06-2022,W 23,Atq -376,Dominique Benjamin,WFO
03-06-2022,W 23,Atq -418,Hillary Kirk,WFO
03-06-2022,W 23,Atq -373,Isiah Small,WFO
03-06-2022,W 23,Atq -408,Nick Orozco,WFO
03-06-2022,W 23,Atq -418,Marquis Wyatt,WFO
03-06-2022,W 23,Atq -414,Titus Andersen,WFO
03-06-2022,W 23,Atq -403,Will Mahoney,WFO
03-06-2022,W 23,Atq -393,Emma Freeman,WFO
03-06-2022,W 23,Atq -367,Briley Orr,WFO
03-06-2022,W 23,Atq -421,Rylee Mullins,WFO
03-06-2022,W 23,Atq -432,Ryann Guerrero,WFO
03-06-2022,W 23,Atq -484,Demarcus Gordon,WFO
03-06-2022,W 23,Atq -467,Esperanza Irwin,WFO
03-06-2022,W 23,Atq -396,Karma Reeves,WFO
03-06-2022,W 23,Atq -412,Tucker Austin,WFO
03-06-2022,W 23,Atq -484,Adyson Moyer,WFO
03-06-2022,W 23,Atq -385,Jase Ingram,WFO
03-06-2022,W 23,Atq -456,Adriel Pace,WFO
03-06-2022,W 23,Atq -375,Kenley Marsh,WFO
03-06-2022,W 23,Atq -475,London Kim,WFO
03-06-2022,W 23,Atq -348,Weston Horton,WFO
03-06-2022,W 23,Atq -468,Xiomara Ruiz,WFO
03-06-2022,W 23,Atq -368,Macie Callahan,WFO
03-06-2022,W 23,Atq -375,Hailee Fitzpatrick,WFO
03-06-2022,W 23,Atq -433,Jayce Fuentes,WFO
03-06-2022,W 23,Atq -370,Ella Roth,WFO
03-06-2022,W 23,Atq -423,Rodrigo Price,WFO
03-06-2022,W 23,Atq -438,Miles Fields,WFO
03-06-2022,W 23,Atq -459,Iris Woodard,WFO
03-06-2022,W 23,Atq -396,Joel Cruz,WFO
03-06-2022,W 23,Atq -419,Faith Hamilton,WFO
03-06-2022,W 23,Atq -446,April Ayers,WFO
03-06-2022,W 23,Atq -334,Boston Morse,WFO
03-06-2022,W 23,Atq -440,Mckayla Parker,WFO
03-06-2022,W 23,Atq -405,Sofia Solis,WFO
03-06-2022,W 23,Atq -450,Miya Hampton,WFO
03-06-2022,W 23,Atq -419,Kaylah Schultz,WFO
03-06-2022,W 23,Atq -443,Lyric Bartlett,WFO
03-06-2022,W 23,Atq -335,Tori Shannon,WFO
03-06-2022,W 23,Atq -397,Grace Stone,WFO
03-06-2022,W 23,Atq -404,Ana Little,WFO
03-06-2022,W 23,Atq -436,Phoenix Brady,WFO
03-06-2022,W 23,Atq -441,Loki Lal,WFO
03-06-2022,W 23,Atq -366,Peter Pandey,WFO
03-06-2022,W 23,Atq -438,Mekhi Singleton,WFO
03-06-2022,W 23,Atq -398,Bo Cordova,WFO
03-06-2022,W 23,Atq -411,Nevaeh Waller,WFO
03-06-2022,W 23,Atq -462,Jarvis Singh,WFO
03-06-2022,W 23,Atq -406,Thanos Thakur,WFO
03-06-2022,W 23,Atq -350,Alexander Davenport,WFH
03-06-2022,W 23,Atq -382,Gustavo Ritter,WFH
03-06-2022,W 23,Atq -405,Chris Frye,WFH
03-06-2022,W 23,Atq -343,Myla Klein,WFH
03-06-2022,W 23,Atq -472,Quincy Mendez,ML
03-06-2022,W 23,Atq -472,Cristofer Bernard,BL
03-06-2022,W 23,Atq -335,Madelynn Gray,ML
03-06-2022,W 23,Atq -475,Rey Novak,PL
03-06-2022,W 23,Atq -467,Cason David,PL
03-06-2022,W 23,Atq -348,Zaiden Wheeler,WO
03-06-2022,W 23,Atq -385,Alyson Huber,WO
03-06-2022,W 23,Atq -389,Julien Hamilton,WO
03-06-2022,W 23,Atq -414,Mckayla Miles,WO
03-06-2022,W 23,Atq -334,Charity Singleton,WO
03-06-2022,W 23,Atq -452,Jaime Ritter,WO
03-06-2022,W 23,Atq -362,Kiana Mcmillan,WO
03-06-2022,W 23,Atq -476,Kane Malone,WO
03-06-2022,W 23,Atq -455,Aditya Walls,WO
03-06-2022,W 23,Atq -458,Jessie Carrillo,WO
03-06-2022,W 23,Atq -437,Dallas Weeks,WO
03-06-2022,W 23,Atq -372,Miley Combs,WO
03-06-2022,W 23,Atq -374,Kaley Fitzpatrick,WO
03-06-2022,W 23,Atq -470,Jovani Pope,WO
03-06-2022,W 23,Atq -350,Alexander Davenport,WO
04-06-2022,W 23,Atq -401,Piper Carroll,WO
04-06-2022,W 23,Atq -459,Leslie Navarro,WO
04-06-2022,W 23,Atq -361,Makai Hardy,WO
04-06-2022,W 23,Atq -371,Kayleigh Kennedy,WO
04-06-2022,W 23,Atq -364,Keaton Nixon,WO
04-06-2022,W 23,Atq -448,Athena Rios,WO
04-06-2022,W 23,Atq -472,Quincy Mendez,WO
04-06-2022,W 23,Atq -411,Samuel Murray,WO
04-06-2022,W 23,Atq -461,Josh Sharp,WO
04-06-2022,W 23,Atq -453,Nehemiah Diaz,WO
04-06-2022,W 23,Atq -376,Dominique Benjamin,WO
04-06-2022,W 23,Atq -418,Hillary Kirk,WO
04-06-2022,W 23,Atq -373,Isiah Small,WO
04-06-2022,W 23,Atq -382,Gustavo Ritter,WO
04-06-2022,W 23,Atq -408,Nick Orozco,WO
04-06-2022,W 23,Atq -418,Marquis Wyatt,WO
04-06-2022,W 23,Atq -414,Titus Andersen,WO
04-06-2022,W 23,Atq -403,Will Mahoney,WO
04-06-2022,W 23,Atq -393,Emma Freeman,WO
04-06-2022,W 23,Atq -367,Briley Orr,WO
04-06-2022,W 23,Atq -452,Ayanna Atkins,WO
04-06-2022,W 23,Atq -421,Rylee Mullins,WO
04-06-2022,W 23,Atq -432,Ryann Guerrero,WO
04-06-2022,W 23,Atq -484,Demarcus Gordon,WO
04-06-2022,W 23,Atq -467,Esperanza Irwin,WO
04-06-2022,W 23,Atq -396,Karma Reeves,WO
04-06-2022,W 23,Atq -472,Cristofer Bernard,WO
04-06-2022,W 23,Atq -412,Tucker Austin,WO
04-06-2022,W 23,Atq -484,Adyson Moyer,WO
04-06-2022,W 23,Atq -385,Jase Ingram,WO
04-06-2022,W 23,Atq -456,Adriel Pace,WO
04-06-2022,W 23,Atq -375,Kenley Marsh,WO
04-06-2022,W 23,Atq -475,London Kim,WO
04-06-2022,W 23,Atq -405,Chris Frye,WO
04-06-2022,W 23,Atq -348,Weston Horton,WO
04-06-2022,W 23,Atq -468,Xiomara Ruiz,WO
04-06-2022,W 23,Atq -368,Macie Callahan,WO
04-06-2022,W 23,Atq -475,Rey Novak,WO
04-06-2022,W 23,Atq -375,Hailee Fitzpatrick,WO
04-06-2022,W 23,Atq -433,Jayce Fuentes,WO
04-06-2022,W 23,Atq -370,Ella Roth,WO
04-06-2022,W 23,Atq -423,Rodrigo Price,WO
04-06-2022,W 23,Atq -438,Miles Fields,WO
04-06-2022,W 23,Atq -349,Trystan Ortega,WO
04-06-2022,W 23,Atq -459,Iris Woodard,WO
04-06-2022,W 23,Atq -396,Joel Cruz,WO
04-06-2022,W 23,Atq -419,Faith Hamilton,WO
04-06-2022,W 23,Atq -446,April Ayers,WO
04-06-2022,W 23,Atq -334,Boston Morse,WO
04-06-2022,W 23,Atq -343,Myla Klein,WO
04-06-2022,W 23,Atq -335,Madelynn Gray,WO
04-06-2022,W 23,Atq -440,Mckayla Parker,WO
04-06-2022,W 23,Atq -405,Sofia Solis,WO
04-06-2022,W 23,Atq -450,Miya Hampton,WO
04-06-2022,W 23,Atq -467,Cason David,WO
04-06-2022,W 23,Atq -419,Kaylah Schultz,WO
04-06-2022,W 23,Atq -443,Lyric Bartlett,WO
04-06-2022,W 23,Atq -335,Tori Shannon,WO
04-06-2022,W 23,Atq -397,Grace Stone,WO
04-06-2022,W 23,Atq -404,Ana Little,WO
04-06-2022,W 23,Atq -436,Phoenix Brady,WO
04-06-2022,W 23,Atq -441,Loki Lal,WO
04-06-2022,W 23,Atq -366,Peter Pandey,WO
04-06-2022,W 23,Atq -438,Mekhi Singleton,WO
04-06-2022,W 23,Atq -398,Bo Cordova,WO
04-06-2022,W 23,Atq -411,Nevaeh Waller,WO
04-06-2022,W 23,Atq -462,Jarvis Singh,WO
04-06-2022,W 23,Atq -406,Thanos Thakur,WO
04-06-2022,W 24,Atq -348,Zaiden Wheeler,WO
04-06-2022,W 24,Atq -385,Alyson Huber,WO
04-06-2022,W 24,Atq -389,Julien Hamilton,WO
04-06-2022,W 24,Atq -414,Mckayla Miles,WO
04-06-2022,W 24,Atq -334,Charity Singleton,WO
04-06-2022,W 24,Atq -452,Jaime Ritter,WO
04-06-2022,W 24,Atq -362,Kiana Mcmillan,WO
04-06-2022,W 24,Atq -476,Kane Malone,WO
04-06-2022,W 24,Atq -455,Aditya Walls,WO
04-06-2022,W 24,Atq -458,Jessie Carrillo,WO
04-06-2022,W 24,Atq -437,Dallas Weeks,WO
04-06-2022,W 24,Atq -372,Miley Combs,WO
04-06-2022,W 24,Atq -374,Kaley Fitzpatrick,WO
04-06-2022,W 24,Atq -470,Jovani Pope,WO
04-06-2022,W 24,Atq -350,Alexander Davenport,WO
05-06-2022,W 24,Atq -401,Piper Carroll,WO
05-06-2022,W 24,Atq -459,Leslie Navarro,WO
05-06-2022,W 24,Atq -361,Makai Hardy,WO
05-06-2022,W 24,Atq -371,Kayleigh Kennedy,WO
05-06-2022,W 24,Atq -364,Keaton Nixon,WO
05-06-2022,W 24,Atq -448,Athena Rios,WO
05-06-2022,W 24,Atq -472,Quincy Mendez,WO
05-06-2022,W 24,Atq -411,Samuel Murray,WO
05-06-2022,W 24,Atq -461,Josh Sharp,WO
05-06-2022,W 24,Atq -453,Nehemiah Diaz,WO
05-06-2022,W 24,Atq -376,Dominique Benjamin,WO
05-06-2022,W 24,Atq -418,Hillary Kirk,WO
05-06-2022,W 24,Atq -373,Isiah Small,WO
05-06-2022,W 24,Atq -382,Gustavo Ritter,WO
05-06-2022,W 24,Atq -408,Nick Orozco,WO
05-06-2022,W 24,Atq -418,Marquis Wyatt,WO
05-06-2022,W 24,Atq -414,Titus Andersen,WO
05-06-2022,W 24,Atq -403,Will Mahoney,WO
05-06-2022,W 24,Atq -393,Emma Freeman,WO
05-06-2022,W 24,Atq -367,Briley Orr,WO
05-06-2022,W 24,Atq -452,Ayanna Atkins,WO
05-06-2022,W 24,Atq -421,Rylee Mullins,WO
05-06-2022,W 24,Atq -432,Ryann Guerrero,WO
05-06-2022,W 24,Atq -484,Demarcus Gordon,WO
05-06-2022,W 24,Atq -467,Esperanza Irwin,WO
05-06-2022,W 24,Atq -396,Karma Reeves,WO
05-06-2022,W 24,Atq -472,Cristofer Bernard,WO
05-06-2022,W 24,Atq -412,Tucker Austin,WO
05-06-2022,W 24,Atq -484,Adyson Moyer,WO
05-06-2022,W 24,Atq -385,Jase Ingram,WO
05-06-2022,W 24,Atq -456,Adriel Pace,WO
05-06-2022,W 24,Atq -375,Kenley Marsh,WO
05-06-2022,W 24,Atq -475,London Kim,WO
05-06-2022,W 24,Atq -405,Chris Frye,WO
05-06-2022,W 24,Atq -348,Weston Horton,WO
05-06-2022,W 24,Atq -468,Xiomara Ruiz,WO
05-06-2022,W 24,Atq -368,Macie Callahan,WO
05-06-2022,W 24,Atq -475,Rey Novak,WO
05-06-2022,W 24,Atq -375,Hailee Fitzpatrick,WO
05-06-2022,W 24,Atq -433,Jayce Fuentes,WO
05-06-2022,W 24,Atq -370,Ella Roth,WO
05-06-2022,W 24,Atq -423,Rodrigo Price,WO
05-06-2022,W 24,Atq -438,Miles Fields,WO
05-06-2022,W 24,Atq -349,Trystan Ortega,WO
05-06-2022,W 24,Atq -459,Iris Woodard,WO
05-06-2022,W 24,Atq -396,Joel Cruz,WO
05-06-2022,W 24,Atq -419,Faith Hamilton,WO
05-06-2022,W 24,Atq -446,April Ayers,WO
05-06-2022,W 24,Atq -334,Boston Morse,WO
05-06-2022,W 24,Atq -343,Myla Klein,WO
05-06-2022,W 24,Atq -335,Madelynn Gray,WO
05-06-2022,W 24,Atq -440,Mckayla Parker,WO
05-06-2022,W 24,Atq -405,Sofia Solis,WO
05-06-2022,W 24,Atq -450,Miya Hampton,WO
05-06-2022,W 24,Atq -467,Cason David,WO
05-06-2022,W 24,Atq -419,Kaylah Schultz,WO
05-06-2022,W 24,Atq -443,Lyric Bartlett,WO
05-06-2022,W 24,Atq -335,Tori Shannon,WO
05-06-2022,W 24,Atq -397,Grace Stone,WO
05-06-2022,W 24,Atq -404,Ana Little,WO
05-06-2022,W 24,Atq -436,Phoenix Brady,WO
05-06-2022,W 24,Atq -441,Loki Lal,WO
05-06-2022,W 24,Atq -366,Peter Pandey,WO
05-06-2022,W 24,Atq -438,Mekhi Singleton,WO
05-06-2022,W 24,Atq -398,Bo Cordova,WO
05-06-2022,W 24,Atq -411,Nevaeh Waller,WO
05-06-2022,W 24,Atq -462,Jarvis Singh,WO
05-06-2022,W 24,Atq -406,Thanos Thakur,WO
05-06-2022,W 24,Atq -385,Alyson Huber,WFO
05-06-2022,W 24,Atq -389,Julien Hamilton,WFO
05-06-2022,W 24,Atq -414,Mckayla Miles,WFO
05-06-2022,W 24,Atq -334,Charity Singleton,WFO
05-06-2022,W 24,Atq -452,Jaime Ritter,WFO
05-06-2022,W 24,Atq -362,Kiana Mcmillan,WFO
05-06-2022,W 24,Atq -476,Kane Malone,WFO
05-06-2022,W 24,Atq -455,Aditya Walls,WFO
05-06-2022,W 24,Atq -458,Jessie Carrillo,WFO
05-06-2022,W 24,Atq -437,Dallas Weeks,WFO
05-06-2022,W 24,Atq -372,Miley Combs,WFO
05-06-2022,W 24,Atq -374,Kaley Fitzpatrick,WFO
05-06-2022,W 24,Atq -371,Kayleigh Kennedy,WFO
05-06-2022,W 24,Atq -364,Keaton Nixon,WFO
05-06-2022,W 24,Atq -448,Athena Rios,WFO
06-06-2022,W 24,Atq -472,Quincy Mendez,WFO
06-06-2022,W 24,Atq -411,Samuel Murray,WFO
06-06-2022,W 24,Atq -461,Josh Sharp,WFO
06-06-2022,W 24,Atq -376,Dominique Benjamin,WFO
06-06-2022,W 24,Atq -373,Isiah Small,WFO
06-06-2022,W 24,Atq -408,Nick Orozco,WFO
06-06-2022,W 24,Atq -418,Marquis Wyatt,WFO
06-06-2022,W 24,Atq -414,Titus Andersen,WFO
06-06-2022,W 24,Atq -403,Will Mahoney,WFO
06-06-2022,W 24,Atq -393,Emma Freeman,WFO
06-06-2022,W 24,Atq -421,Rylee Mullins,WFO
06-06-2022,W 24,Atq -432,Ryann Guerrero,WFO
06-06-2022,W 24,Atq -484,Demarcus Gordon,WFO
06-06-2022,W 24,Atq -467,Esperanza Irwin,WFO
06-06-2022,W 24,Atq -396,Karma Reeves,WFO
06-06-2022,W 24,Atq -472,Cristofer Bernard,WFO
06-06-2022,W 24,Atq -412,Tucker Austin,WFO
06-06-2022,W 24,Atq -484,Adyson Moyer,WFO
06-06-2022,W 24,Atq -385,Jase Ingram,WFO
06-06-2022,W 24,Atq -375,Kenley Marsh,WFO
06-06-2022,W 24,Atq -475,London Kim,WFO
06-06-2022,W 24,Atq -405,Chris Frye,WFO
06-06-2022,W 24,Atq -348,Weston Horton,WFO
06-06-2022,W 24,Atq -368,Macie Callahan,WFO
06-06-2022,W 24,Atq -475,Rey Novak,WFO
06-06-2022,W 24,Atq -433,Jayce Fuentes,WFO
06-06-2022,W 24,Atq -370,Ella Roth,WFO
06-06-2022,W 24,Atq -423,Rodrigo Price,WFO
06-06-2022,W 24,Atq -438,Miles Fields,WFO
06-06-2022,W 24,Atq -349,Trystan Ortega,WFO
06-06-2022,W 24,Atq -459,Iris Woodard,WFO
06-06-2022,W 24,Atq -396,Joel Cruz,WFO
06-06-2022,W 24,Atq -419,Faith Hamilton,WFO
06-06-2022,W 24,Atq -446,April Ayers,WFO
06-06-2022,W 24,Atq -334,Boston Morse,WFO
06-06-2022,W 24,Atq -343,Myla Klein,WFO
06-06-2022,W 24,Atq -335,Madelynn Gray,WFO
06-06-2022,W 24,Atq -440,Mckayla Parker,WFO
06-06-2022,W 24,Atq -405,Sofia Solis,WFO
06-06-2022,W 24,Atq -467,Cason David,WFO
06-06-2022,W 24,Atq -419,Kaylah Schultz,WFO
06-06-2022,W 24,Atq -443,Lyric Bartlett,WFO
06-06-2022,W 24,Atq -335,Tori Shannon,WFO
06-06-2022,W 24,Atq -397,Grace Stone,WFO
06-06-2022,W 24,Atq -404,Ana Little,WFO
06-06-2022,W 24,Atq -436,Phoenix Brady,WFO
06-06-2022,W 24,Atq -441,Loki Lal,WFO
06-06-2022,W 24,Atq -366,Peter Pandey,WFO
06-06-2022,W 24,Atq -438,Mekhi Singleton,WFO
06-06-2022,W 24,Atq -398,Bo Cordova,WFO
06-06-2022,W 24,Atq -411,Nevaeh Waller,WFO
06-06-2022,W 24,Atq -462,Jarvis Singh,WFO
06-06-2022,W 24,Atq -406,Thanos Thakur,WFO
06-06-2022,W 24,Atq -350,Alexander Davenport,WFH
06-06-2022,W 24,Atq -453,Nehemiah Diaz,WFH
06-06-2022,W 24,Atq -418,Hillary Kirk,WFH
06-06-2022,W 24,Atq -382,Gustavo Ritter,WFH
06-06-2022,W 24,Atq -456,Adriel Pace,WFH
06-06-2022,W 24,Atq -468,Xiomara Ruiz,SL
06-06-2022,W 24,Atq -367,Briley Orr,PL
06-06-2022,W 24,Atq -375,Hailee Fitzpatrick,PL
06-06-2022,W 24,Atq -385,Alyson Huber,WFO
06-06-2022,W 24,Atq -389,Julien Hamilton,WFO
06-06-2022,W 24,Atq -414,Mckayla Miles,WFO
06-06-2022,W 24,Atq -334,Charity Singleton,WFO
06-06-2022,W 24,Atq -452,Jaime Ritter,WFO
06-06-2022,W 24,Atq -362,Kiana Mcmillan,WFO
06-06-2022,W 24,Atq -476,Kane Malone,WFO
06-06-2022,W 24,Atq -455,Aditya Walls,WFO
06-06-2022,W 24,Atq -458,Jessie Carrillo,WFO
06-06-2022,W 24,Atq -437,Dallas Weeks,WFO
06-06-2022,W 24,Atq -372,Miley Combs,WFO
06-06-2022,W 24,Atq -374,Kaley Fitzpatrick,WFO
06-06-2022,W 24,Atq -371,Kayleigh Kennedy,WFO
06-06-2022,W 24,Atq -364,Keaton Nixon,WFO
06-06-2022,W 24,Atq -448,Athena Rios,WFO
07-06-2022,W 24,Atq -411,Samuel Murray,WFO
07-06-2022,W 24,Atq -461,Josh Sharp,WFO
07-06-2022,W 24,Atq -453,Nehemiah Diaz,WFO
07-06-2022,W 24,Atq -376,Dominique Benjamin,WFO
07-06-2022,W 24,Atq -373,Isiah Small,WFO
07-06-2022,W 24,Atq -408,Nick Orozco,WFO
07-06-2022,W 24,Atq -418,Marquis Wyatt,WFO
07-06-2022,W 24,Atq -414,Titus Andersen,WFO
07-06-2022,W 24,Atq -403,Will Mahoney,WFO
07-06-2022,W 24,Atq -393,Emma Freeman,WFO
07-06-2022,W 24,Atq -367,Briley Orr,WFO
07-06-2022,W 24,Atq -421,Rylee Mullins,WFO
07-06-2022,W 24,Atq -432,Ryann Guerrero,WFO
07-06-2022,W 24,Atq -484,Demarcus Gordon,WFO
07-06-2022,W 24,Atq -467,Esperanza Irwin,WFO
07-06-2022,W 24,Atq -396,Karma Reeves,WFO
07-06-2022,W 24,Atq -472,Cristofer Bernard,WFO
07-06-2022,W 24,Atq -412,Tucker Austin,WFO
07-06-2022,W 24,Atq -484,Adyson Moyer,WFO
07-06-2022,W 24,Atq -385,Jase Ingram,WFO
07-06-2022,W 24,Atq -456,Adriel Pace,WFO
07-06-2022,W 24,Atq -375,Kenley Marsh,WFO
07-06-2022,W 24,Atq -475,London Kim,WFO
07-06-2022,W 24,Atq -405,Chris Frye,WFO
07-06-2022,W 24,Atq -348,Weston Horton,WFO
07-06-2022,W 24,Atq -468,Xiomara Ruiz,WFO
07-06-2022,W 24,Atq -368,Macie Callahan,WFO
07-06-2022,W 24,Atq -475,Rey Novak,WFO
07-06-2022,W 24,Atq -433,Jayce Fuentes,WFO
07-06-2022,W 24,Atq -370,Ella Roth,WFO
07-06-2022,W 24,Atq -423,Rodrigo Price,WFO
07-06-2022,W 24,Atq -438,Miles Fields,WFO
07-06-2022,W 24,Atq -349,Trystan Ortega,WFO
07-06-2022,W 24,Atq -459,Iris Woodard,WFO
07-06-2022,W 24,Atq -396,Joel Cruz,WFO
07-06-2022,W 24,Atq -419,Faith Hamilton,WFO
07-06-2022,W 24,Atq -446,April Ayers,WFO
07-06-2022,W 24,Atq -334,Boston Morse,WFO
07-06-2022,W 24,Atq -343,Myla Klein,WFO
07-06-2022,W 24,Atq -335,Madelynn Gray,WFO
07-06-2022,W 24,Atq -440,Mckayla Parker,WFO
07-06-2022,W 24,Atq -405,Sofia Solis,WFO
07-06-2022,W 24,Atq -450,Miya Hampton,WFO
07-06-2022,W 24,Atq -467,Cason David,WFO
07-06-2022,W 24,Atq -419,Kaylah Schultz,WFO
07-06-2022,W 24,Atq -443,Lyric Bartlett,WFO
07-06-2022,W 24,Atq -335,Tori Shannon,WFO
07-06-2022,W 24,Atq -397,Grace Stone,WFO
07-06-2022,W 24,Atq -404,Ana Little,WFO
07-06-2022,W 24,Atq -436,Phoenix Brady,WFO
07-06-2022,W 24,Atq -441,Loki Lal,WFO
07-06-2022,W 24,Atq -366,Peter Pandey,WFO
07-06-2022,W 24,Atq -438,Mekhi Singleton,WFO
07-06-2022,W 24,Atq -398,Bo Cordova,WFO
07-06-2022,W 24,Atq -411,Nevaeh Waller,WFO
07-06-2022,W 24,Atq -462,Jarvis Singh,WFO
07-06-2022,W 24,Atq -406,Thanos Thakur,WFO
07-06-2022,W 24,Atq -350,Alexander Davenport,WFH
07-06-2022,W 24,Atq -418,Hillary Kirk,WFH
07-06-2022,W 24,Atq -382,Gustavo Ritter,WFH
07-06-2022,W 24,Atq -375,Hailee Fitzpatrick,PL
07-06-2022,W 24,Atq -385,Alyson Huber,WFO
07-06-2022,W 24,Atq -389,Julien Hamilton,WFO
07-06-2022,W 24,Atq -414,Mckayla Miles,WFO
07-06-2022,W 24,Atq -334,Charity Singleton,WFO
07-06-2022,W 24,Atq -452,Jaime Ritter,WFO
07-06-2022,W 24,Atq -362,Kiana Mcmillan,WFO
07-06-2022,W 24,Atq -476,Kane Malone,WFO
07-06-2022,W 24,Atq -455,Aditya Walls,WFO
07-06-2022,W 24,Atq -458,Jessie Carrillo,WFO
07-06-2022,W 24,Atq -437,Dallas Weeks,WFO
07-06-2022,W 24,Atq -372,Miley Combs,WFO
07-06-2022,W 24,Atq -371,Kayleigh Kennedy,WFO
07-06-2022,W 24,Atq -364,Keaton Nixon,WFO
07-06-2022,W 24,Atq -448,Athena Rios,WFO
07-06-2022,W 24,Atq -472,Quincy Mendez,WFO
08-06-2022,W 24,Atq -461,Josh Sharp,WFO
08-06-2022,W 24,Atq -376,Dominique Benjamin,WFO
08-06-2022,W 24,Atq -418,Hillary Kirk,WFO
08-06-2022,W 24,Atq -373,Isiah Small,WFO
08-06-2022,W 24,Atq -408,Nick Orozco,WFO
08-06-2022,W 24,Atq -418,Marquis Wyatt,WFO
08-06-2022,W 24,Atq -414,Titus Andersen,WFO
08-06-2022,W 24,Atq -403,Will Mahoney,WFO
08-06-2022,W 24,Atq -393,Emma Freeman,WFO
08-06-2022,W 24,Atq -367,Briley Orr,WFO
08-06-2022,W 24,Atq -421,Rylee Mullins,WFO
08-06-2022,W 24,Atq -432,Ryann Guerrero,WFO
08-06-2022,W 24,Atq -484,Demarcus Gordon,WFO
08-06-2022,W 24,Atq -467,Esperanza Irwin,WFO
08-06-2022,W 24,Atq -396,Karma Reeves,WFO
08-06-2022,W 24,Atq -472,Cristofer Bernard,WFO
08-06-2022,W 24,Atq -412,Tucker Austin,WFO
08-06-2022,W 24,Atq -484,Adyson Moyer,WFO
08-06-2022,W 24,Atq -456,Adriel Pace,WFO
08-06-2022,W 24,Atq -375,Kenley Marsh,WFO
08-06-2022,W 24,Atq -475,London Kim,WFO
08-06-2022,W 24,Atq -405,Chris Frye,WFO
08-06-2022,W 24,Atq -348,Weston Horton,WFO
08-06-2022,W 24,Atq -468,Xiomara Ruiz,WFO
08-06-2022,W 24,Atq -368,Macie Callahan,WFO
08-06-2022,W 24,Atq -475,Rey Novak,WFO
08-06-2022,W 24,Atq -375,Hailee Fitzpatrick,WFO
08-06-2022,W 24,Atq -433,Jayce Fuentes,WFO
08-06-2022,W 24,Atq -370,Ella Roth,WFO
08-06-2022,W 24,Atq -438,Miles Fields,WFO
08-06-2022,W 24,Atq -459,Iris Woodard,WFO
08-06-2022,W 24,Atq -396,Joel Cruz,WFO
08-06-2022,W 24,Atq -419,Faith Hamilton,WFO
08-06-2022,W 24,Atq -446,April Ayers,WFO
08-06-2022,W 24,Atq -334,Boston Morse,WFO
08-06-2022,W 24,Atq -343,Myla Klein,WFO
08-06-2022,W 24,Atq -440,Mckayla Parker,WFO
08-06-2022,W 24,Atq -405,Sofia Solis,WFO
08-06-2022,W 24,Atq -467,Cason David,WFO
08-06-2022,W 24,Atq -419,Kaylah Schultz,WFO
08-06-2022,W 24,Atq -443,Lyric Bartlett,WFO
08-06-2022,W 24,Atq -335,Tori Shannon,WFO
08-06-2022,W 24,Atq -397,Grace Stone,WFO
08-06-2022,W 24,Atq -404,Ana Little,WFO
08-06-2022,W 24,Atq -436,Phoenix Brady,WFO
08-06-2022,W 24,Atq -441,Loki Lal,WFO
08-06-2022,W 24,Atq -366,Peter Pandey,WFO
08-06-2022,W 24,Atq -438,Mekhi Singleton,WFO
08-06-2022,W 24,Atq -398,Bo Cordova,WFO
08-06-2022,W 24,Atq -411,Nevaeh Waller,WFO
08-06-2022,W 24,Atq -462,Jarvis Singh,WFO
08-06-2022,W 24,Atq -406,Thanos Thakur,WFO
08-06-2022,W 24,Atq -350,Alexander Davenport,WFH
08-06-2022,W 24,Atq -453,Nehemiah Diaz,WFH
08-06-2022,W 24,Atq -382,Gustavo Ritter,WFH
08-06-2022,W 24,Atq -423,Rodrigo Price,WFH
08-06-2022,W 24,Atq -385,Jase Ingram,PL
08-06-2022,W 24,Atq -385,Alyson Huber,WFO
08-06-2022,W 24,Atq -389,Julien Hamilton,WFO
08-06-2022,W 24,Atq -414,Mckayla Miles,WFO
08-06-2022,W 24,Atq -334,Charity Singleton,WFO
08-06-2022,W 24,Atq -452,Jaime Ritter,WFO
08-06-2022,W 24,Atq -362,Kiana Mcmillan,WFO
08-06-2022,W 24,Atq -476,Kane Malone,WFO
08-06-2022,W 24,Atq -455,Aditya Walls,WFO
08-06-2022,W 24,Atq -458,Jessie Carrillo,WFO
08-06-2022,W 24,Atq -437,Dallas Weeks,WFO
08-06-2022,W 24,Atq -372,Miley Combs,WFO
08-06-2022,W 24,Atq -374,Kaley Fitzpatrick,WFO
08-06-2022,W 24,Atq -371,Kayleigh Kennedy,WFO
08-06-2022,W 24,Atq -364,Keaton Nixon,WFO
08-06-2022,W 24,Atq -472,Quincy Mendez,WFO
08-06-2022,W 24,Atq -411,Samuel Murray,WFO
09-06-2022,W 24,Atq -461,Josh Sharp,WFO
09-06-2022,W 24,Atq -376,Dominique Benjamin,WFO
09-06-2022,W 24,Atq -418,Hillary Kirk,WFO
09-06-2022,W 24,Atq -373,Isiah Small,WFO
09-06-2022,W 24,Atq -408,Nick Orozco,WFO
09-06-2022,W 24,Atq -418,Marquis Wyatt,WFO
09-06-2022,W 24,Atq -414,Titus Andersen,WFO
09-06-2022,W 24,Atq -403,Will Mahoney,WFO
09-06-2022,W 24,Atq -367,Briley Orr,WFO
09-06-2022,W 24,Atq -421,Rylee Mullins,WFO
09-06-2022,W 24,Atq -432,Ryann Guerrero,WFO
09-06-2022,W 24,Atq -484,Demarcus Gordon,WFO
09-06-2022,W 24,Atq -467,Esperanza Irwin,WFO
09-06-2022,W 24,Atq -396,Karma Reeves,WFO
09-06-2022,W 24,Atq -472,Cristofer Bernard,WFO
09-06-2022,W 24,Atq -412,Tucker Austin,WFO
09-06-2022,W 24,Atq -484,Adyson Moyer,WFO
09-06-2022,W 24,Atq -385,Jase Ingram,WFO
09-06-2022,W 24,Atq -456,Adriel Pace,WFO
09-06-2022,W 24,Atq -375,Kenley Marsh,WFO
09-06-2022,W 24,Atq -475,London Kim,WFO
09-06-2022,W 24,Atq -348,Weston Horton,WFO
09-06-2022,W 24,Atq -468,Xiomara Ruiz,WFO
09-06-2022,W 24,Atq -375,Hailee Fitzpatrick,WFO
09-06-2022,W 24,Atq -433,Jayce Fuentes,WFO
09-06-2022,W 24,Atq -370,Ella Roth,WFO
09-06-2022,W 24,Atq -438,Miles Fields,WFO
09-06-2022,W 24,Atq -459,Iris Woodard,WFO
09-06-2022,W 24,Atq -396,Joel Cruz,WFO
09-06-2022,W 24,Atq -419,Faith Hamilton,WFO
09-06-2022,W 24,Atq -446,April Ayers,WFO
09-06-2022,W 24,Atq -334,Boston Morse,WFO
09-06-2022,W 24,Atq -343,Myla Klein,WFO
09-06-2022,W 24,Atq -440,Mckayla Parker,WFO
09-06-2022,W 24,Atq -405,Sofia Solis,WFO
09-06-2022,W 24,Atq -467,Cason David,WFO
09-06-2022,W 24,Atq -419,Kaylah Schultz,WFO
09-06-2022,W 24,Atq -443,Lyric Bartlett,WFO
09-06-2022,W 24,Atq -335,Tori Shannon,WFO
09-06-2022,W 24,Atq -397,Grace Stone,WFO
09-06-2022,W 24,Atq -404,Ana Little,WFO
09-06-2022,W 24,Atq -441,Loki Lal,WFO
09-06-2022,W 24,Atq -366,Peter Pandey,WFO
09-06-2022,W 24,Atq -438,Mekhi Singleton,WFO
09-06-2022,W 24,Atq -398,Bo Cordova,WFO
09-06-2022,W 24,Atq -411,Nevaeh Waller,WFO
09-06-2022,W 24,Atq -462,Jarvis Singh,WFO
09-06-2022,W 24,Atq -406,Thanos Thakur,WFO
09-06-2022,W 24,Atq -350,Alexander Davenport,WFH
09-06-2022,W 24,Atq -453,Nehemiah Diaz,WFH
09-06-2022,W 24,Atq -382,Gustavo Ritter,WFH
09-06-2022,W 24,Atq -405,Chris Frye,WFH
09-06-2022,W 24,Atq -475,Rey Novak,WFH
09-06-2022,W 24,Atq -393,Emma Freeman,PL
09-06-2022,W 24,Atq -368,Macie Callahan,PL
09-06-2022,W 24,Atq -423,Rodrigo Price,PL
09-06-2022,W 24,Atq -436,Phoenix Brady,PL
09-06-2022,W 24,Atq -385,Alyson Huber,WFO
09-06-2022,W 24,Atq -389,Julien Hamilton,WFO
09-06-2022,W 24,Atq -414,Mckayla Miles,WFO
09-06-2022,W 24,Atq -334,Charity Singleton,WFO
09-06-2022,W 24,Atq -452,Jaime Ritter,WFO
09-06-2022,W 24,Atq -362,Kiana Mcmillan,WFO
09-06-2022,W 24,Atq -476,Kane Malone,WFO
09-06-2022,W 24,Atq -455,Aditya Walls,WFO
09-06-2022,W 24,Atq -458,Jessie Carrillo,WFO
09-06-2022,W 24,Atq -437,Dallas Weeks,WFO
09-06-2022,W 24,Atq -372,Miley Combs,WFO
09-06-2022,W 24,Atq -371,Kayleigh Kennedy,WFO
09-06-2022,W 24,Atq -364,Keaton Nixon,WFO
09-06-2022,W 24,Atq -411,Samuel Murray,WFO
10-06-2022,W 24,Atq -418,Hillary Kirk,WFO
10-06-2022,W 24,Atq -373,Isiah Small,WFO
10-06-2022,W 24,Atq -408,Nick Orozco,WFO
10-06-2022,W 24,Atq -418,Marquis Wyatt,WFO
10-06-2022,W 24,Atq -414,Titus Andersen,WFO
10-06-2022,W 24,Atq -403,Will Mahoney,WFO
10-06-2022,W 24,Atq -367,Briley Orr,WFO
10-06-2022,W 24,Atq -432,Ryann Guerrero,WFO
10-06-2022,W 24,Atq -484,Demarcus Gordon,WFO
10-06-2022,W 24,Atq -467,Esperanza Irwin,WFO
10-06-2022,W 24,Atq -396,Karma Reeves,WFO
10-06-2022,W 24,Atq -472,Cristofer Bernard,WFO
10-06-2022,W 24,Atq -484,Adyson Moyer,WFO
10-06-2022,W 24,Atq -385,Jase Ingram,WFO
10-06-2022,W 24,Atq -456,Adriel Pace,WFO
10-06-2022,W 24,Atq -375,Kenley Marsh,WFO
10-06-2022,W 24,Atq -475,London Kim,WFO
10-06-2022,W 24,Atq -348,Weston Horton,WFO
10-06-2022,W 24,Atq -468,Xiomara Ruiz,WFO
10-06-2022,W 24,Atq -375,Hailee Fitzpatrick,WFO
10-06-2022,W 24,Atq -433,Jayce Fuentes,WFO
10-06-2022,W 24,Atq -370,Ella Roth,WFO
10-06-2022,W 24,Atq -438,Miles Fields,WFO
10-06-2022,W 24,Atq -459,Iris Woodard,WFO
10-06-2022,W 24,Atq -396,Joel Cruz,WFO
10-06-2022,W 24,Atq -419,Faith Hamilton,WFO
10-06-2022,W 24,Atq -446,April Ayers,WFO
10-06-2022,W 24,Atq -334,Boston Morse,WFO
10-06-2022,W 24,Atq -343,Myla Klein,WFO
10-06-2022,W 24,Atq -440,Mckayla Parker,WFO
10-06-2022,W 24,Atq -405,Sofia Solis,WFO
10-06-2022,W 24,Atq -467,Cason David,WFO
10-06-2022,W 24,Atq -419,Kaylah Schultz,WFO
10-06-2022,W 24,Atq -443,Lyric Bartlett,WFO
10-06-2022,W 24,Atq -335,Tori Shannon,WFO
10-06-2022,W 24,Atq -397,Grace Stone,WFO
10-06-2022,W 24,Atq -404,Ana Little,WFO
10-06-2022,W 24,Atq -441,Loki Lal,WFO
10-06-2022,W 24,Atq -366,Peter Pandey,WFO
10-06-2022,W 24,Atq -398,Bo Cordova,WFO
10-06-2022,W 24,Atq -411,Nevaeh Waller,WFO
10-06-2022,W 24,Atq -462,Jarvis Singh,WFO
10-06-2022,W 24,Atq -406,Thanos Thakur,WFO
10-06-2022,W 24,Atq -350,Alexander Davenport,WFH
10-06-2022,W 24,Atq -453,Nehemiah Diaz,WFH
10-06-2022,W 24,Atq -382,Gustavo Ritter,WFH
10-06-2022,W 24,Atq -421,Rylee Mullins,WFH
10-06-2022,W 24,Atq -412,Tucker Austin,WFH
10-06-2022,W 24,Atq -405,Chris Frye,WFH
10-06-2022,W 24,Atq -475,Rey Novak,WFH
10-06-2022,W 24,Atq -393,Emma Freeman,PL
10-06-2022,W 24,Atq -368,Macie Callahan,PL
10-06-2022,W 24,Atq -423,Rodrigo Price,PL
10-06-2022,W 24,Atq -436,Phoenix Brady,PL
10-06-2022,W 24,Atq -438,Mekhi Singleton,PL
10-06-2022,W 24,Atq -348,Zaiden Wheeler,WO
10-06-2022,W 24,Atq -385,Alyson Huber,WO
10-06-2022,W 24,Atq -389,Julien Hamilton,WO
10-06-2022,W 24,Atq -414,Mckayla Miles,WO
10-06-2022,W 24,Atq -334,Charity Singleton,WO
10-06-2022,W 24,Atq -452,Jaime Ritter,WO
10-06-2022,W 24,Atq -362,Kiana Mcmillan,WO
10-06-2022,W 24,Atq -476,Kane Malone,WO
10-06-2022,W 24,Atq -455,Aditya Walls,WO
10-06-2022,W 24,Atq -458,Jessie Carrillo,WO
10-06-2022,W 24,Atq -437,Dallas Weeks,WO
10-06-2022,W 24,Atq -372,Miley Combs,WO
10-06-2022,W 24,Atq -374,Kaley Fitzpatrick,WO
10-06-2022,W 24,Atq -470,Jovani Pope,WO
10-06-2022,W 24,Atq -350,Alexander Davenport,WO
10-06-2022,W 24,Atq -401,Piper Carroll,WO
11-06-2022,W 24,Atq -459,Leslie Navarro,WO
11-06-2022,W 24,Atq -361,Makai Hardy,WO
11-06-2022,W 24,Atq -371,Kayleigh Kennedy,WO
11-06-2022,W 24,Atq -364,Keaton Nixon,WO
11-06-2022,W 24,Atq -448,Athena Rios,WO
11-06-2022,W 24,Atq -472,Quincy Mendez,WO
11-06-2022,W 24,Atq -411,Samuel Murray,WO
11-06-2022,W 24,Atq -461,Josh Sharp,WO
11-06-2022,W 24,Atq -453,Nehemiah Diaz,WO
11-06-2022,W 24,Atq -376,Dominique Benjamin,WO
11-06-2022,W 24,Atq -418,Hillary Kirk,WO
11-06-2022,W 24,Atq -373,Isiah Small,WO
11-06-2022,W 24,Atq -382,Gustavo Ritter,WO
11-06-2022,W 24,Atq -408,Nick Orozco,WO
11-06-2022,W 24,Atq -418,Marquis Wyatt,WO
11-06-2022,W 24,Atq -414,Titus Andersen,WO
11-06-2022,W 24,Atq -403,Will Mahoney,WO
11-06-2022,W 24,Atq -393,Emma Freeman,WO
11-06-2022,W 24,Atq -367,Briley Orr,WO
11-06-2022,W 24,Atq -452,Ayanna Atkins,WO
11-06-2022,W 24,Atq -421,Rylee Mullins,WO
11-06-2022,W 24,Atq -432,Ryann Guerrero,WO
11-06-2022,W 24,Atq -484,Demarcus Gordon,WO
11-06-2022,W 24,Atq -467,Esperanza Irwin,WO
11-06-2022,W 24,Atq -396,Karma Reeves,WO
11-06-2022,W 24,Atq -472,Cristofer Bernard,WO
11-06-2022,W 24,Atq -412,Tucker Austin,WO
11-06-2022,W 24,Atq -484,Adyson Moyer,WO
11-06-2022,W 24,Atq -385,Jase Ingram,WO
11-06-2022,W 24,Atq -456,Adriel Pace,WO
11-06-2022,W 24,Atq -375,Kenley Marsh,WO
11-06-2022,W 24,Atq -475,London Kim,WO
11-06-2022,W 24,Atq -405,Chris Frye,WO
11-06-2022,W 24,Atq -348,Weston Horton,WO
11-06-2022,W 24,Atq -468,Xiomara Ruiz,WO
11-06-2022,W 24,Atq -368,Macie Callahan,WO
11-06-2022,W 24,Atq -475,Rey Novak,WO
11-06-2022,W 24,Atq -375,Hailee Fitzpatrick,WO
11-06-2022,W 24,Atq -433,Jayce Fuentes,WO
11-06-2022,W 24,Atq -370,Ella Roth,WO
11-06-2022,W 24,Atq -423,Rodrigo Price,WO
11-06-2022,W 24,Atq -438,Miles Fields,WO
11-06-2022,W 24,Atq -349,Trystan Ortega,WO
11-06-2022,W 24,Atq -459,Iris Woodard,WO
11-06-2022,W 24,Atq -396,Joel Cruz,WO
11-06-2022,W 24,Atq -419,Faith Hamilton,WO
11-06-2022,W 24,Atq -446,April Ayers,WO
11-06-2022,W 24,Atq -334,Boston Morse,WO
11-06-2022,W 24,Atq -343,Myla Klein,WO
11-06-2022,W 24,Atq -335,Madelynn Gray,WO
11-06-2022,W 24,Atq -440,Mckayla Parker,WO
11-06-2022,W 24,Atq -405,Sofia Solis,WO
11-06-2022,W 24,Atq -450,Miya Hampton,WO
11-06-2022,W 24,Atq -467,Cason David,WO
11-06-2022,W 24,Atq -419,Kaylah Schultz,WO
11-06-2022,W 24,Atq -443,Lyric Bartlett,WO
11-06-2022,W 24,Atq -335,Tori Shannon,WO
11-06-2022,W 24,Atq -397,Grace Stone,WO
11-06-2022,W 24,Atq -404,Ana Little,WO
11-06-2022,W 24,Atq -436,Phoenix Brady,WO
11-06-2022,W 24,Atq -441,Loki Lal,WO
11-06-2022,W 24,Atq -366,Peter Pandey,WO
11-06-2022,W 24,Atq -438,Mekhi Singleton,WO
11-06-2022,W 24,Atq -398,Bo Cordova,WO
11-06-2022,W 24,Atq -411,Nevaeh Waller,WO
11-06-2022,W 24,Atq -462,Jarvis Singh,WO
11-06-2022,W 24,Atq -406,Thanos Thakur,WO
11-06-2022,W 25,Atq -453,Nehemiah Diaz,WO
11-06-2022,W 25,Atq -376,Dominique Benjamin,WO
11-06-2022,W 25,Atq -418,Hillary Kirk,WO
11-06-2022,W 25,Atq -373,Isiah Small,WO
11-06-2022,W 25,Atq -382,Gustavo Ritter,WO
11-06-2022,W 25,Atq -408,Nick Orozco,WO
11-06-2022,W 25,Atq -418,Marquis Wyatt,WO
11-06-2022,W 25,Atq -414,Titus Andersen,WO
11-06-2022,W 25,Atq -403,Will Mahoney,WO
11-06-2022,W 25,Atq -393,Emma Freeman,WO
11-06-2022,W 25,Atq -367,Briley Orr,WO
11-06-2022,W 25,Atq -452,Ayanna Atkins,WO
11-06-2022,W 25,Atq -421,Rylee Mullins,WO
11-06-2022,W 25,Atq -432,Ryann Guerrero,WO
11-06-2022,W 25,Atq -484,Demarcus Gordon,WO
11-06-2022,W 25,Atq -467,Esperanza Irwin,WO
12-06-2022,W 25,Atq -396,Karma Reeves,WO
12-06-2022,W 25,Atq -472,Cristofer Bernard,WO
12-06-2022,W 25,Atq -412,Tucker Austin,WO
12-06-2022,W 25,Atq -484,Adyson Moyer,WO
12-06-2022,W 25,Atq -385,Jase Ingram,WO
12-06-2022,W 25,Atq -456,Adriel Pace,WO
12-06-2022,W 25,Atq -375,Kenley Marsh,WO
12-06-2022,W 25,Atq -475,London Kim,WO
12-06-2022,W 25,Atq -405,Chris Frye,WO
12-06-2022,W 25,Atq -348,Weston Horton,WO
12-06-2022,W 25,Atq -468,Xiomara Ruiz,WO
12-06-2022,W 25,Atq -368,Macie Callahan,WO
12-06-2022,W 25,Atq -475,Rey Novak,WO
12-06-2022,W 25,Atq -375,Hailee Fitzpatrick,WO
12-06-2022,W 25,Atq -433,Jayce Fuentes,WO
12-06-2022,W 25,Atq -370,Ella Roth,WO
12-06-2022,W 25,Atq -423,Rodrigo Price,WO
12-06-2022,W 25,Atq -438,Miles Fields,WO
12-06-2022,W 25,Atq -349,Trystan Ortega,WO
12-06-2022,W 25,Atq -459,Iris Woodard,WO
12-06-2022,W 25,Atq -396,Joel Cruz,WO
12-06-2022,W 25,Atq -419,Faith Hamilton,WO
12-06-2022,W 25,Atq -446,April Ayers,WO
12-06-2022,W 25,Atq -334,Boston Morse,WO
12-06-2022,W 25,Atq -343,Myla Klein,WO
12-06-2022,W 25,Atq -335,Madelynn Gray,WO
12-06-2022,W 25,Atq -440,Mckayla Parker,WO
12-06-2022,W 25,Atq -405,Sofia Solis,WO
12-06-2022,W 25,Atq -450,Miya Hampton,WO
12-06-2022,W 25,Atq -467,Cason David,WO
12-06-2022,W 25,Atq -419,Kaylah Schultz,WO
12-06-2022,W 25,Atq -443,Lyric Bartlett,WO
12-06-2022,W 25,Atq -335,Tori Shannon,WO
12-06-2022,W 25,Atq -397,Grace Stone,WO
12-06-2022,W 25,Atq -404,Ana Little,WO
12-06-2022,W 25,Atq -436,Phoenix Brady,WO
12-06-2022,W 25,Atq -441,Loki Lal,WO
12-06-2022,W 25,Atq -366,Peter Pandey,WO
12-06-2022,W 25,Atq -438,Mekhi Singleton,WO
12-06-2022,W 25,Atq -398,Bo Cordova,WO
12-06-2022,W 25,Atq -411,Nevaeh Waller,WO
12-06-2022,W 25,Atq -462,Jarvis Singh,WO
12-06-2022,W 25,Atq -406,Thanos Thakur,WO
12-06-2022,W 25,Atq -348,Zaiden Wheeler,WO
12-06-2022,W 25,Atq -385,Alyson Huber,WO
12-06-2022,W 25,Atq -389,Julien Hamilton,WO
12-06-2022,W 25,Atq -414,Mckayla Miles,WO
12-06-2022,W 25,Atq -334,Charity Singleton,WO
12-06-2022,W 25,Atq -452,Jaime Ritter,WO
12-06-2022,W 25,Atq -362,Kiana Mcmillan,WO
12-06-2022,W 25,Atq -476,Kane Malone,WO
12-06-2022,W 25,Atq -455,Aditya Walls,WO
12-06-2022,W 25,Atq -458,Jessie Carrillo,WO
12-06-2022,W 25,Atq -437,Dallas Weeks,WO
12-06-2022,W 25,Atq -372,Miley Combs,WO
12-06-2022,W 25,Atq -374,Kaley Fitzpatrick,WO
12-06-2022,W 25,Atq -470,Jovani Pope,WO
12-06-2022,W 25,Atq -350,Alexander Davenport,WO
12-06-2022,W 25,Atq -401,Piper Carroll,WO
12-06-2022,W 25,Atq -459,Leslie Navarro,WO
12-06-2022,W 25,Atq -361,Makai Hardy,WO
12-06-2022,W 25,Atq -371,Kayleigh Kennedy,WO
12-06-2022,W 25,Atq -364,Keaton Nixon,WO
12-06-2022,W 25,Atq -448,Athena Rios,WO
12-06-2022,W 25,Atq -472,Quincy Mendez,WO
12-06-2022,W 25,Atq -411,Samuel Murray,WO
12-06-2022,W 25,Atq -461,Josh Sharp,WO
12-06-2022,W 25,Atq -385,Alyson Huber,WFO
12-06-2022,W 25,Atq -389,Julien Hamilton,WFO
12-06-2022,W 25,Atq -414,Mckayla Miles,WFO
12-06-2022,W 25,Atq -334,Charity Singleton,WFO
12-06-2022,W 25,Atq -452,Jaime Ritter,WFO
12-06-2022,W 25,Atq -362,Kiana Mcmillan,WFO
12-06-2022,W 25,Atq -476,Kane Malone,WFO
12-06-2022,W 25,Atq -455,Aditya Walls,WFO
12-06-2022,W 25,Atq -458,Jessie Carrillo,WFO
12-06-2022,W 25,Atq -437,Dallas Weeks,WFO
12-06-2022,W 25,Atq -371,Kayleigh Kennedy,WFO
12-06-2022,W 25,Atq -364,Keaton Nixon,WFO
12-06-2022,W 25,Atq -472,Quincy Mendez,WFO
12-06-2022,W 25,Atq -411,Samuel Murray,WFO
12-06-2022,W 25,Atq -461,Josh Sharp,WFO
12-06-2022,W 25,Atq -453,Nehemiah Diaz,WFO
13-06-2022,W 25,Atq -376,Dominique Benjamin,WFO
13-06-2022,W 25,Atq -373,Isiah Small,WFO
13-06-2022,W 25,Atq -408,Nick Orozco,WFO
13-06-2022,W 25,Atq -418,Marquis Wyatt,WFO
13-06-2022,W 25,Atq -414,Titus Andersen,WFO
13-06-2022,W 25,Atq -403,Will Mahoney,WFO
13-06-2022,W 25,Atq -367,Briley Orr,WFO
13-06-2022,W 25,Atq -421,Rylee Mullins,WFO
13-06-2022,W 25,Atq -432,Ryann Guerrero,WFO
13-06-2022,W 25,Atq -484,Demarcus Gordon,WFO
13-06-2022,W 25,Atq -467,Esperanza Irwin,WFO
13-06-2022,W 25,Atq -396,Karma Reeves,WFO
13-06-2022,W 25,Atq -472,Cristofer Bernard,WFO
13-06-2022,W 25,Atq -412,Tucker Austin,WFO
13-06-2022,W 25,Atq -484,Adyson Moyer,WFO
13-06-2022,W 25,Atq -385,Jase Ingram,WFO
13-06-2022,W 25,Atq -456,Adriel Pace,WFO
13-06-2022,W 25,Atq -375,Kenley Marsh,WFO
13-06-2022,W 25,Atq -475,London Kim,WFO
13-06-2022,W 25,Atq -405,Chris Frye,WFO
13-06-2022,W 25,Atq -348,Weston Horton,WFO
13-06-2022,W 25,Atq -468,Xiomara Ruiz,WFO
13-06-2022,W 25,Atq -375,Hailee Fitzpatrick,WFO
13-06-2022,W 25,Atq -433,Jayce Fuentes,WFO
13-06-2022,W 25,Atq -370,Ella Roth,WFO
13-06-2022,W 25,Atq -438,Miles Fields,WFO
13-06-2022,W 25,Atq -349,Trystan Ortega,WFO
13-06-2022,W 25,Atq -459,Iris Woodard,WFO
13-06-2022,W 25,Atq -396,Joel Cruz,WFO
13-06-2022,W 25,Atq -419,Faith Hamilton,WFO
13-06-2022,W 25,Atq -446,April Ayers,WFO
13-06-2022,W 25,Atq -334,Boston Morse,WFO
13-06-2022,W 25,Atq -405,Sofia Solis,WFO
13-06-2022,W 25,Atq -450,Miya Hampton,WFO
13-06-2022,W 25,Atq -467,Cason David,WFO
13-06-2022,W 25,Atq -443,Lyric Bartlett,WFO
13-06-2022,W 25,Atq -335,Tori Shannon,WFO
13-06-2022,W 25,Atq -397,Grace Stone,WFO
13-06-2022,W 25,Atq -404,Ana Little,WFO
13-06-2022,W 25,Atq -436,Phoenix Brady,WFO
13-06-2022,W 25,Atq -441,Loki Lal,WFO
13-06-2022,W 25,Atq -366,Peter Pandey,WFO
13-06-2022,W 25,Atq -438,Mekhi Singleton,WFO
13-06-2022,W 25,Atq -411,Nevaeh Waller,WFO
13-06-2022,W 25,Atq -462,Jarvis Singh,WFO
13-06-2022,W 25,Atq -406,Thanos Thakur,WFO
13-06-2022,W 25,Atq -348,Zaiden Wheeler,WFH
13-06-2022,W 25,Atq -374,Kaley Fitzpatrick,WFH
13-06-2022,W 25,Atq -350,Alexander Davenport,WFH
13-06-2022,W 25,Atq -361,Makai Hardy,WFH
13-06-2022,W 25,Atq -448,Athena Rios,WFH
13-06-2022,W 25,Atq -418,Hillary Kirk,WFH
13-06-2022,W 25,Atq -382,Gustavo Ritter,WFH
13-06-2022,W 25,Atq -368,Macie Callahan,WFH
13-06-2022,W 25,Atq -343,Myla Klein,WFH
13-06-2022,W 25,Atq -419,Kaylah Schultz,WFH
13-06-2022,W 25,Atq -398,Bo Cordova,WFH
13-06-2022,W 25,Atq -393,Emma Freeman,SL
13-06-2022,W 25,Atq -475,Rey Novak,SL
13-06-2022,W 25,Atq -440,Mckayla Parker,SL
13-06-2022,W 25,Atq -423,Rodrigo Price,PL
13-06-2022,W 25,Atq -385,Alyson Huber,WFO
13-06-2022,W 25,Atq -389,Julien Hamilton,WFO
13-06-2022,W 25,Atq -414,Mckayla Miles,WFO
13-06-2022,W 25,Atq -334,Charity Singleton,WFO
13-06-2022,W 25,Atq -452,Jaime Ritter,WFO
13-06-2022,W 25,Atq -476,Kane Malone,WFO
13-06-2022,W 25,Atq -455,Aditya Walls,WFO
13-06-2022,W 25,Atq -458,Jessie Carrillo,WFO
13-06-2022,W 25,Atq -437,Dallas Weeks,WFO
13-06-2022,W 25,Atq -371,Kayleigh Kennedy,WFO
13-06-2022,W 25,Atq -364,Keaton Nixon,WFO
13-06-2022,W 25,Atq -448,Athena Rios,WFO
13-06-2022,W 25,Atq -472,Quincy Mendez,WFO
13-06-2022,W 25,Atq -411,Samuel Murray,WFO
13-06-2022,W 25,Atq -461,Josh Sharp,WFO
13-06-2022,W 25,Atq -453,Nehemiah Diaz,WFO
14-06-2022,W 25,Atq -418,Hillary Kirk,WFO
14-06-2022,W 25,Atq -373,Isiah Small,WFO
14-06-2022,W 25,Atq -408,Nick Orozco,WFO
14-06-2022,W 25,Atq -418,Marquis Wyatt,WFO
14-06-2022,W 25,Atq -414,Titus Andersen,WFO
14-06-2022,W 25,Atq -403,Will Mahoney,WFO
14-06-2022,W 25,Atq -393,Emma Freeman,WFO
14-06-2022,W 25,Atq -367,Briley Orr,WFO
14-06-2022,W 25,Atq -432,Ryann Guerrero,WFO
14-06-2022,W 25,Atq -484,Demarcus Gordon,WFO
14-06-2022,W 25,Atq -467,Esperanza Irwin,WFO
14-06-2022,W 25,Atq -396,Karma Reeves,WFO
14-06-2022,W 25,Atq -472,Cristofer Bernard,WFO
14-06-2022,W 25,Atq -412,Tucker Austin,WFO
14-06-2022,W 25,Atq -484,Adyson Moyer,WFO
14-06-2022,W 25,Atq -385,Jase Ingram,WFO
14-06-2022,W 25,Atq -456,Adriel Pace,WFO
14-06-2022,W 25,Atq -375,Kenley Marsh,WFO
14-06-2022,W 25,Atq -475,London Kim,WFO
14-06-2022,W 25,Atq -405,Chris Frye,WFO
14-06-2022,W 25,Atq -348,Weston Horton,WFO
14-06-2022,W 25,Atq -468,Xiomara Ruiz,WFO
14-06-2022,W 25,Atq -475,Rey Novak,WFO
14-06-2022,W 25,Atq -375,Hailee Fitzpatrick,WFO
14-06-2022,W 25,Atq -433,Jayce Fuentes,WFO
14-06-2022,W 25,Atq -370,Ella Roth,WFO
14-06-2022,W 25,Atq -423,Rodrigo Price,WFO
14-06-2022,W 25,Atq -438,Miles Fields,WFO
14-06-2022,W 25,Atq -349,Trystan Ortega,WFO
14-06-2022,W 25,Atq -459,Iris Woodard,WFO
14-06-2022,W 25,Atq -396,Joel Cruz,WFO
14-06-2022,W 25,Atq -419,Faith Hamilton,WFO
14-06-2022,W 25,Atq -446,April Ayers,WFO
14-06-2022,W 25,Atq -334,Boston Morse,WFO
14-06-2022,W 25,Atq -343,Myla Klein,WFO
14-06-2022,W 25,Atq -440,Mckayla Parker,WFO
14-06-2022,W 25,Atq -405,Sofia Solis,WFO
14-06-2022,W 25,Atq -450,Miya Hampton,WFO
14-06-2022,W 25,Atq -467,Cason David,WFO
14-06-2022,W 25,Atq -443,Lyric Bartlett,WFO
14-06-2022,W 25,Atq -335,Tori Shannon,WFO
14-06-2022,W 25,Atq -397,Grace Stone,WFO
14-06-2022,W 25,Atq -436,Phoenix Brady,WFO
14-06-2022,W 25,Atq -441,Loki Lal,WFO
14-06-2022,W 25,Atq -366,Peter Pandey,WFO
14-06-2022,W 25,Atq -438,Mekhi Singleton,WFO
14-06-2022,W 25,Atq -411,Nevaeh Waller,WFO
14-06-2022,W 25,Atq -462,Jarvis Singh,WFO
14-06-2022,W 25,Atq -406,Thanos Thakur,WFO
14-06-2022,W 25,Atq -348,Zaiden Wheeler,WFH
14-06-2022,W 25,Atq -374,Kaley Fitzpatrick,WFH
14-06-2022,W 25,Atq -350,Alexander Davenport,WFH
14-06-2022,W 25,Atq -361,Makai Hardy,WFH
14-06-2022,W 25,Atq -382,Gustavo Ritter,WFH
14-06-2022,W 25,Atq -368,Macie Callahan,WFH
14-06-2022,W 25,Atq -419,Kaylah Schultz,WFH
14-06-2022,W 25,Atq -398,Bo Cordova,WFH
14-06-2022,W 25,Atq -404,Ana Little,PL
14-06-2022,W 25,Atq -385,Alyson Huber,WFO
14-06-2022,W 25,Atq -389,Julien Hamilton,WFO
14-06-2022,W 25,Atq -414,Mckayla Miles,WFO
14-06-2022,W 25,Atq -334,Charity Singleton,WFO
14-06-2022,W 25,Atq -452,Jaime Ritter,WFO
14-06-2022,W 25,Atq -362,Kiana Mcmillan,WFO
14-06-2022,W 25,Atq -455,Aditya Walls,WFO
14-06-2022,W 25,Atq -458,Jessie Carrillo,WFO
14-06-2022,W 25,Atq -437,Dallas Weeks,WFO
14-06-2022,W 25,Atq -371,Kayleigh Kennedy,WFO
14-06-2022,W 25,Atq -364,Keaton Nixon,WFO
14-06-2022,W 25,Atq -448,Athena Rios,WFO
14-06-2022,W 25,Atq -472,Quincy Mendez,WFO
14-06-2022,W 25,Atq -411,Samuel Murray,WFO
14-06-2022,W 25,Atq -461,Josh Sharp,WFO
14-06-2022,W 25,Atq -376,Dominique Benjamin,WFO
15-06-2022,W 25,Atq -373,Isiah Small,WFO
15-06-2022,W 25,Atq -418,Marquis Wyatt,WFO
15-06-2022,W 25,Atq -414,Titus Andersen,WFO
15-06-2022,W 25,Atq -403,Will Mahoney,WFO
15-06-2022,W 25,Atq -393,Emma Freeman,WFO
15-06-2022,W 25,Atq -367,Briley Orr,WFO
15-06-2022,W 25,Atq -421,Rylee Mullins,WFO
15-06-2022,W 25,Atq -484,Demarcus Gordon,WFO
15-06-2022,W 25,Atq -467,Esperanza Irwin,WFO
15-06-2022,W 25,Atq -396,Karma Reeves,WFO
15-06-2022,W 25,Atq -472,Cristofer Bernard,WFO
15-06-2022,W 25,Atq -412,Tucker Austin,WFO
15-06-2022,W 25,Atq -484,Adyson Moyer,WFO
15-06-2022,W 25,Atq -385,Jase Ingram,WFO
15-06-2022,W 25,Atq -456,Adriel Pace,WFO
15-06-2022,W 25,Atq -375,Kenley Marsh,WFO
15-06-2022,W 25,Atq -475,London Kim,WFO
15-06-2022,W 25,Atq -405,Chris Frye,WFO
15-06-2022,W 25,Atq -348,Weston Horton,WFO
15-06-2022,W 25,Atq -468,Xiomara Ruiz,WFO
15-06-2022,W 25,Atq -475,Rey Novak,WFO
15-06-2022,W 25,Atq -375,Hailee Fitzpatrick,WFO
15-06-2022,W 25,Atq -433,Jayce Fuentes,WFO
15-06-2022,W 25,Atq -370,Ella Roth,WFO
15-06-2022,W 25,Atq -423,Rodrigo Price,WFO
15-06-2022,W 25,Atq -438,Miles Fields,WFO
15-06-2022,W 25,Atq -459,Iris Woodard,WFO
15-06-2022,W 25,Atq -396,Joel Cruz,WFO
15-06-2022,W 25,Atq -419,Faith Hamilton,WFO
15-06-2022,W 25,Atq -446,April Ayers,WFO
15-06-2022,W 25,Atq -334,Boston Morse,WFO
15-06-2022,W 25,Atq -343,Myla Klein,WFO
15-06-2022,W 25,Atq -440,Mckayla Parker,WFO
15-06-2022,W 25,Atq -405,Sofia Solis,WFO
15-06-2022,W 25,Atq -450,Miya Hampton,WFO
15-06-2022,W 25,Atq -467,Cason David,WFO
15-06-2022,W 25,Atq -443,Lyric Bartlett,WFO
15-06-2022,W 25,Atq -335,Tori Shannon,WFO
15-06-2022,W 25,Atq -397,Grace Stone,WFO
15-06-2022,W 25,Atq -436,Phoenix Brady,WFO
15-06-2022,W 25,Atq -441,Loki Lal,WFO
15-06-2022,W 25,Atq -366,Peter Pandey,WFO
15-06-2022,W 25,Atq -438,Mekhi Singleton,WFO
15-06-2022,W 25,Atq -411,Nevaeh Waller,WFO
15-06-2022,W 25,Atq -462,Jarvis Singh,WFO
15-06-2022,W 25,Atq -406,Thanos Thakur,WFO
15-06-2022,W 25,Atq -348,Zaiden Wheeler,WFH
15-06-2022,W 25,Atq -476,Kane Malone,WFH
15-06-2022,W 25,Atq -374,Kaley Fitzpatrick,WFH
15-06-2022,W 25,Atq -350,Alexander Davenport,WFH
15-06-2022,W 25,Atq -361,Makai Hardy,WFH
15-06-2022,W 25,Atq -382,Gustavo Ritter,WFH
15-06-2022,W 25,Atq -368,Macie Callahan,WFH
15-06-2022,W 25,Atq -419,Kaylah Schultz,WFH
15-06-2022,W 25,Atq -398,Bo Cordova,WFH
15-06-2022,W 25,Atq -453,Nehemiah Diaz,PL
15-06-2022,W 25,Atq -385,Alyson Huber,WFO
15-06-2022,W 25,Atq -389,Julien Hamilton,WFO
15-06-2022,W 25,Atq -414,Mckayla Miles,WFO
15-06-2022,W 25,Atq -334,Charity Singleton,WFO
15-06-2022,W 25,Atq -452,Jaime Ritter,WFO
15-06-2022,W 25,Atq -362,Kiana Mcmillan,WFO
15-06-2022,W 25,Atq -476,Kane Malone,WFO
15-06-2022,W 25,Atq -455,Aditya Walls,WFO
15-06-2022,W 25,Atq -458,Jessie Carrillo,WFO
15-06-2022,W 25,Atq -437,Dallas Weeks,WFO
15-06-2022,W 25,Atq -364,Keaton Nixon,WFO
15-06-2022,W 25,Atq -448,Athena Rios,WFO
15-06-2022,W 25,Atq -472,Quincy Mendez,WFO
15-06-2022,W 25,Atq -411,Samuel Murray,WFO
15-06-2022,W 25,Atq -461,Josh Sharp,WFO
15-06-2022,W 25,Atq -453,Nehemiah Diaz,WFO
15-06-2022,W 25,Atq -376,Dominique Benjamin,WFO
16-06-2022,W 25,Atq -418,Hillary Kirk,WFO
16-06-2022,W 25,Atq -373,Isiah Small,WFO
16-06-2022,W 25,Atq -418,Marquis Wyatt,WFO
16-06-2022,W 25,Atq -414,Titus Andersen,WFO
16-06-2022,W 25,Atq -403,Will Mahoney,WFO
16-06-2022,W 25,Atq -367,Briley Orr,WFO
16-06-2022,W 25,Atq -421,Rylee Mullins,WFO
16-06-2022,W 25,Atq -432,Ryann Guerrero,WFO
16-06-2022,W 25,Atq -484,Demarcus Gordon,WFO
16-06-2022,W 25,Atq -467,Esperanza Irwin,WFO
16-06-2022,W 25,Atq -396,Karma Reeves,WFO
16-06-2022,W 25,Atq -472,Cristofer Bernard,WFO
16-06-2022,W 25,Atq -412,Tucker Austin,WFO
16-06-2022,W 25,Atq -484,Adyson Moyer,WFO
16-06-2022,W 25,Atq -385,Jase Ingram,WFO
16-06-2022,W 25,Atq -456,Adriel Pace,WFO
16-06-2022,W 25,Atq -375,Kenley Marsh,WFO
16-06-2022,W 25,Atq -475,London Kim,WFO
16-06-2022,W 25,Atq -348,Weston Horton,WFO
16-06-2022,W 25,Atq -468,Xiomara Ruiz,WFO
16-06-2022,W 25,Atq -475,Rey Novak,WFO
16-06-2022,W 25,Atq -375,Hailee Fitzpatrick,WFO
16-06-2022,W 25,Atq -433,Jayce Fuentes,WFO
16-06-2022,W 25,Atq -370,Ella Roth,WFO
16-06-2022,W 25,Atq -423,Rodrigo Price,WFO
16-06-2022,W 25,Atq -438,Miles Fields,WFO
16-06-2022,W 25,Atq -459,Iris Woodard,WFO
16-06-2022,W 25,Atq -396,Joel Cruz,WFO
16-06-2022,W 25,Atq -446,April Ayers,WFO
16-06-2022,W 25,Atq -334,Boston Morse,WFO
16-06-2022,W 25,Atq -343,Myla Klein,WFO
16-06-2022,W 25,Atq -440,Mckayla Parker,WFO
16-06-2022,W 25,Atq -405,Sofia Solis,WFO
16-06-2022,W 25,Atq -450,Miya Hampton,WFO
16-06-2022,W 25,Atq -443,Lyric Bartlett,WFO
16-06-2022,W 25,Atq -335,Tori Shannon,WFO
16-06-2022,W 25,Atq -397,Grace Stone,WFO
16-06-2022,W 25,Atq -436,Phoenix Brady,WFO
16-06-2022,W 25,Atq -441,Loki Lal,WFO
16-06-2022,W 25,Atq -366,Peter Pandey,WFO
16-06-2022,W 25,Atq -438,Mekhi Singleton,WFO
16-06-2022,W 25,Atq -411,Nevaeh Waller,WFO
16-06-2022,W 25,Atq -462,Jarvis Singh,WFO
16-06-2022,W 25,Atq -406,Thanos Thakur,WFO
16-06-2022,W 25,Atq -348,Zaiden Wheeler,WFH
16-06-2022,W 25,Atq -374,Kaley Fitzpatrick,WFH
16-06-2022,W 25,Atq -350,Alexander Davenport,WFH
16-06-2022,W 25,Atq -459,Leslie Navarro,WFH
16-06-2022,W 25,Atq -361,Makai Hardy,WFH
16-06-2022,W 25,Atq -382,Gustavo Ritter,WFH
16-06-2022,W 25,Atq -405,Chris Frye,WFH
16-06-2022,W 25,Atq -368,Macie Callahan,WFH
16-06-2022,W 25,Atq -419,Kaylah Schultz,WFH
16-06-2022,W 25,Atq -398,Bo Cordova,WFH
16-06-2022,W 25,Atq -419,Faith Hamilton,ML
16-06-2022,W 25,Atq -467,Cason David,SL
16-06-2022,W 25,Atq -404,Ana Little,PL
16-06-2022,W 25,Atq -385,Alyson Huber,WFO
16-06-2022,W 25,Atq -389,Julien Hamilton,WFO
16-06-2022,W 25,Atq -414,Mckayla Miles,WFO
16-06-2022,W 25,Atq -334,Charity Singleton,WFO
16-06-2022,W 25,Atq -452,Jaime Ritter,WFO
16-06-2022,W 25,Atq -362,Kiana Mcmillan,WFO
16-06-2022,W 25,Atq -476,Kane Malone,WFO
16-06-2022,W 25,Atq -455,Aditya Walls,WFO
16-06-2022,W 25,Atq -458,Jessie Carrillo,WFO
16-06-2022,W 25,Atq -437,Dallas Weeks,WFO
16-06-2022,W 25,Atq -371,Kayleigh Kennedy,WFO
16-06-2022,W 25,Atq -364,Keaton Nixon,WFO
16-06-2022,W 25,Atq -448,Athena Rios,WFO
16-06-2022,W 25,Atq -411,Samuel Murray,WFO
16-06-2022,W 25,Atq -461,Josh Sharp,WFO
16-06-2022,W 25,Atq -453,Nehemiah Diaz,WFO
16-06-2022,W 25,Atq -376,Dominique Benjamin,WFO
17-06-2022,W 25,Atq -373,Isiah Small,WFO
17-06-2022,W 25,Atq -418,Marquis Wyatt,WFO
17-06-2022,W 25,Atq -414,Titus Andersen,WFO
17-06-2022,W 25,Atq -403,Will Mahoney,WFO
17-06-2022,W 25,Atq -367,Briley Orr,WFO
17-06-2022,W 25,Atq -421,Rylee Mullins,WFO
17-06-2022,W 25,Atq -432,Ryann Guerrero,WFO
17-06-2022,W 25,Atq -484,Demarcus Gordon,WFO
17-06-2022,W 25,Atq -467,Esperanza Irwin,WFO
17-06-2022,W 25,Atq -396,Karma Reeves,WFO
17-06-2022,W 25,Atq -472,Cristofer Bernard,WFO
17-06-2022,W 25,Atq -412,Tucker Austin,WFO
17-06-2022,W 25,Atq -484,Adyson Moyer,WFO
17-06-2022,W 25,Atq -385,Jase Ingram,WFO
17-06-2022,W 25,Atq -456,Adriel Pace,WFO
17-06-2022,W 25,Atq -375,Kenley Marsh,WFO
17-06-2022,W 25,Atq -475,London Kim,WFO
17-06-2022,W 25,Atq -348,Weston Horton,WFO
17-06-2022,W 25,Atq -468,Xiomara Ruiz,WFO
17-06-2022,W 25,Atq -475,Rey Novak,WFO
17-06-2022,W 25,Atq -375,Hailee Fitzpatrick,WFO
17-06-2022,W 25,Atq -433,Jayce Fuentes,WFO
17-06-2022,W 25,Atq -370,Ella Roth,WFO
17-06-2022,W 25,Atq -438,Miles Fields,WFO
17-06-2022,W 25,Atq -459,Iris Woodard,WFO
17-06-2022,W 25,Atq -396,Joel Cruz,WFO
17-06-2022,W 25,Atq -419,Faith Hamilton,WFO
17-06-2022,W 25,Atq -446,April Ayers,WFO
17-06-2022,W 25,Atq -334,Boston Morse,WFO
17-06-2022,W 25,Atq -343,Myla Klein,WFO
17-06-2022,W 25,Atq -440,Mckayla Parker,WFO
17-06-2022,W 25,Atq -450,Miya Hampton,WFO
17-06-2022,W 25,Atq -467,Cason David,WFO
17-06-2022,W 25,Atq -443,Lyric Bartlett,WFO
17-06-2022,W 25,Atq -397,Grace Stone,WFO
17-06-2022,W 25,Atq -436,Phoenix Brady,WFO
17-06-2022,W 25,Atq -441,Loki Lal,WFO
17-06-2022,W 25,Atq -366,Peter Pandey,WFO
17-06-2022,W 25,Atq -438,Mekhi Singleton,WFO
17-06-2022,W 25,Atq -411,Nevaeh Waller,WFO
17-06-2022,W 25,Atq -462,Jarvis Singh,WFO
17-06-2022,W 25,Atq -406,Thanos Thakur,WFO
17-06-2022,W 25,Atq -374,Kaley Fitzpatrick,WFH
17-06-2022,W 25,Atq -350,Alexander Davenport,WFH
17-06-2022,W 25,Atq -459,Leslie Navarro,WFH
17-06-2022,W 25,Atq -361,Makai Hardy,WFH
17-06-2022,W 25,Atq -418,Hillary Kirk,WFH
17-06-2022,W 25,Atq -382,Gustavo Ritter,WFH
17-06-2022,W 25,Atq -408,Nick Orozco,WFH
17-06-2022,W 25,Atq -405,Chris Frye,WFH
17-06-2022,W 25,Atq -368,Macie Callahan,WFH
17-06-2022,W 25,Atq -419,Kaylah Schultz,WFH
17-06-2022,W 25,Atq -398,Bo Cordova,WFH
17-06-2022,W 25,Atq -393,Emma Freeman,SL
17-06-2022,W 25,Atq -423,Rodrigo Price,SL
17-06-2022,W 25,Atq -335,Tori Shannon,PL
17-06-2022,W 25,Atq -348,Zaiden Wheeler,WO
17-06-2022,W 25,Atq -385,Alyson Huber,WO
17-06-2022,W 25,Atq -389,Julien Hamilton,WO
17-06-2022,W 25,Atq -414,Mckayla Miles,WO
17-06-2022,W 25,Atq -334,Charity Singleton,WO
17-06-2022,W 25,Atq -452,Jaime Ritter,WO
17-06-2022,W 25,Atq -362,Kiana Mcmillan,WO
17-06-2022,W 25,Atq -476,Kane Malone,WO
17-06-2022,W 25,Atq -455,Aditya Walls,WO
17-06-2022,W 25,Atq -458,Jessie Carrillo,WO
17-06-2022,W 25,Atq -437,Dallas Weeks,WO
17-06-2022,W 25,Atq -372,Miley Combs,WO
17-06-2022,W 25,Atq -374,Kaley Fitzpatrick,WO
17-06-2022,W 25,Atq -470,Jovani Pope,WO
17-06-2022,W 25,Atq -350,Alexander Davenport,WO
17-06-2022,W 25,Atq -401,Piper Carroll,WO
17-06-2022,W 25,Atq -459,Leslie Navarro,WO
18-06-2022,W 25,Atq -361,Makai Hardy,WO
18-06-2022,W 25,Atq -371,Kayleigh Kennedy,WO
18-06-2022,W 25,Atq -364,Keaton Nixon,WO
18-06-2022,W 25,Atq -448,Athena Rios,WO
18-06-2022,W 25,Atq -472,Quincy Mendez,WO
18-06-2022,W 25,Atq -411,Samuel Murray,WO
18-06-2022,W 25,Atq -461,Josh Sharp,WO
18-06-2022,W 25,Atq -453,Nehemiah Diaz,WO
18-06-2022,W 25,Atq -376,Dominique Benjamin,WO
18-06-2022,W 25,Atq -418,Hillary Kirk,WO
18-06-2022,W 25,Atq -373,Isiah Small,WO
18-06-2022,W 25,Atq -382,Gustavo Ritter,WO
18-06-2022,W 25,Atq -408,Nick Orozco,WO
18-06-2022,W 25,Atq -418,Marquis Wyatt,WO
18-06-2022,W 25,Atq -414,Titus Andersen,WO
18-06-2022,W 25,Atq -403,Will Mahoney,WO
18-06-2022,W 25,Atq -393,Emma Freeman,WO
18-06-2022,W 25,Atq -367,Briley Orr,WO
18-06-2022,W 25,Atq -452,Ayanna Atkins,WO
18-06-2022,W 25,Atq -421,Rylee Mullins,WO
18-06-2022,W 25,Atq -432,Ryann Guerrero,WO
18-06-2022,W 25,Atq -484,Demarcus Gordon,WO
18-06-2022,W 25,Atq -467,Esperanza Irwin,WO
18-06-2022,W 25,Atq -396,Karma Reeves,WO
18-06-2022,W 25,Atq -472,Cristofer Bernard,WO
18-06-2022,W 25,Atq -412,Tucker Austin,WO
18-06-2022,W 25,Atq -484,Adyson Moyer,WO
18-06-2022,W 25,Atq -385,Jase Ingram,WO
18-06-2022,W 25,Atq -456,Adriel Pace,WO
18-06-2022,W 25,Atq -375,Kenley Marsh,WO
18-06-2022,W 25,Atq -475,London Kim,WO
18-06-2022,W 25,Atq -405,Chris Frye,WO
18-06-2022,W 25,Atq -348,Weston Horton,WO
18-06-2022,W 25,Atq -468,Xiomara Ruiz,WO
18-06-2022,W 25,Atq -368,Macie Callahan,WO
18-06-2022,W 25,Atq -475,Rey Novak,WO
18-06-2022,W 25,Atq -375,Hailee Fitzpatrick,WO
18-06-2022,W 25,Atq -433,Jayce Fuentes,WO
18-06-2022,W 25,Atq -370,Ella Roth,WO
18-06-2022,W 25,Atq -423,Rodrigo Price,WO
18-06-2022,W 25,Atq -438,Miles Fields,WO
18-06-2022,W 25,Atq -349,Trystan Ortega,WO
18-06-2022,W 25,Atq -459,Iris Woodard,WO
18-06-2022,W 25,Atq -396,Joel Cruz,WO
18-06-2022,W 25,Atq -419,Faith Hamilton,WO
18-06-2022,W 25,Atq -446,April Ayers,WO
18-06-2022,W 25,Atq -334,Boston Morse,WO
18-06-2022,W 25,Atq -343,Myla Klein,WO
18-06-2022,W 25,Atq -335,Madelynn Gray,WO
18-06-2022,W 25,Atq -440,Mckayla Parker,WO
18-06-2022,W 25,Atq -405,Sofia Solis,WO
18-06-2022,W 25,Atq -450,Miya Hampton,WO
18-06-2022,W 25,Atq -467,Cason David,WO
18-06-2022,W 25,Atq -419,Kaylah Schultz,WO
18-06-2022,W 25,Atq -443,Lyric Bartlett,WO
18-06-2022,W 25,Atq -335,Tori Shannon,WO
18-06-2022,W 25,Atq -397,Grace Stone,WO
18-06-2022,W 25,Atq -404,Ana Little,WO
18-06-2022,W 25,Atq -436,Phoenix Brady,WO
18-06-2022,W 25,Atq -441,Loki Lal,WO
18-06-2022,W 25,Atq -366,Peter Pandey,WO
18-06-2022,W 25,Atq -438,Mekhi Singleton,WO
18-06-2022,W 25,Atq -398,Bo Cordova,WO
18-06-2022,W 25,Atq -411,Nevaeh Waller,WO
18-06-2022,W 25,Atq -462,Jarvis Singh,WO
18-06-2022,W 25,Atq -406,Thanos Thakur,WO
18-06-2022,W 26,Atq -348,Zaiden Wheeler,WO
18-06-2022,W 26,Atq -385,Alyson Huber,WO
18-06-2022,W 26,Atq -389,Julien Hamilton,WO
18-06-2022,W 26,Atq -414,Mckayla Miles,WO
18-06-2022,W 26,Atq -334,Charity Singleton,WO
18-06-2022,W 26,Atq -452,Jaime Ritter,WO
18-06-2022,W 26,Atq -362,Kiana Mcmillan,WO
18-06-2022,W 26,Atq -476,Kane Malone,WO
18-06-2022,W 26,Atq -455,Aditya Walls,WO
18-06-2022,W 26,Atq -458,Jessie Carrillo,WO
18-06-2022,W 26,Atq -437,Dallas Weeks,WO
18-06-2022,W 26,Atq -372,Miley Combs,WO
18-06-2022,W 26,Atq -374,Kaley Fitzpatrick,WO
18-06-2022,W 26,Atq -470,Jovani Pope,WO
18-06-2022,W 26,Atq -350,Alexander Davenport,WO
18-06-2022,W 26,Atq -401,Piper Carroll,WO
18-06-2022,W 26,Atq -459,Leslie Navarro,WO
19-06-2022,W 26,Atq -361,Makai Hardy,WO
19-06-2022,W 26,Atq -371,Kayleigh Kennedy,WO
19-06-2022,W 26,Atq -364,Keaton Nixon,WO
19-06-2022,W 26,Atq -448,Athena Rios,WO
19-06-2022,W 26,Atq -472,Quincy Mendez,WO
19-06-2022,W 26,Atq -411,Samuel Murray,WO
19-06-2022,W 26,Atq -461,Josh Sharp,WO
19-06-2022,W 26,Atq -453,Nehemiah Diaz,WO
19-06-2022,W 26,Atq -376,Dominique Benjamin,WO
19-06-2022,W 26,Atq -418,Hillary Kirk,WO
19-06-2022,W 26,Atq -373,Isiah Small,WO
19-06-2022,W 26,Atq -382,Gustavo Ritter,WO
19-06-2022,W 26,Atq -408,Nick Orozco,WO
19-06-2022,W 26,Atq -418,Marquis Wyatt,WO
19-06-2022,W 26,Atq -414,Titus Andersen,WO
19-06-2022,W 26,Atq -403,Will Mahoney,WO
19-06-2022,W 26,Atq -393,Emma Freeman,WO
19-06-2022,W 26,Atq -367,Briley Orr,WO
19-06-2022,W 26,Atq -452,Ayanna Atkins,WO
19-06-2022,W 26,Atq -421,Rylee Mullins,WO
19-06-2022,W 26,Atq -432,Ryann Guerrero,WO
19-06-2022,W 26,Atq -484,Demarcus Gordon,WO
19-06-2022,W 26,Atq -467,Esperanza Irwin,WO
19-06-2022,W 26,Atq -396,Karma Reeves,WO
19-06-2022,W 26,Atq -472,Cristofer Bernard,WO
19-06-2022,W 26,Atq -412,Tucker Austin,WO
19-06-2022,W 26,Atq -484,Adyson Moyer,WO
19-06-2022,W 26,Atq -385,Jase Ingram,WO
19-06-2022,W 26,Atq -456,Adriel Pace,WO
19-06-2022,W 26,Atq -375,Kenley Marsh,WO
19-06-2022,W 26,Atq -475,London Kim,WO
19-06-2022,W 26,Atq -405,Chris Frye,WO
19-06-2022,W 26,Atq -348,Weston Horton,WO
19-06-2022,W 26,Atq -468,Xiomara Ruiz,WO
19-06-2022,W 26,Atq -368,Macie Callahan,WO
19-06-2022,W 26,Atq -475,Rey Novak,WO
19-06-2022,W 26,Atq -375,Hailee Fitzpatrick,WO
19-06-2022,W 26,Atq -433,Jayce Fuentes,WO
19-06-2022,W 26,Atq -370,Ella Roth,WO
19-06-2022,W 26,Atq -423,Rodrigo Price,WO
19-06-2022,W 26,Atq -438,Miles Fields,WO
19-06-2022,W 26,Atq -349,Trystan Ortega,WO
19-06-2022,W 26,Atq -459,Iris Woodard,WO
19-06-2022,W 26,Atq -396,Joel Cruz,WO
19-06-2022,W 26,Atq -419,Faith Hamilton,WO
19-06-2022,W 26,Atq -446,April Ayers,WO
19-06-2022,W 26,Atq -334,Boston Morse,WO
19-06-2022,W 26,Atq -343,Myla Klein,WO
19-06-2022,W 26,Atq -335,Madelynn Gray,WO
19-06-2022,W 26,Atq -440,Mckayla Parker,WO
19-06-2022,W 26,Atq -405,Sofia Solis,WO
19-06-2022,W 26,Atq -450,Miya Hampton,WO
19-06-2022,W 26,Atq -467,Cason David,WO
19-06-2022,W 26,Atq -419,Kaylah Schultz,WO
19-06-2022,W 26,Atq -443,Lyric Bartlett,WO
19-06-2022,W 26,Atq -335,Tori Shannon,WO
19-06-2022,W 26,Atq -397,Grace Stone,WO
19-06-2022,W 26,Atq -404,Ana Little,WO
19-06-2022,W 26,Atq -436,Phoenix Brady,WO
19-06-2022,W 26,Atq -441,Loki Lal,WO
19-06-2022,W 26,Atq -366,Peter Pandey,WO
19-06-2022,W 26,Atq -438,Mekhi Singleton,WO
19-06-2022,W 26,Atq -398,Bo Cordova,WO
19-06-2022,W 26,Atq -411,Nevaeh Waller,WO
19-06-2022,W 26,Atq -462,Jarvis Singh,WO
19-06-2022,W 26,Atq -406,Thanos Thakur,WO
19-06-2022,W 26,Atq -348,Zaiden Wheeler,WFH
19-06-2022,W 26,Atq -374,Kaley Fitzpatrick,WFH
19-06-2022,W 26,Atq -350,Alexander Davenport,WFH
19-06-2022,W 26,Atq -459,Leslie Navarro,WFH
19-06-2022,W 26,Atq -361,Makai Hardy,WFH
19-06-2022,W 26,Atq -382,Gustavo Ritter,WFH
19-06-2022,W 26,Atq -398,Bo Cordova,WFH
19-06-2022,W 26,Atq -396,Joel Cruz,PL
19-06-2022,W 26,Atq -370,Ella Roth,PL
20-06-2022,W 26,Atq -350,Alexander Davenport,WFH
20-06-2022,W 26,Atq -459,Leslie Navarro,WFH
20-06-2022,W 26,Atq -361,Makai Hardy,WFH
20-06-2022,W 26,Atq -382,Gustavo Ritter,WFH
20-06-2022,W 26,Atq -398,Bo Cordova,WFH
20-06-2022,W 26,Atq -396,Joel Cruz,PL
20-06-2022,W 26,Atq -348,Zaiden Wheeler,WFH
20-06-2022,W 26,Atq -374,Kaley Fitzpatrick,WFH
21-06-2022,W 26,Atq -350,Alexander Davenport,WFH
21-06-2022,W 26,Atq -459,Leslie Navarro,WFH
21-06-2022,W 26,Atq -361,Makai Hardy,WFH
21-06-2022,W 26,Atq -382,Gustavo Ritter,WFH
21-06-2022,W 26,Atq -405,Chris Frye,WFH
21-06-2022,W 26,Atq -398,Bo Cordova,WFH
21-06-2022,W 26,Atq -412,Tucker Austin,PL
21-06-2022,W 26,Atq -348,Zaiden Wheeler,WFH
22-06-2022,W 26,Atq -374,Kaley Fitzpatrick,WFH
22-06-2022,W 26,Atq -350,Alexander Davenport,WFH
22-06-2022,W 26,Atq -459,Leslie Navarro,WFH
22-06-2022,W 26,Atq -361,Makai Hardy,WFH
22-06-2022,W 26,Atq -382,Gustavo Ritter,WFH
22-06-2022,W 26,Atq -405,Chris Frye,WFH
22-06-2022,W 26,Atq -398,Bo Cordova,WFH
22-06-2022,W 26,Atq -412,Tucker Austin,PL
23-06-2022,W 26,Atq -348,Zaiden Wheeler,WO
23-06-2022,W 26,Atq -385,Alyson Huber,WO
23-06-2022,W 26,Atq -389,Julien Hamilton,WO
23-06-2022,W 26,Atq -414,Mckayla Miles,WO
23-06-2022,W 26,Atq -334,Charity Singleton,WO
23-06-2022,W 26,Atq -452,Jaime Ritter,WO
23-06-2022,W 26,Atq -362,Kiana Mcmillan,WO
23-06-2022,W 26,Atq -476,Kane Malone,WO
23-06-2022,W 26,Atq -455,Aditya Walls,WO
24-06-2022,W 26,Atq -458,Jessie Carrillo,WO
24-06-2022,W 26,Atq -437,Dallas Weeks,WO
24-06-2022,W 26,Atq -372,Miley Combs,WO
24-06-2022,W 26,Atq -374,Kaley Fitzpatrick,WO
24-06-2022,W 26,Atq -470,Jovani Pope,WO
24-06-2022,W 26,Atq -350,Alexander Davenport,WO
24-06-2022,W 26,Atq -401,Piper Carroll,WO
24-06-2022,W 26,Atq -459,Leslie Navarro,WO
24-06-2022,W 26,Atq -361,Makai Hardy,WO
25-06-2022,W 26,Atq -371,Kayleigh Kennedy,WO
25-06-2022,W 26,Atq -364,Keaton Nixon,WO
25-06-2022,W 26,Atq -448,Athena Rios,WO
25-06-2022,W 26,Atq -472,Quincy Mendez,WO
25-06-2022,W 26,Atq -411,Samuel Murray,WO
25-06-2022,W 26,Atq -461,Josh Sharp,WO
25-06-2022,W 26,Atq -453,Nehemiah Diaz,WO
25-06-2022,W 26,Atq -376,Dominique Benjamin,WO
25-06-2022,W 26,Atq -418,Hillary Kirk,WO
25-06-2022,W 26,Atq -373,Isiah Small,WO
25-06-2022,W 26,Atq -408,Nick Orozco,WO
25-06-2022,W 26,Atq -418,Marquis Wyatt,WO
25-06-2022,W 26,Atq -414,Titus Andersen,WO
25-06-2022,W 26,Atq -403,Will Mahoney,WO
25-06-2022,W 26,Atq -393,Emma Freeman,WO
25-06-2022,W 26,Atq -367,Briley Orr,WO
25-06-2022,W 26,Atq -452,Ayanna Atkins,WO
25-06-2022,W 26,Atq -421,Rylee Mullins,WO
25-06-2022,W 26,Atq -432,Ryann Guerrero,WO
25-06-2022,W 26,Atq -484,Demarcus Gordon,WO
25-06-2022,W 26,Atq -467,Esperanza Irwin,WO
25-06-2022,W 26,Atq -396,Karma Reeves,WO
25-06-2022,W 26,Atq -472,Cristofer Bernard,WO
25-06-2022,W 26,Atq -412,Tucker Austin,WO
25-06-2022,W 26,Atq -484,Adyson Moyer,WO
25-06-2022,W 26,Atq -385,Jase Ingram,WO
25-06-2022,W 26,Atq -456,Adriel Pace,WO
25-06-2022,W 26,Atq -375,Kenley Marsh,WO
25-06-2022,W 26,Atq -475,London Kim,WO
25-06-2022,W 26,Atq -405,Chris Frye,WO
25-06-2022,W 26,Atq -348,Weston Horton,WO
25-06-2022,W 26,Atq -468,Xiomara Ruiz,WO
25-06-2022,W 26,Atq -368,Macie Callahan,WO
25-06-2022,W 26,Atq -475,Rey Novak,WO
25-06-2022,W 26,Atq -375,Hailee Fitzpatrick,WO
25-06-2022,W 26,Atq -433,Jayce Fuentes,WO
25-06-2022,W 26,Atq -370,Ella Roth,WO
25-06-2022,W 26,Atq -423,Rodrigo Price,WO
25-06-2022,W 26,Atq -438,Miles Fields,WO
25-06-2022,W 26,Atq -349,Trystan Ortega,WO
25-06-2022,W 26,Atq -459,Iris Woodard,WO
25-06-2022,W 26,Atq -396,Joel Cruz,WO
25-06-2022,W 26,Atq -419,Faith Hamilton,WO
25-06-2022,W 26,Atq -446,April Ayers,WO
25-06-2022,W 26,Atq -334,Boston Morse,WO
25-06-2022,W 26,Atq -343,Myla Klein,WO
25-06-2022,W 26,Atq -335,Madelynn Gray,WO
25-06-2022,W 26,Atq -440,Mckayla Parker,WO
25-06-2022,W 26,Atq -405,Sofia Solis,WO
25-06-2022,W 26,Atq -450,Miya Hampton,WO
25-06-2022,W 26,Atq -467,Cason David,WO
25-06-2022,W 26,Atq -419,Kaylah Schultz,WO
25-06-2022,W 26,Atq -443,Lyric Bartlett,WO
25-06-2022,W 26,Atq -335,Tori Shannon,WO
25-06-2022,W 26,Atq -397,Grace Stone,WO
25-06-2022,W 26,Atq -404,Ana Little,WO
25-06-2022,W 26,Atq -436,Phoenix Brady,WO
25-06-2022,W 26,Atq -441,Loki Lal,WO
25-06-2022,W 26,Atq -366,Peter Pandey,WO
25-06-2022,W 26,Atq -438,Mekhi Singleton,WO
25-06-2022,W 26,Atq -398,Bo Cordova,WO
25-06-2022,W 26,Atq -411,Nevaeh Waller,WO
25-06-2022,W 26,Atq -462,Jarvis Singh,WO
25-06-2022,W 26,Atq -406,Thanos Thakur,WO
25-06-2022,W 27,Atq -348,Zaiden Wheeler,WO
25-06-2022,W 27,Atq -385,Alyson Huber,WO
25-06-2022,W 27,Atq -389,Julien Hamilton,WO
25-06-2022,W 27,Atq -414,Mckayla Miles,WO
25-06-2022,W 27,Atq -334,Charity Singleton,WO
25-06-2022,W 27,Atq -452,Jaime Ritter,WO
25-06-2022,W 27,Atq -362,Kiana Mcmillan,WO
25-06-2022,W 27,Atq -476,Kane Malone,WO
25-06-2022,W 27,Atq -455,Aditya Walls,WO
25-06-2022,W 27,Atq -458,Jessie Carrillo,WO
25-06-2022,W 27,Atq -437,Dallas Weeks,WO
25-06-2022,W 27,Atq -372,Miley Combs,WO
25-06-2022,W 27,Atq -374,Kaley Fitzpatrick,WO
25-06-2022,W 27,Atq -470,Jovani Pope,WO
25-06-2022,W 27,Atq -350,Alexander Davenport,WO
25-06-2022,W 27,Atq -401,Piper Carroll,WO
25-06-2022,W 27,Atq -459,Leslie Navarro,WO
25-06-2022,W 27,Atq -361,Makai Hardy,WO
26-06-2022,W 27,Atq -371,Kayleigh Kennedy,WO
26-06-2022,W 27,Atq -364,Keaton Nixon,WO
26-06-2022,W 27,Atq -448,Athena Rios,WO
26-06-2022,W 27,Atq -472,Quincy Mendez,WO
26-06-2022,W 27,Atq -411,Samuel Murray,WO
26-06-2022,W 27,Atq -461,Josh Sharp,WO
26-06-2022,W 27,Atq -453,Nehemiah Diaz,WO
26-06-2022,W 27,Atq -376,Dominique Benjamin,WO
26-06-2022,W 27,Atq -418,Hillary Kirk,WO
26-06-2022,W 27,Atq -373,Isiah Small,WO
26-06-2022,W 27,Atq -408,Nick Orozco,WO
26-06-2022,W 27,Atq -418,Marquis Wyatt,WO
26-06-2022,W 27,Atq -414,Titus Andersen,WO
26-06-2022,W 27,Atq -403,Will Mahoney,WO
26-06-2022,W 27,Atq -393,Emma Freeman,WO
26-06-2022,W 27,Atq -367,Briley Orr,WO
26-06-2022,W 27,Atq -452,Ayanna Atkins,WO
26-06-2022,W 27,Atq -421,Rylee Mullins,WO
26-06-2022,W 27,Atq -432,Ryann Guerrero,WO
26-06-2022,W 27,Atq -484,Demarcus Gordon,WO
26-06-2022,W 27,Atq -467,Esperanza Irwin,WO
26-06-2022,W 27,Atq -396,Karma Reeves,WO
26-06-2022,W 27,Atq -472,Cristofer Bernard,WO
26-06-2022,W 27,Atq -412,Tucker Austin,WO
26-06-2022,W 27,Atq -484,Adyson Moyer,WO
26-06-2022,W 27,Atq -385,Jase Ingram,WO
26-06-2022,W 27,Atq -456,Adriel Pace,WO
26-06-2022,W 27,Atq -375,Kenley Marsh,WO
26-06-2022,W 27,Atq -475,London Kim,WO
26-06-2022,W 27,Atq -405,Chris Frye,WO
26-06-2022,W 27,Atq -348,Weston Horton,WO
26-06-2022,W 27,Atq -468,Xiomara Ruiz,WO
26-06-2022,W 27,Atq -368,Macie Callahan,WO
26-06-2022,W 27,Atq -475,Rey Novak,WO
26-06-2022,W 27,Atq -375,Hailee Fitzpatrick,WO
26-06-2022,W 27,Atq -433,Jayce Fuentes,WO
26-06-2022,W 27,Atq -370,Ella Roth,WO
26-06-2022,W 27,Atq -423,Rodrigo Price,WO
26-06-2022,W 27,Atq -438,Miles Fields,WO
26-06-2022,W 27,Atq -349,Trystan Ortega,WO
26-06-2022,W 27,Atq -459,Iris Woodard,WO
26-06-2022,W 27,Atq -396,Joel Cruz,WO
26-06-2022,W 27,Atq -419,Faith Hamilton,WO
26-06-2022,W 27,Atq -446,April Ayers,WO
26-06-2022,W 27,Atq -334,Boston Morse,WO
26-06-2022,W 27,Atq -343,Myla Klein,WO
26-06-2022,W 27,Atq -335,Madelynn Gray,WO
26-06-2022,W 27,Atq -440,Mckayla Parker,WO
26-06-2022,W 27,Atq -405,Sofia Solis,WO
26-06-2022,W 27,Atq -450,Miya Hampton,WO
26-06-2022,W 27,Atq -467,Cason David,WO
26-06-2022,W 27,Atq -419,Kaylah Schultz,WO
26-06-2022,W 27,Atq -443,Lyric Bartlett,WO
26-06-2022,W 27,Atq -335,Tori Shannon,WO
26-06-2022,W 27,Atq -397,Grace Stone,WO
26-06-2022,W 27,Atq -404,Ana Little,WO
26-06-2022,W 27,Atq -436,Phoenix Brady,WO
26-06-2022,W 27,Atq -441,Loki Lal,WO
26-06-2022,W 27,Atq -366,Peter Pandey,WO
26-06-2022,W 27,Atq -438,Mekhi Singleton,WO
26-06-2022,W 27,Atq -398,Bo Cordova,WO
26-06-2022,W 27,Atq -411,Nevaeh Waller,WO
26-06-2022,W 27,Atq -462,Jarvis Singh,WO
26-06-2022,W 27,Atq -406,Thanos Thakur,WO
26-06-2022,W 27,Atq -348,Zaiden Wheeler,WFH
26-06-2022,W 27,Atq -350,Alexander Davenport,WFH
26-06-2022,W 27,Atq -459,Leslie Navarro,WFH
26-06-2022,W 27,Atq -398,Bo Cordova,WFH
26-06-2022,W 27,Atq -412,Tucker Austin,PL
26-06-2022,W 27,Atq -440,Mckayla Parker,PL
26-06-2022,W 27,Atq -405,Chris Frye,WFH
26-06-2022,W 14,Atq -443,Andrew Cummings,WFO
27-06-2022,W 14,Atq -459,Iris Woodard,WFO
27-06-2022,W 14,Atq -430,Maximus Mckenzie,WO
27-06-2022,W 14,Atq -375,Hailee Fitzpatrick,WO
27-06-2022,W 15,Atq -459,Iris Woodard,WO
27-06-2022,W 15,Atq -450,Miya Hampton,WFO
27-06-2022,W 16,Atq -396,Joel Cruz,WFH
28-06-2022,W 17,Atq -376,Dominique Benjamin,WFO
28-06-2022,W 17,Atq -398,Salvatore Hendrix,WO
28-06-2022,W 18,Atq -438,Miles Fields,WFO
28-06-2022,W 19,Atq -335,Madelynn Gray,WFH
29-06-2022,W 19,Atq -389,Julien Hamilton,WO
29-06-2022,W 20,Atq -438,Miles Fields,WFO
29-06-2022,W 20,Atq -411,Samuel Murray,WO
29-06-2022,W 21,Atq -432,Ryann Guerrero,PL
30-06-2022,W 24,Atq -335,Tori Shannon,WFO
30-06-2022,W 25,Atq -437,Dallas Weeks,WFO
30-06-2022,W 26,Atq -373,Isiah Small,WO
30-06-2022,W 27,Atq -350,Alexander Davenport,WFH
30-06-2022,W 27,Atq -405,Chris Frye,WFH
